Die	111551
Der	59934
Das	52525
Sie	28031
Jahr	20154
Euro	19065
Ein	18552
Prozent	17853
Und	17104
Jahren	16853
Menschen	16848
Auch	16653
Uhr	14932
Wir	14436
Mit	14185
Nach	13717
Ich	13233
Für	12605
Polizei	12466
Bei	12294
Eine	11647
Jahre	11528
Deutschland	11269
Wie	10885
Doch	10808
Ende	10601
Zeit	10532
Stadt	9006
Aber	8951
Auf	8475
Millionen	8359
Was	7887
Unternehmen	7475
Mann	7319
Als	7046
Diese	6964
Kinder	6736
Wenn	6717
Ukraine	6644
Wer	6556
Denn	6123
Freitag	6004
Sonntag	5996
Platz	5943
Frau	5931
Land	5855
Tag	5826
Samstag	5808
Spiel	5667
Dabei	5662
Berlin	5620
Leben	5563
Woche	5488
Angaben	5352
Welt	5323
Teil	5052
Fall	5047
Mittwoch	5028
Mal	4971
Vor	4970
Team	4947
Donnerstag	4893
Seit	4807
Dienstag	4782
Montag	4747
Straße	4731
Weg	4731
Wochen	4724
Geld	4551
Thema	4434
Frauen	4360
Man	4329
Saison	4317
Einsatz	4316
Ort	4310
Von	4249
Laut	4235
Oktober	4172
Den	4107
Damit	4078
Frage	4074
Arbeit	4056
September	4050
Juni	4047
Nun	4036
Ziel	3961
Richtung	3939
Zum	3930
Beispiel	3915
Trainer	3909
Mai	3906
März	3904
Anfang	3825
Blick	3808
Russland	3803
Minuten	3786
Zukunft	3757
Dass	3754
Bayern	3744
Familie	3712
Personen	3696
Zudem	3694
Dezember	3635
Auto	3614
Bereich	3602
Deutschen	3573
Tage	3563
November	3560
Jetzt	3552
Jahres	3531
Grund	3515
Sommer	3509
Beim	3501
Nacht	3498
Feuerwehr	3495
Milliarden	3490
Januar	3470
Fans	3459
Juli	3455
Regierung	3448
April	3412
Hier	3373
Februar	3340
Stunden	3317
München	3315
August	3289
Tagen	3264
Region	3199
Während	3165
Aus	3160
Monaten	3159
Haus	3136
Dann	3125
Österreich	3092
Rolle	3069
Geschichte	3043
Präsident	3020
Meter	3019
Seite	3013
Wochenende	3007
Unterstützung	3006
Dort	3002
Dies	2968
Bis	2953
Wasser	2952
Außerdem	2939
Beginn	2910
Europa	2884
Mannschaft	2859
Viele	2854
Entscheidung	2852
Zahl	2849
Männer	2843
Höhe	2809
Dazu	2805
Spieler	2794
Kunden	2789
Kosten	2786
Bürgermeister	2751
Mitte	2749
Folge	2748
Gemeinde	2740
Problem	2731
Israel	2703
Sieg	2691
Lage	2690
Nur	2686
Rahmen	2670
Art	2669
Nicht	2667
Gäste	2666
Eltern	2651
Thomas	2646
Situation	2645
Über	2609
Neben	2608
Politik	2602
Entwicklung	2598
Mitarbeiter	2596
Gruppe	2557
Vergleich	2544
Wien	2521
Dieser	2513
Allerdings	2512
Verein	2507
Ihr	2502
Unter	2478
Probleme	2462
Durch	2461
Bild	2451
Erfolg	2450
Informationen	2449
China	2446
Projekt	2445
Krieg	2439
Punkte	2434
Deutsche	2414
Michael	2408
Ihre	2406
Unfall	2398
Kritik	2365
Verfügung	2364
Berliner	2354
Fragen	2350
Hilfe	2341
Daten	2340
Grünen	2334
Partei	2316
Abend	2315
Zwei	2269
Programm	2243
Angebot	2242
Schon	2240
Möglichkeit	2235
Noch	2232
Start	2220
Bad	2214
Besucher	2197
Krankenhaus	2193
Monate	2192
Schritt	2177
Täter	2162
Mutter	2153
Erst	2129
Namen	2129
Grad	2111
Kindern	2110
Medien	2108
Markt	2102
Alle	2099
Insgesamt	2092
Sicherheit	2088
Hand	2069
Christian	2068
Ergebnis	2068
Gebäude	2068
Opfer	2054
Frankfurt	2023
The	2020
Wahl	2017
Bundesregierung	2013
Fahrer	1999
Dafür	1994
Dieses	1993
Kilometer	1975
Maßnahmen	1972
Preis	1965
Chance	1963
Union	1952
Weil	1948
Länder	1947
Titel	1946
Bereits	1939
Kind	1928
Leute	1926
Gericht	1925
Scholz	1924
Seine	1923
Schule	1913
Sicht	1913
Autos	1912
Druck	1912
Musik	1909
Tor	1896
Raum	1895
Peter	1888
Folgen	1880
Bevölkerung	1875
Landkreis	1865
Martin	1856
Wert	1855
Deshalb	1847
Zahlen	1847
Kreis	1846
Person	1844
Ländern	1842
Mitglieder	1836
Gegen	1834
Film	1833
Nähe	1833
Wirtschaft	1833
Alter	1832
Dollar	1830
Gesellschaft	1821
Gespräch	1815
Landes	1811
Ermittlungen	1795
Bank	1792
Sein	1792
Preise	1789
Hamas	1788
Partie	1785
Hause	1784
Zeitung	1782
Bühne	1779
Hamburg	1779
Sprecher	1777
Ball	1773
Warum	1768
Schweiz	1764
Zusammenarbeit	1753
Studie	1751
Hälfte	1750
Wohnung	1745
Monat	1743
Bahn	1720
Kampf	1712
Bürger	1711
Form	1706
Interview	1698
Tod	1695
Fahrzeug	1694
Video	1689
Schüler	1681
Stelle	1680
Vater	1675
Teams	1671
Gefahr	1670
Mehr	1668
Experten	1666
Putin	1664
Grüne	1662
Zeiten	1658
Kopf	1657
Wiener	1648
Führung	1647
Generation	1638
Spiele	1637
Energie	1633
Publikum	1631
New	1623
Andreas	1617
Minute	1614
Bericht	1612
Bilder	1611
Nachdem	1608
Behörden	1604
Angriff	1599
Boden	1599
Rennen	1590
Besuch	1588
Beamten	1585
Herbst	1584
Schweizer	1569
Einen	1552
Tiere	1547
Leistung	1540
Zur	1537
Dem	1534
Zeitpunkt	1534
Gewalt	1529
Betrieb	1526
Stunde	1523
Tochter	1522
Serie	1520
Winter	1520
Lösung	1512
Schulen	1508
Familien	1503
Leipzig	1503
Vergangenheit	1491
Glück	1486
Liga	1481
Wetter	1479
Sohn	1478
Rund	1477
Inflation	1475
Bund	1474
Stück	1472
Vorjahr	1468
Köln	1467
Trotz	1462
Themen	1460
Temperaturen	1458
Dortmund	1451
Welche	1451
Moment	1449
Heute	1445
Essen	1444
Polizisten	1444
Runde	1436
Wegen	1434
Frankreich	1432
Besonders	1431
Brand	1431
Straßen	1431
Beide	1428
Dinge	1423
Idee	1423
Ist	1421
Markus	1416
Feuer	1413
Verkehr	1409
Aktion	1402
Arbeiten	1401
Interesse	1398
Nachfrage	1396
Veranstaltung	1396
Buch	1395
Hintergrund	1391
Rede	1385
Kirche	1383
Fahrzeuge	1378
Kontrolle	1378
Punkt	1374
Hinweise	1367
Mädchen	1364
Spielen	1363
Stefan	1358
Prozess	1355
Stand	1353
Aufgabe	1351
Liebe	1348
Fehler	1338
Salzburg	1338
Abschluss	1333
Amt	1333
Patienten	1330
Suche	1328
Ergebnisse	1327
Jugendliche	1327
Reihe	1327
Dennoch	1326
Seiten	1324
Kurz	1321
Kraft	1318
Chancen	1315
Pause	1315
Verletzungen	1313
Oder	1312
Innenstadt	1311
Luft	1311
Zeugen	1309
Weise	1308
Deutschlands	1307
Stuttgart	1307
Auswirkungen	1306
Sport	1306
Vertrag	1306
Möglichkeiten	1303
Produkte	1301
Gegner	1294
Zusammenhang	1294
Schutz	1293
League	1288
Strom	1288
Angst	1287
Darüber	1287
Kollegen	1286
Alexander	1285
Fokus	1284
Fällen	1284
Tat	1282
Robert	1276
Einsatzkräfte	1275
Soldaten	1271
Stimmen	1270
Schaden	1269
Firma	1267
Hauptstadt	1266
Türkei	1266
Partner	1264
Autofahrer	1260
Stimmung	1258
Drei	1255
Treffen	1255
Bezirk	1254
Mehrheit	1253
Verfahren	1252
Mitteilung	1247
Twitter	1239
Bedeutung	1234
Sache	1234
Daniel	1232
Menge	1232
Immer	1231
Staaten	1224
Pläne	1223
Gesetz	1222
Jugendlichen	1222
Punkten	1219
Daher	1218
Paris	1217
Streit	1216
Hannover	1214
Auftritt	1211
Franken	1211
Zwar	1211
Einige	1207
Trump	1203
Strecke	1202
Westen	1202
Wohnungen	1198
Spaß	1197
System	1195
Augen	1194
Ihnen	1192
Band	1189
Schluss	1189
Urteil	1186
Karriere	1185
Stellen	1184
Bau	1179
Müller	1175
Apple	1172
Gemeinden	1170
Hoffnung	1166
Leiter	1165
Geschäftsführer	1164
Internet	1156
Staat	1156
Zuschauer	1153
Weitere	1152
Chef	1150
Recht	1150
Gerade	1145
Danach	1144
Meinung	1142
Plan	1136
Antwort	1135
Projekte	1134
Wort	1127
Verantwortung	1117
Ausbildung	1114
Linie	1114
Italien	1110
Metern	1110
Teilnehmer	1110
Anteil	1109
Produktion	1108
Regel	1108
Kommunen	1103
Münchner	1100
Aktuell	1098
Mensch	1097
Nutzer	1096
Reise	1095
Wechsel	1095
Ausstellung	1088
Natürlich	1086
Erfahrung	1083
Wagen	1083
Natur	1082
York	1082
Zug	1081
Biden	1080
Quartal	1078
Süden	1078
Gesicht	1077
Pandemie	1077
Ziele	1077
Freude	1074
Sekunden	1074
Vorfall	1074
Grenze	1073
Tore	1073
Düsseldorf	1071
Amazon	1069
Demnach	1065
Armee	1064
Bundesliga	1064
Borussia	1063
Parteien	1063
Details	1062
Fotos	1062
Treffer	1061
Präsidenten	1060
Job	1059
Gespräche	1058
Antrag	1055
Grenzen	1055
Kontakt	1054
Anschluss	1045
Olaf	1045
Verbindung	1045
Zuletzt	1040
Standort	1038
Anfrage	1035
Drittel	1035
Staffel	1034
Debatte	1033
Hersteller	1033
Position	1033
Geschäft	1029
Netz	1026
Finale	1025
Bewohner	1024
Zentrum	1023
Nummer	1022
Licht	1020
Osten	1020
Max	1019
Teile	1019
Foto	1018
Politiker	1018
Frühjahr	1017
Öffentlichkeit	1012
Google	1011
Polen	1008
Aufgrund	1005
Kunst	1005
Zuge	1005
Aufgaben	1003
Heimat	1003
Russlands	1001
Mittel	1000
Freunde	999
Beitrag	997
Flughafen	997
Zugang	995
David	994
Sebastian	992
Hessen	991
Sachen	990
Qualität	989
Rathaus	989
Spitze	989
Hamburger	988
Universität	988
Ausbau	985
Gründen	983
Gefühl	981
Norden	978
Moskau	977
Niederlage	977
Gesundheit	976
Alltag	975
Verhandlungen	975
Künstler	973
Zuvor	973
Gazastreifen	972
Gelände	972
Körper	972
Post	972
Regen	972
App	971
Parlament	971
Kiew	970
Vom	970
Bundeskanzler	969
Morgen	966
Dank	965
Zeichen	963
Personal	962
Gebiet	958
Investitionen	958
Pro	956
Verwaltung	955
Intelligenz	953
Gleichzeitig	952
Alles	946
Gemeinderat	946
Also	944
Fälle	943
Organisation	943
Unternehmens	943
Fahrt	941
Nachmittag	941
Update	941
Fußball	938
Gast	937
Risiko	937
Regionen	933
Waffen	932
Bundestag	931
Umgang	931
Ausland	930
Eintracht	928
Vorsitzende	928
Obwohl	926
Vertreter	923
Umfrage	922
Konzept	921
Gründe	920
Initiative	920
Wald	920
Erde	919
Fahrbahn	918
Artikel	917
Nachrichten	916
Training	916
Leistungen	915
Liste	912
Sitzung	910
Trotzdem	908
Bereichen	907
Tonnen	907
Engagement	905
Niveau	904
Nutzung	903
Richter	902
Vorwürfe	902
Gruppen	901
Derzeit	900
Sorgen	900
Sprecherin	900
Umsetzung	900
Klimaschutz	899
Pkw	898
Plus	897
Anspruch	896
Vielleicht	896
Sonne	895
Rückkehr	894
Fuß	893
Unsere	891
Bedingungen	890
Demokratie	890
Klasse	889
Show	887
Ohne	886
Wunsch	886
Auftrag	885
Bremen	884
Weihnachten	884
Bäume	883
Lösungen	883
Firmen	881
Marke	881
Nachricht	881
Schließlich	881
Gas	880
Rang	880
Ideen	879
Worte	879
Plattform	878
Teilen	878
Tür	877
Motto	876
Jeder	875
Kurs	874
Autobahn	873
Szene	873
Jahrzehnten	872
Veranstaltungen	872
Ursache	870
Florian	869
Aussagen	868
Selbst	866
Regeln	864
Einer	863
Selenskyj	863
Wege	863
Frankfurter	862
Schauspieler	862
Zeitraum	862
Herr	860
Dadurch	859
Harry	858
Dresden	856
Macht	856
Neue	853
Koalition	852
Beziehung	850
Urlaub	850
City	846
Anstieg	845
Einfluss	844
Kultur	844
Mitglied	844
König	842
Keine	841
Angebote	838
Erfahrungen	838
Star	838
Christoph	837
Versorgung	836
Frank	833
Wolfgang	833
Halle	832
Geburtstag	831
Schäden	829
Freund	828
Konzert	828
See	828
Werk	826
Herausforderung	825
London	824
Europäischen	823
Fast	822
Mehrere	820
Sprache	820
Entscheidungen	819
Laufe	818
Kauf	817
Version	817
Infrastruktur	814
Häuser	813
Nachfolger	813
Damals	812
Tour	812
Club	811
Tisch	811
Ganz	810
Garten	810
Hat	810
Dienst	809
Hund	809
Förderung	807
Worten	807
Eigentlich	806
Videos	806
Zustand	806
Freitagabend	803
Vertrauen	803
Städte	802
Modell	801
Bahnhof	800
Instagram	799
Krise	799
Microsoft	799
Paar	799
Basis	798
Kein	798
Vorstand	797
Karl	795
Oliver	795
Städten	795
Beschäftigten	794
Dach	792
Wann	792
Handel	791
Schalke	789
Kiel	788
Technik	788
Halbzeit	787
Aktien	786
Anzahl	784
Feld	784
Pressekonferenz	784
Auswahl	782
Nein	781
Bisher	780
Bildung	776
Herz	776
Industrie	776
Gedanken	775
Leitung	775
Meer	775
Reaktion	775
Verkauf	775
Habeck	774
Tempo	774
Bewegung	773
Tages	773
Arbeitgeber	772
Sollte	772
Stimme	772
Konzern	771
Branche	770
Sachsen	770
Baum	768
Kanzler	768
Johannes	767
Museum	767
Schülerinnen	766
Zinsen	766
Sorge	765
Aussage	763
Duell	763
Spanien	763
Gastgeber	761
Vorhaben	761
Bochum	760
Fest	759
Konkurrenz	759
Tier	759
Angriffe	758
Schnitt	757
Ampel	756
Behandlung	756
Diskussion	755
Maria	755
Auftakt	753
Sanierung	753
Trend	753
Vorfeld	753
Franz	751
Aktie	750
Ruhe	747
Ermittler	745
Paul	745
Hotel	744
Gewerkschaft	743
Kapitän	743
Zweifel	743
Anwohner	741
Frieden	739
Stadion	737
Verhalten	734
Großbritannien	733
Klimawandel	731
Vereine	730
Lebensmittel	729
Matthias	729
Karten	728
Umgebung	728
Name	727
Umsatz	727
Gelegenheit	726
Werte	726
Meister	725
Gold	723
Untersuchung	723
Fischer	722
Grundlage	722
Mein	722
Coach	720
Fenster	720
Tatsächlich	720
Wachstum	720
Zunächst	719
Eindruck	717
Klinik	716
Kandidaten	714
Musiker	710
Premiere	710
Mittlerweile	709
Austausch	708
Israels	708
Anlass	707
Bedarf	707
Landtag	707
Test	706
Finanzierung	705
Gut	705
Lindner	705
Vorbereitung	704
Erklärung	703
Vorteil	702
Marco	700
Sinne	700
Karte	698
Umwelt	697
Vorschlag	695
Beziehungen	693
Immerhin	693
Anschließend	692
Etwa	692
Haushalt	692
Unser	691
Wettbewerb	691
Schnee	690
Wird	689
Herzen	688
Stattdessen	687
Million	685
Wind	685
Geräte	684
Männern	684
Stiftung	684
Banken	682
Gewinn	682
Plätze	682
Teilnahme	682
Versuch	682
Auge	681
Augsburg	681
Bruder	681
Samstagabend	681
Vier	681
Niedersachsen	680
Potenzial	680
Washington	680
Brandenburg	679
Eröffnung	679
Allein	678
Wladimir	676
Anlage	675
Ecke	675
Einrichtung	675
Satz	675
Zwischen	675
Festival	674
Jan	674
Corona	673
Wolf	673
Charles	672
Forderungen	672
Schloss	672
Theater	672
Aktionen	671
Forscher	671
Insel	671
Phase	671
Alternative	670
Joe	670
Praxis	670
Schweden	670
Wagner	670
Julian	669
Stadtteil	669
Aktivisten	668
Bord	668
Pflanzen	668
Änderungen	667
Betroffenen	666
Gerät	666
Iran	665
Behörde	664
Himmel	664
Quadratmeter	664
Rückgang	664
Verbraucher	664
Fläche	663
Summe	662
Umfeld	662
Abstand	661
Planung	661
Investoren	660
Kamera	660
Großteil	659
Kader	658
Brücke	657
Bus	656
Inzwischen	655
Jungen	654
Klub	654
Salzburger	653
Park	652
Gemeinsam	651
Minister	650
Philipp	650
Viertel	650
Angreifer	649
Einschätzung	649
Linke	649
Verdacht	649
Söder	648
Aufmerksamkeit	647
Bezug	647
Veränderungen	646
Angesichts	645
Junge	645
Europas	644
Bundeswehr	643
Nachbarn	642
Bilanz	641
Flucht	641
Jugend	641
Lebens	641
Red	641
Kommunikation	640
Japan	639
Anbieter	638
Stadtrat	638
Ärzte	637
Termin	636
Andere	635
Größe	634
Jürgen	634
Klaus	634
Einführung	633
Gegensatz	631
Wirkung	631
Champions	630
Neubau	630
Thüringen	630
Tuchel	630
Anklage	629
Flüchtlinge	629
Konsequenzen	629
Merz	629
Restaurant	629
Tausende	629
Abstimmung	628
Tipps	628
Erste	627
Los	626
Mittwochabend	626
Rest	626
Wissen	626
Einrichtungen	625
Freiheit	625
Truppen	625
Unbekannte	625
Veranstalter	625
Dorf	624
Erwartungen	623
Kevin	623
Mainz	623
Anders	622
Dienstagabend	622
Inhalte	622
Keller	622
Stürmer	622
Funktion	621
Vorstellung	620
Handy	619
Manche	619
Reform	619
Verlauf	618
Tickets	617
Opposition	615
Statt	615
Verband	615
Vorgehen	615
Wähler	615
Cent	614
Kooperation	613
Sachschaden	613
Büro	612
Josef	612
Landesregierung	612
Werner	612
Landgericht	611
Roman	611
Rücken	611
Ansicht	610
Botschaft	610
Filme	610
Unterschied	610
Erhöhung	609
Hertha	609
Beamte	608
Journalisten	607
Schuss	606
Sinn	606
Forderung	605
Österreichs	605
Heimspiel	604
Flammen	603
Software	602
Autor	601
Haft	601
Jahrhundert	601
Mittelpunkt	601
Vereins	601
Betriebe	600
Hans	600
Meine	600
Sturm	599
Verständnis	599
Ministerium	598
Aktivitäten	596
Einwohner	596
Geschichten	596
Modelle	596
Nürnberg	596
Redaktion	596
Gästen	595
Felix	594
Freiburg	593
Militär	593
Patrick	593
Anleger	592
Option	591
Aufstieg	590
Wolfsburg	590
Kölner	589
Mercedes	589
Sender	589
Brüssel	587
Liter	587
Strategie	587
Bislang	586
Tradition	586
Antworten	585
Darin	585
Song	583
Verhältnis	583
Ausgleich	582
Erinnerung	581
Freundin	581
Open	581
Verkehrsunfall	581
Einschränkungen	580
Formel	580
Montagabend	579
Papier	579
Anna	577
Atmosphäre	577
Donnerstagabend	575
Küche	574
Material	574
Schmidt	574
Tirol	574
Konflikt	573
Messer	573
Forschung	572
Anhänger	571
Berufung	571
Genau	571
Parkplatz	571
Roten	571
Sanktionen	571
Schauspielerin	571
Spuren	570
Stars	570
Zustimmung	570
Realität	569
Sendung	569
Widerstand	569
Tim	568
Viel	566
Analyse	565
Fahrzeugen	565
Freunden	565
Gefängnis	565
Ihren	565
Ungarn	565
Verteidiger	564
Duisburg	563
Eis	563
Ordnung	563
Prinz	563
Davon	562
Mitarbeitern	562
Spur	562
Sängerin	562
Zürich	562
Problemen	561
Haltung	560
Traum	560
Neues	559
Einigung	558
Musk	556
Pflege	556
Friedrich	555
Werke	555
All	554
Ausgaben	554
Baerbock	554
Rat	553
Risiken	553
Technologie	553
Angeklagte	552
Prigoschin	552
Radfahrer	552
Vorteile	552
Besitzer	550
Ebenfalls	550
Gegenteil	550
Lieferung	550
Tobias	550
Vorsitzender	550
Vorsprung	550
Geschäfte	549
Kräfte	549
Schritte	549
Austria	548
Bayer	547
Verlust	547
Anlagen	546
Fernsehen	546
Wichtig	546
Erdogan	545
Faeser	544
Partien	544
Spenden	544
Hitze	543
Republik	543
Beteiligten	542
Kategorie	542
Lust	542
Simon	542
Züge	542
Farbe	541
Sind	541
Bürgerinnen	540
Jänner	540
Krieges	540
Geschwindigkeit	539
Sonntagabend	539
Klima	538
Lukas	538
Tatort	538
Organisationen	537
Höhepunkt	536
Alkohol	535
Haushalte	535
Sitz	535
Turnier	535
Australien	534
Benjamin	534
Digitalisierung	534
Flächen	533
Smartphone	533
Spieltag	533
Ankündigung	532
Freien	532
Herbert	532
Hinzu	532
Rückstand	532
Verlängerung	532
Energien	531
Karlsruhe	531
Lehrer	531
Arzt	530
Hauses	530
Landwirtschaft	530
Spielzeit	530
Beruf	529
Hinweis	529
Hektar	527
Kombination	527
Rechte	527
Verbot	527
Zentimeter	527
Eintritt	526
Feuerwehren	526
Gerhard	526
John	526
Schreiben	526
Hände	525
Linz	525
Zusätzlich	525
Text	524
Brief	523
Nationen	523
Studien	522
Sänger	522
Boris	520
Ebenso	520
Sowohl	520
Wahlen	520
Eigentümer	519
Darauf	518
Kreuz	518
Manuel	518
Baustelle	517
Begriff	517
Farben	517
Funktionen	517
Lübeck	517
Fahrrad	516
Ihrer	516
Telefon	516
Betreiber	515
Kommission	515
Türen	515
Aufnahme	514
Fünf	514
Vorwurf	514
Zuschauern	514
Betroffene	513
Jungs	513
Leverkusen	513
Migration	513
Vereinigten	513
Überblick	513
Abschied	512
Angeklagten	512
Juden	512
Lkw	512
Netflix	512
Streitkräfte	512
Überraschung	512
Maßnahme	510
Beteiligung	509
Deswegen	509
Europäische	509
Lange	509
Migranten	509
Songs	509
Ausgabe	507
Befragten	507
Insbesondere	507
Nachwuchs	507
Protest	507
Toten	507
Erfolge	506
Helfer	506
Mannes	506
Syrien	506
Weiter	506
Nachhaltigkeit	505
Mario	504
Werder	504
Wunder	504
Jahrzehnte	503
Orten	503
Beschäftigte	502
Touristen	502
Klar	501
Meisterschaft	501
Neuer	501
Zuhause	501
Graz	500
Group	500
Jens	500
Nagelsmann	500
Erwachsene	499
Indien	499
Leipziger	499
Bonn	498
Ebene	498
Gang	497
Holz	497
Julia	497
Prüfung	497
Änderung	497
Verletzung	496
Einnahmen	495
Gemeinschaft	495
Hunderte	495
Unternehmer	495
Bereiche	493
Großen	493
Hof	493
Donald	492
Hauptbahnhof	492
Integration	492
Mannschaften	492
Sky	492
Russen	491
Klage	490
Beschluss	489
Interessen	489
Kilometern	489
Website	489
Weltmeister	489
Bundespolizei	488
Bücher	488
Anzeige	487
Experte	487
Kaffee	487
Schwester	487
Zugleich	487
Deutsch	486
Georg	486
Produkt	486
Bauarbeiten	485
Halbjahr	485
Hunde	485
Krankheit	485
Lauf	485
Prognose	485
Variante	484
Verdi	484
Bier	482
Börse	482
Offensive	482
Stadtverwaltung	482
Runden	481
Trennung	480
Strafe	479
Wahrheit	478
Aussicht	477
England	477
Lesen	477
Spielern	477
Walter	477
Entwickler	476
Gute	476
Seitdem	476
Front	475
Gesprächen	475
Umbau	475
Belarus	474
Berg	474
Diesen	474
Ganze	474
Rente	474
Geiseln	473
Sieger	473
Chinas	472
Gaza	472
Leidenschaft	472
Profis	472
Typ	472
Entwurf	471
Fähigkeiten	471
Schwierigkeiten	471
Story	471
Außenminister	470
Kann	470
Bundesländern	469
Kleidung	469
Begegnung	468
Letzte	468
Raketen	467
Rettung	467
Design	466
Regisseur	466
Rhein	466
Vielfalt	466
Institut	465
Kilogramm	465
Räume	465
Gibt	464
Verstappen	464
Bargeld	463
Braunschweig	463
Entwicklungen	462
Erfurt	462
Kino	462
Angehörigen	461
Messe	461
Rechnung	461
Stellungnahme	461
Taten	461
Voraussetzungen	461
Bern	460
Top	460
Werbung	460
Album	459
Übernahme	459
Linken	458
Respekt	458
Windows	458
Arena	457
Bündnis	457
Diskussionen	457
Große	457
Dauer	456
Gott	456
Mut	456
Stärke	456
Vorgaben	456
Aufbau	454
Marcel	454
Streik	454
Falle	453
Können	453
Ehefrau	452
Kärnten	452
Brasilien	451
Erkenntnissen	451
Kassel	451
Manchester	451
Medienberichten	451
Steuern	451
Einkommen	450
Fraktion	450
Stephan	450
Zweiten	450
Andrea	449
Durchschnitt	449
Facebook	449
Media	449
Münster	449
Bildern	448
Bull	448
Wiesbaden	448
Anforderungen	447
Mieter	447
Pflicht	447
Wasserstoff	447
Fleisch	446
Tom	445
Posten	444
Wissenschaftler	444
Kampagne	443
Nationalspieler	443
Regelung	443
Situationen	443
Straftaten	443
West	443
Erstmals	442
Jubiläum	442
Jury	442
Leider	442
Orte	442
Später	442
War	442
Peking	441
Signal	441
Vielzahl	441
Ärger	441
Anliegen	440
Ausnahme	440
Rettungskräfte	440
Schiedsrichter	440
Drogen	439
Mark	439
Szenen	439
Zumindest	439
Händen	438
World	438
Claudia	437
Real	437
Besucherinnen	436
Positionen	436
Rande	436
Manager	435
Umfragen	435
Wissenschaft	434
Beste	433
Krone	433
Kursziel	433
Lisa	433
Not	433
Zahlreiche	433
Management	432
Schwarz	432
Party	431
Service	431
Verluste	431
Solidarität	430
Wahlkampf	430
Comeback	429
Infos	429
Krankenhäuser	429
Proteste	429
Ukrainer	429
Darmstadt	428
Justiz	428
Ressourcen	428
Rettungsdienst	428
Anwalt	427
Verteidigung	427
Arten	426
Jonas	426
Schneider	426
Vorarlberg	426
Bachmut	425
Ernährung	425
Finanzminister	425
Mitgliedern	425
Verbrechen	425
Burgenland	424
Direktor	424
Generationen	424
Gründung	424
Restaurants	423
Ernst	422
Laden	422
Vorbild	422
Ansatz	421
Basel	421
Einheit	421
Volk	421
Drohnen	420
Letzten	420
Madrid	420
Stuttgarter	420
Unfallstelle	420
Verwendung	420
Event	419
Vorgänger	419
Geburt	418
Innenminister	418
Bundesland	417
Technologien	417
James	416
Gewicht	415
Identität	415
Kanton	415
Lager	415
Lauterbach	415
Pistorius	415
Rauch	415
Schlag	415
Schwerpunkt	415
Aufwand	414
Auszeichnung	414
Bundestrainer	414
Bürgermeisterin	414
Knapp	414
Minus	414
Statistik	414
Schuld	413
Gleich	412
Reaktionen	412
Erdbeben	411
Halbfinale	411
Kai	411
Kanada	411
Oberösterreich	411
Sprung	411
Thüringer	411
Torhüter	411
Aufnahmen	410
Schicksal	410
Tiefe	410
Waren	410
Abgeordneten	409
Alternativen	409
Amtszeit	409
Hafen	409
Manchmal	409
Paderborn	409
Strecken	409
Marc	408
Rote	408
Termine	408
Tesla	408
Vorschläge	408
Ähnlich	408
Pfarrer	407
Antisemitismus	406
Einzug	406
Erkenntnisse	406
Haut	406
Konkret	406
Saal	406
Weber	406
Düsseldorfer	405
Wolodymyr	405
Bayerns	404
Beratung	404
Krisen	404
Nord	404
Schiff	404
Tourismus	404
Untersuchungen	404
Besuchern	403
Bundes	403
Begründung	402
Grundschule	402
Innsbruck	402
Landtagswahl	402
Oft	402
Polizeisprecher	402
Fabian	401
News	401
Panzer	401
Potsdam	401
Stress	401
Tschechien	401
Alten	400
International	400
Konto	400
Reisen	400
Tatsache	400
Dirk	399
Dutzend	399
Einsätze	399
Falls	399
Klein	399
Putins	399
Österreicher	399
Vordergrund	398
Arbeitnehmer	397
Black	397
Partnerschaft	397
Verbesserung	397
Verletzten	397
Zusammenstoß	397
Siegen	396
Strukturen	396
Altstadt	395
Aussendung	395
Fortschritte	395
Jörg	395
Netzwerk	395
Senioren	395
Arbeitsmarkt	394
Haben	394
Solche	394
Aufklärung	393
Figur	393
Ihm	393
Mir	393
Spiels	393
Stil	393
Gebiete	392
Symbolbild	392
Air	391
Barbara	391
Maschinen	391
Mischung	391
Becker	390
Rücktritt	390
Senat	390
Wagenknecht	390
Beweis	389
Ersten	389
Erweiterung	389
Fahrgäste	389
Roland	389
Aufsteiger	388
Darunter	388
Einstufung	388
Katar	387
Reifen	387
Schröder	387
Zimmer	387
Steffen	386
Stellung	386
Temperatur	386
Beine	385
Blut	385
Durchgang	385
Einheiten	385
Gebieten	385
Somit	385
Ticket	385
Betreuung	384
Johann	384
Leuten	384
Regierungschef	384
Rom	384
Stein	384
Tieren	384
Afrika	383
Belastung	383
Demonstration	383
Führerschein	383
Katharina	383
Bernd	382
Besitz	382
Daraufhin	382
Erinnerungen	382
Hochschule	382
Jung	382
Bevor	381
Deal	381
Grundsätzlich	381
Jahresende	381
Konzerte	381
Kreuzung	381
Prime	381
Barcelona	380
Eines	380
Demonstranten	379
Flugzeug	379
Leser	379
Macron	379
Abwehr	378
Einblicke	378
Pass	378
Spiegel	378
Bedenken	377
Gegenüber	377
Moderator	377
Nase	377
Niederlanden	377
Äußerungen	377
Jedes	376
Last	376
Grundstück	375
Podcast	375
Abschnitt	374
Boot	374
Budget	374
Einbruch	374
Figuren	374
Social	374
Zivilisten	374
Angriffskrieg	373
Dominik	373
Ehe	373
Mönchengladbach	373
Palästinenser	373
Ralf	373
Unterschiede	373
Griff	372
Händler	372
Zweck	372
Aachen	371
Energiewende	371
Hotels	371
Inhalt	371
Katastrophe	371
Reichweite	371
Station	371
Distanz	370
Gemüse	370
Helmut	370
Jena	370
Teuerung	370
Waffe	370
Zähler	370
Mission	369
Produkten	369
Angehörige	368
Bürgern	368
Chaos	368
Aiwanger	367
Bedrohung	367
Günther	367
Ihrem	367
Kern	367
Rad	367
Smartphones	367
Sven	367
Zusammen	367
Berlins	366
Bewertung	366
Darstellung	366
Grand	366
Löwen	366
Perspektive	366
United	366
Verpflichtung	366
Willen	366
Games	365
Super	365
Tabelle	365
Zoll	365
Angeles	364
Bundesamt	364
Derby	364
Duo	364
Faktoren	364
Gutachten	364
Haare	364
Richard	364
Analyser	363
Berichte	363
Kaiser	363
Strich	363
Autorin	362
Kliniken	362
Torwart	362
Dänemark	361
Kreml	361
Tests	361
Umständen	361
Weihnachtsmarkt	361
Arm	360
Fachkräfte	360
Gramm	360
San	360
Tiroler	360
Disney	359
Einstellung	359
Ehemann	358
Gerüchte	358
Gewitter	358
Interessierte	358
Ludwig	358
Ring	358
Ruhestand	358
Systeme	358
Veränderung	358
Berichten	357
Diesmal	357
Gefahren	357
Griechenland	357
Medikamente	357
Ruf	357
Sechs	357
Umzug	357
Bitte	356
Dennis	356
Konkurrenten	356
Schülern	356
Truppe	356
Vormittag	356
Bestandteil	355
Egal	355
Ereignisse	355
Immobilien	355
Jede	355
Kritiker	355
Munition	355
Offenbar	355
Papst	355
Verbindungen	355
Betrag	354
Fahrtrichtung	354
Internationalen	354
Momente	354
Einladung	353
Explosion	353
Highlight	353
Ortsteil	353
Rasen	353
Reihen	353
Rekord	353
Streiks	353
Tasche	353
Toren	353
Augsburger	352
Deutscher	352
Dieter	352
Gewinner	352
Leiterin	352
Länge	352
Maschine	352
Schatten	352
Schlagzeilen	352
Spannung	352
Sportler	352
Weltkrieg	352
Amtsgericht	351
Freistaat	351
Standorte	351
Street	351
Vorsicht	351
Gründer	350
Hochzeit	350
Klubs	350
Lars	350
Netzwerken	350
Ausdruck	349
Jahrhunderts	349
Kurzem	349
Reisende	349
Schock	349
Strand	349
Gastronomie	348
Hinter	348
Mengen	348
Preisen	348
Viertelfinale	348
Bundesländer	347
Wand	347
Wohnen	347
Landrat	346
Moritz	346
Angriffen	345
Bernhard	345
Fonds	345
Gegenstände	345
Kane	345
Sturz	345
Agentur	344
Flick	344
Maximilian	344
Nico	344
Niederlagen	344
Studio	344
Tätigkeit	344
Autoren	343
Marken	343
Passagiere	343
Spielerinnen	343
Texte	343
Hinsicht	342
Samsung	342
Unterricht	342
Ausmaß	341
Künstlerin	341
Ulrich	341
Unglück	341
Wolken	341
Anerkennung	340
Lied	340
Republikaner	340
Umfang	340
Belgien	339
Eva	339
Fortuna	339
Frühling	339
Kontrollen	339
Tierheim	339
Voraussetzung	339
Busse	338
Christine	338
Day	338
Leiche	338
Presse	338
Anträge	337
Beschwerden	337
Feier	337
Gebäuden	337
Klassenerhalt	337
Koch	337
Müll	337
Premier	337
Bundesrat	336
Fußgänger	336
Geschmack	336
Gewerkschaften	336
Professor	336
Steiermark	336
Tatverdächtigen	336
Vermögen	336
Wein	336
Manfred	335
Siege	335
Branchen	334
Herren	334
Lenker	334
Neu	334
Norwegen	334
Susanne	334
Bauer	333
Glas	333
Partnern	333
Performance	333
Schlüssel	333
Serien	333
Wandel	333
Aufsehen	332
Baby	332
Etwas	332
Mobilität	332
Rollen	332
Vorstellungen	332
Wieder	332
Zugriff	332
Beiträge	331
Emotionen	331
Kim	331
Nancy	331
Schmid	331
Anton	330
Klimakrise	330
Radio	330
Kindergarten	329
Kämpfe	329
Projekten	329
Steuer	329
Studium	329
Verdächtigen	329
Zehn	329
Bedürfnisse	328
Einmal	328
Elf	328
Früher	328
Ministerin	328
Sportdirektor	328
Standorten	328
Unterhaltung	328
Verletzte	328
Vorlage	328
Detail	327
Fortsetzung	327
Herstellung	327
Schätzungen	327
Abenteuer	326
Begeisterung	326
Darum	326
Erkrankung	326
Jobs	326
Allianz	325
Arbeitsplätze	325
Bett	325
Damen	325
Feuerwehrleute	325
Kommentar	325
Nato	325
Projekts	325
Strafraum	325
Suisse	325
Visier	325
Volker	325
Vorsitzenden	325
Mangel	324
Quellen	324
Stern	324
Ton	324
Webseite	324
Harald	323
Horst	323
Mitarbeitenden	323
Model	323
Passanten	323
Prinzip	323
Release	323
Times	323
Absage	322
Meldung	322
Supermarkt	322
Wünsche	322
Ansonsten	321
Dortmunder	321
Sehr	321
Umso	321
Vereinen	321
Vereinigung	321
Wetterdienst	321
Groß	320
Stabilität	320
Analysten	319
Audi	319
Erhalt	319
Gesetze	319
Schmerzen	319
Akteure	318
Bemühungen	318
Fazit	318
Kita	318
Meyer	318
Stadtwerke	318
Vereinbarung	318
Charakter	317
Elisabeth	317
Gebäudes	317
Gefühle	317
Mitteln	317
Mord	317
Sandra	317
Wobei	317
Zentralbank	317
Abgeordnete	316
Bundesstraße	316
Dokumente	316
Mitternacht	316
Planungen	316
Sarah	316
Teilnehmern	316
Handeln	315
Katzen	315
Notruf	315
Ablauf	314
Institutionen	314
Magdeburg	314
Promille	314
Verdachts	314
Faktor	313
Alex	312
Clubs	312
Mannheim	312
Mittelfeld	312
Prognosen	312
Sex	312
Statement	312
Transformation	312
Auflage	311
Küste	311
Nichts	311
Planeten	311
Pölten	311
Mexiko	310
Mittag	310
Plänen	310
Rostock	310
Taiwan	310
Ersatz	309
Künstliche	309
Lücke	309
Niemand	309
Porsche	309
Sabine	309
Vereinten	309
Blumen	308
Dialog	308
Freiwilligen	308
Oberhausen	308
Silber	308
Tränen	308
Dienste	307
Finnland	307
Ford	307
Kandidat	307
Klagenfurt	307
Linien	307
Präsidentin	307
Rock	307
Status	307
Unwetter	307
Wurzeln	307
Abends	305
Anwendung	305
Botschafter	305
Freundschaft	305
Lokal	305
Prozesse	305
Armut	304
Auskunft	304
Beispiele	304
Fan	304
Festnahme	304
Krankheiten	304
Krebs	304
Otto	304
Bremer	303
Gipfel	303
Kieler	303
Kurve	303
Motorradfahrer	303
Qualifikation	303
Schließung	303
Sobald	303
Vortag	303
Community	302
Erwachsenen	302
Geduld	302
Stadtgebiet	302
Unfälle	302
Elektroautos	301
Entsprechend	301
Fritz	301
Hoffnungen	301
Martina	301
Neuzugang	301
Objekte	301
Verfassung	301
Vision	301
Acht	300
Athleten	300
Dresdner	300
Elon	300
Geheimnis	300
Genehmigung	300
Gewinne	300
Hagen	300
Aufregung	299
Heizung	299
Jahreszeit	299
Kameras	299
Premierminister	299
Stock	299
Studenten	299
Wiese	299
Will	299
Anwendungen	298
Bereitschaft	298
Defensive	298
Getränke	298
Hinblick	298
Hubschrauber	298
Kollege	298
Match	298
Neuen	298
Schiffe	298
Ausstattung	297
Center	297
Eingang	297
Gegend	297
Insassen	297
Kleinen	297
Kundinnen	297
Leon	297
Rand	297
Sekunde	297
Ursula	297
Versprechen	297
Ausschuss	296
Balkon	296
Gegenzug	296
Herkunft	296
Invasion	296
Katze	296
Konferenz	296
Phänomen	296
Stationen	296
Trier	296
Ufer	296
Villa	296
Applaus	295
Fachleute	295
Grunde	295
Humor	295
Landschaft	295
Moderatorin	295
Notwendigkeit	295
Schulden	295
Tote	295
Abkommen	294
Gehalt	294
Information	294
Mama	294
Materialien	294
Netanjahu	294
Außenministerin	293
Entlastung	293
Geflüchtete	293
Hubert	293
Kilo	293
Klassen	293
Klassiker	293
Organisatoren	293
Schuldenbremse	293
Verträge	293
Areal	292
Ausrüstung	292
Kaum	292
Kugel	292
Laura	292
Polizist	292
Präsentation	292
Rettungswagen	292
Vielmehr	292
Bauern	291
Credit	291
Erkrankungen	291
Island	291
Kontakte	291
One	291
Sieben	291
Tabellenführer	291
Wenige	291
Zerstörung	291
Abteilung	290
Alarm	290
Allgemeinen	290
Auflösung	290
Christopher	290
Effekt	290
Freiwillige	290
Geschäftsjahr	290
Mike	290
Rainer	290
Spitzenreiter	290
Warnung	290
Wende	290
Wohl	290
Abstieg	289
Bach	289
Wärme	289
Auswertung	288
Bestehen	288
Formen	288
Franziska	288
Haftbefehl	288
Linzer	288
Sperrung	288
Unterlagen	288
Attacke	287
Montagmorgen	287
Olympischen	287
Standards	287
Transparenz	287
Wohnhaus	287
Wohnraum	287
Annalena	286
Bundesrepublik	286
Gegenstand	286
Geschehen	286
Motiv	286
Plätzen	286
Tel	286
Unterbringung	286
Ursprünglich	286
Verbesserungen	286
Analyst	285
Auftritte	285
Berner	285
Computer	285
Finger	285
Joachim	285
Zoo	285
Ägypten	285
Fluss	284
Geht	284
Kuchen	284
Motor	284
Uwe	284
Akku	283
Freie	283
Huber	283
Käufer	283
Lieder	283
Regierungen	283
Interessenten	282
Nahen	282
Vogel	282
Anschlag	281
Arbeitsplatz	281
Hintergründe	281
Kurse	281
Liverpool	281
Provinz	281
Smart	281
Filmen	280
Hass	280
Lebensmitteln	280
Rezept	280
Verdächtige	280
Betroffen	279
Beute	279
Dagegen	279
Eskalation	279
Fakten	279
Hoeneß	279
Landwirte	279
Motivation	279
Nachspielzeit	279
Polizeiangaben	279
Steinmeier	279
Einblick	278
Alonso	277
Angeboten	277
Erholung	277
Hoffenheim	277
Milliarde	277
Terroristen	277
Vertretern	277
Zeuge	277
Dax	276
Format	276
Internationale	276
Krim	276
Lena	276
Magazin	276
Ortszeit	276
Plattformen	276
Vorbereitungen	276
Anne	275
Fed	275
Flüge	275
Installation	275
Jahreswechsel	275
Motorrad	275
Richtungen	275
Saarbrücken	275
Strafen	275
Arbeiter	274
Bekämpfung	274
Bielefeld	274
Elfmeter	274
Hausherren	274
Neustadt	274
Obmann	274
Paket	274
Parkplätze	274
Quelle	274
Rekordmeister	274
Sonnabend	274
Apps	273
Ausbruch	273
Begleitung	273
Bäumen	273
Dutzende	273
Einsatzkräften	273
Filialen	273
Game	273
Geplant	273
Gremium	273
Handwerk	273
Mieten	273
Saarland	273
Studierende	273
Uni	273
Übung	273
Ausblick	272
Big	272
Durchbruch	272
Ehre	272
Erlebnis	272
Kindheit	272
Knie	272
Kollision	272
Medizin	272
Daran	271
Geschenk	271
Mailand	271
Meta	271
Nutzen	271
Operation	271
Priorität	271
Sogar	271
Sollten	271
Vermieter	271
Vortrag	271
Anfragen	270
Bewerber	270
Ehepaar	270
Favorit	270
Festivals	270
Hermann	270
Kinos	270
Klinikum	270
Marktplatz	270
Pfosten	270
Steam	270
Trailer	270
User	270
Burg	269
Häusern	269
Kapitel	269
Kenntnis	269
Kundgebung	269
Lastwagen	269
Lediglich	269
Opfern	269
Optionen	269
Robin	269
Varianten	269
Vaters	269
Warnstreiks	269
Wissing	269
Wut	269
Methoden	268
Prozentpunkte	268
Vorwürfen	268
Watt	268
Afghanistan	267
Bewusstsein	267
Hinspiel	267
Investor	267
Jäger	267
Kitas	267
Klimawandels	267
Steigerung	267
Stärkung	267
Talent	267
Transport	267
Würde	267
Anmeldung	266
Fraktionen	266
Miete	266
Speicher	266
Telekom	266
Urlauber	266
Ankunft	265
Insolvenz	265
Jahresbeginn	265
Kleine	265
Leyen	265
Mindestens	265
Warnstreik	265
Alte	264
Brust	264
Energiepreise	264
Ensemble	264
Events	264
Flug	264
Kapazitäten	264
Kasse	264
Lang	264
Märkte	264
Prinzessin	264
Reis	264
Telefonnummer	264
Behinderung	263
Berater	263
Bildschirm	263
Daniela	263
Gesetzentwurf	263
Jedoch	263
Profi	263
Rückzug	263
Straßenverkehr	263
Stufe	263
Trikot	263
Wegner	263
Eintreffen	262
Energiekrise	262
Konflikte	262
Lehrkräfte	262
Petra	262
Präsenz	262
Wuppertal	262
Anpassung	261
Geflüchteten	261
Symptome	261
Unterkunft	261
Versammlung	261
Agenda	260
Amerikaner	260
Forum	260
Innovation	260
Quadratmetern	260
Sand	260
Seele	260
Struktur	260
Aspekte	259
Bar	259
Einstieg	259
Heinz	259
Oper	259
Proben	259
Radweg	259
Rentner	259
Rot	259
Süd	259
Anzeichen	258
Königin	258
Piloten	258
Sascha	258
Spital	258
Standard	258
Andererseits	257
Berger	257
Datum	257
Freizeit	257
Hierbei	257
Monats	257
Südkorea	257
Überprüfung	257
Benedikt	256
Cannabis	256
Diebstahl	256
Drama	256
Gegenoffensive	256
Hochwasser	256
Meghan	256
Regelungen	256
Stau	256
Superstar	256
Zuerst	256
Alpen	255
Asien	255
Frankreichs	255
Franzosen	255
Fund	255
Loch	255
Sparkasse	255
Wenig	255
Werden	255
Bestand	254
Betrieben	254
Carsten	254
Empfang	254
Englisch	254
Generell	254
Innerhalb	254
Kategorien	254
Kommentare	254
Rassismus	254
Weniger	254
Ausnahmen	253
Brandenburger	253
Chris	253
Filiale	253
Kriterien	253
Landratsamt	253
Sammlung	253
Silvester	253
Startelf	253
Tankstelle	253
Tatverdächtige	253
Trauer	253
Vorfälle	253
Zufall	253
Angelegenheit	252
Global	252
Karlsruher	252
Kindes	252
Mauer	252
Methode	252
Monika	252
Mund	252
Niklas	252
Regionalliga	252
Schumacher	252
Sommerferien	252
Sonntagmorgen	252
Symbol	252
Geldstrafe	251
Intel	251
Kommt	251
Kontext	251
Missbrauch	251
Ostsee	251
Tunnel	251
Unmut	251
William	251
Bundespräsident	250
Future	250
Gelder	250
Gerichte	250
Hamilton	250
Hilfen	250
Italiener	250
Mond	250
Revolution	250
Stücke	250
Südwesten	250
Vögel	250
Wirklichkeit	250
Achtelfinale	249
Besetzung	249
Cheftrainer	249
Debatten	249
Demonstrationen	249
Enttäuschung	249
Ergebnissen	249
Glauben	249
Hürden	249
Kabinett	249
Klarheit	249
Kärntner	249
Laufzeit	249
Maß	249
Paare	249
Portal	249
Sony	249
Terzic	249
Zucker	249
Babler	248
Ben	248
Jones	248
Oberfläche	248
Patientinnen	248
Gegenwart	247
Insekten	247
Kämpfer	247
Niederlande	247
Pauli	247
Regie	247
Richterin	247
Sonst	247
Axel	246
Green	246
Lucas	246
Lützerath	246
Mail	246
Siemens	246
Tagesordnung	246
Einem	245
Fahrten	245
Grün	245
Heinrich	245
Unbekannten	245
Debüt	244
Eier	244
Energiekosten	244
Kompromiss	244
Nahverkehr	244
Nehammer	244
Weiß	244
Welle	244
Zürcher	244
Arme	243
Blatt	243
Chor	243
Display	243
Einsätzen	243
Fußballer	243
Jakob	243
Nerven	243
Starkregen	243
Dienstagmorgen	242
Ereignis	242
Flugzeuge	242
Hofmann	242
Kabine	242
Laune	242
Luca	242
Mittwochmorgen	242
Norbert	242
Nutzern	242
Transfer	242
Amerika	241
Bayerischen	241
Dietmar	241
Entfernung	241
Konsum	241
Mode	241
Ostern	241
Roth	241
Räumen	241
Staates	241
Testspiel	241
Übersicht	241
Aktionäre	240
Büros	240
Favoriten	240
Geräten	240
Kolleginnen	240
Meldungen	240
Muss	240
Spanier	240
Telegram	240
Aspekt	239
Demokraten	239
Energy	239
Hals	239
Karin	239
Lob	239
Szenario	239
Umstellung	239
Vorfreude	239
Auslöser	238
Befragung	238
Beratungen	238
George	238
Kabel	238
Kennzeichen	238
Kommune	238
Kürze	238
Mordes	238
Portugal	238
Smith	238
Unterstützer	238
Verfolgung	238
Verhandlung	238
Basler	237
Cloud	237
Inhaber	237
Mallorca	237
Mittelmeer	237
Reich	237
Studierenden	237
Timo	237
Zutaten	237
Betrüger	236
Emissionen	236
Flughäfen	236
Giffey	236
Highlights	236
Klimaaktivisten	236
Main	236
Mühe	236
Regensburg	236
Öffnungszeiten	236
Abfahrt	235
Abgang	235
Baden	235
Brüder	235
Dubai	235
Einbrecher	235
Instrument	235
Johanna	235
Kulissen	235
Pariser	235
Schmuck	235
Serbien	235
Spannungen	235
Talente	235
Dame	234
Gebühren	234
Kalifornien	234
Pokal	234
Volkswagen	234
Bettina	233
Diagnose	233
Empfehlung	233
Fassade	233
Finanzen	233
Interviews	233
Kirchen	233
Kriminalpolizei	233
Leid	233
Nachfolge	233
Trends	233
Umstände	233
Virus	233
Apotheken	232
Clemens	232
Dance	232
Militärs	232
Protesten	232
Schlaf	232
Zumal	232
Angestellten	231
Bald	231
Einwohnern	231
Gutes	231
Initiativen	231
Johnson	231
Landeshauptmann	231
Meinungen	231
Menschenrechte	231
Perspektiven	231
Trio	231
Gelsenkirchen	230
Gerechtigkeit	230
Mitarbeiterin	230
Seinen	230
Speisen	230
Südafrika	230
Ursachen	230
Verbreitung	230
Argentinien	229
Autobahnen	229
Besonderes	229
Diskriminierung	229
Entwarnung	229
Feuerwerk	229
Freibad	229
Gestaltung	229
Kulisse	229
Kunde	229
Mütter	229
Pixel	229
Zverev	229
Überfall	229
Ausstieg	228
Dingen	228
Frist	228
Lehre	228
Mithilfe	228
Nintendo	228
Obst	228
Salz	228
Van	228
Williams	228
Ferien	227
Fernseher	227
Galaxy	227
Gesichter	227
Halt	227
Luzern	227
Marie	227
Nation	227
Orchester	227
Spende	227
Verzögerungen	227
Ausweitung	226
Freitagmorgen	226
Frust	226
Hut	226
Keeper	226
Research	226
Stoff	226
Zweiter	226
Begegnungen	225
Level	225
Löhne	225
Notarzt	225
Reporter	225
Saisonstart	225
Schüsse	225
Ausflug	224
Homepage	224
Horn	224
Lebensgefahr	224
Mainzer	224
Menschheit	224
Spätestens	224
Unabhängigkeit	224
Eric	223
Essener	223
Freistoß	223
Geist	223
Pleite	223
Samstagmorgen	223
University	223
Versuche	223
Weimar	223
Wärmepumpen	223
Ära	223
Bahnen	222
Brot	222
Diesel	222
Doskozil	222
Fahrerin	222
Fahrzeugs	222
Feiern	222
Galerie	222
Hammer	222
Hauptstraße	222
Hollywood	222
Kohle	222
Lohn	222
Miteinander	222
Power	222
Spekulationen	222
Stolz	222
Tausend	222
Tendenz	222
Therapie	222
Beschuldigte	221
Einfach	221
Ferrari	221
Gymnasium	221
Handys	221
Schwung	221
Strafverfahren	221
Zeitplan	221
Alexandra	220
Celsius	220
Ding	220
European	220
Ferne	220
Flagge	220
Hansi	220
Meilenstein	220
Objekt	220
Ohren	220
Tal	220
Trumps	220
Vermutlich	220
Vorwoche	220
Baustellen	219
Business	219
Endlich	219
Index	219
Kollegin	219
Komponenten	219
Mitarbeitende	219
Nazis	219
Skandal	219
Korruption	218
Rakete	218
Rose	218
Staus	218
Tipp	218
Wild	218
Auflagen	217
Dessen	217
Films	217
Marketing	217
Nicole	217
Nürnberger	217
Ranking	217
Wölfe	217
Angela	216
Betrug	216
Erster	216
Franziskus	216
Institute	216
Investition	216
Israelis	216
Link	216
National	216
Rudi	216
Workshops	216
Abhängigkeit	215
Aufruf	215
Digital	215
Erkenntnis	215
Flüchtlingen	215
General	215
Papa	215
Stream	215
Vorschriften	215
Architektur	214
Auszeit	214
Decke	214
Fahren	214
Friedhof	214
Insider	214
Krefeld	214
Merkel	214
Rumänien	214
Seither	214
Signa	214
Zweite	214
Anlauf	213
Attacken	213
Bewerbung	213
Bonner	213
Derweil	213
Empfehlungen	213
Gottesdienst	213
Hannes	213
Immobilie	213
Istanbul	213
Original	213
Regime	213
Rezession	213
Selbstvertrauen	213
Absicht	212
Bestätigung	212
Cup	212
Fuchs	212
Hundert	212
Katja	212
Love	212
Metall	212
Milch	212
Neuerungen	212
Sommerpause	212
Teilnehmenden	212
Unbekannter	212
Alfred	211
Asylbewerber	211
Auswärtsspiel	211
Container	211
Dritte	211
Künftig	211
Marcus	211
Programme	211
Queen	211
Route	211
Räumlichkeiten	211
Sports	211
Treffern	211
Treffpunkt	211
Updates	211
Wüst	211
Argument	210
Gehirn	210
Heidenheim	210
Inneren	210
Museen	210
Naturschutz	210
Rückrunde	210
Schäfer	210
Zone	210
Fortschritt	209
Golf	209
Jahrzehnt	209
Kapazität	209
Kräften	209
Miami	209
Nina	209
Schuhe	209
Stärken	209
Trockenheit	209
Wall	209
Zeitungen	209
Abschaffung	208
Ali	208
Anzeigen	208
Behinderungen	208
Beobachter	208
Beschuldigten	208
Dritter	208
Drohne	208
Geschenke	208
Haltestelle	208
Nachbarschaft	208
Reserve	208
Schau	208
Schild	208
Sterne	208
Adler	207
Feiertag	207
Genuss	207
Instituts	207
Kreativität	207
Male	207
Roboter	207
Steine	207
Verbündeten	207
Wars	207
Wälder	207
Zahlungen	207
Ablehnung	206
Ausgang	206
Bein	206
Gladbach	206
Heidi	206
King	206
Krankenhäusern	206
Letztlich	206
Lächeln	206
Schriftsteller	206
Sonnenschein	206
Uns	206
Vorstoß	206
Übrigens	206
Albert	205
Budapest	205
Daneben	205
Elemente	205
Entspannung	205
Iris	205
Louis	205
Lufthansa	205
Tanz	205
Träger	205
Widerspruch	205
Zaun	205
Zusammenhalt	205
Überzeugung	205
Aachener	204
Ausschreitungen	204
Feind	204
Frühstück	204
Hoffmann	204
Italiens	204
Kameraden	204
Krönung	204
Kurt	204
Kündigung	204
Luftwaffe	204
Nationalen	204
Schwaben	204
Services	204
Verhältnisse	204
Wesel	204
Übungen	204
Abstiegskampf	203
Augenhöhe	203
Aviv	203
Box	203
Einstellungen	203
Kolumbien	203
Künstlerinnen	203
Staatschef	203
Wäre	203
Bleibt	202
Carl	202
Deren	202
Fahndung	202
Fähigkeit	202
Gepäck	202
Gouverneur	202
Nachbarland	202
Prix	202
Recep	202
Rätsel	202
Stillstand	202
Tayyip	202
Unfallort	202
Verurteilung	202
Vorjahres	202
Absturz	201
Akzeptanz	201
Amsterdam	201
Appell	201
Christina	201
Florida	201
Katrin	201
Kinderbetreuung	201
Leopard	201
Luis	201
Nordhausen	201
Schlussphase	201
Schützen	201
Streifen	201
Subventionen	201
Taylor	201
Tätern	201
Belastungen	200
Diablo	200
Jahrestag	200
Karneval	200
Lesung	200
Museums	200
Weiße	200
Winterpause	200
Zulassung	200
Übertragung	200
Aktienmarkt	199
Ansprüche	199
Bands	199
Buy	199
Grazer	199
Göttingen	199
Jagd	199
Landstraße	199
Ost	199
Pferd	199
Quote	199
Reformen	199
Schlusslicht	199
Sergej	199
Slowenien	199
Trainingslager	199
Verstöße	199
Wärmepumpe	199
Berechnungen	198
Bergen	198
Böen	198
Chelsea	198
Denken	198
Einsatzes	198
Gabriel	198
Handlung	198
Herrn	198
Lernen	198
Mitgliedschaft	198
Niederländer	198
Weiterhin	198
Batterien	197
Begleiter	197
Besatzung	197
Einzelhandel	197
Konsequenz	197
Niger	197
Papiere	197
Prag	197
Reuters	197
Schuljahr	197
Sound	197
Sprachen	197
Störung	197
Systems	197
Thorsten	197
Unfallaufnahme	197
Anhebung	196
Autofahrerin	196
Bürgergeld	196
Donezk	196
Erhebung	196
Gaming	196
Gebrauch	196
Günter	196
Kroatien	196
Laufen	196
Lewis	196
Notfall	196
Regisseurin	196
Sunak	196
Unentschieden	196
Verteilung	196
Wohlstand	196
Wucht	196
Adresse	195
Akademie	195
Blue	195
Braun	195
Dokumentation	195
Effizienz	195
Fisch	195
Gerichtshof	195
Impfung	195
Offenbach	195
Pascal	195
Spielplatz	195
Übergang	195
Bundesstaat	194
Dreharbeiten	194
Gotha	194
Innovationen	194
Literatur	194
Note	194
Tafel	194
Toni	194
Unsicherheit	194
Yorker	194
Apotheke	193
Aufsichtsrat	193
Aussichten	193
Bruch	193
Ebenen	193
Fakt	193
Kredite	193
Londoner	193
Lücken	193
Nahrung	193
Nvidia	193
Orientierung	193
Polizeibeamte	193
Remis	193
Slowakei	193
Startschuss	193
Ware	193
Wertschätzung	193
Angriffs	192
Anteile	192
Etappe	192
Expertise	192
Geschäften	192
Handlungen	192
Iserlohn	192
Kindergärten	192
Lidl	192
Lüdenscheid	192
Mediziner	192
Resultat	192
Ulrike	192
Vorarlberger	192
Völler	192
Wellen	192
Wiederaufbau	192
Android	191
Anschlussstelle	191
Bewegungen	191
Haftstrafe	191
Holger	191
Journalist	191
Jubel	191
Kälte	191
Letztere	191
Michel	191
Partnerin	191
Plötzlich	191
Rabatt	191
Regierungschefs	191
Ruhrgebiet	191
Schuster	191
Sitze	191
Stellvertreter	191
Unterdessen	191
Verbände	191
Bekannten	190
Beweise	190
Campus	190
Emmanuel	190
Flexibilität	190
Flügel	190
Generalsekretär	190
Heizungsgesetz	190
Holding	190
Monaco	190
Neuseeland	190
Sam	190
Schnell	190
Schwangerschaft	190
Tagesspiegel	190
Teppich	190
Vegas	190
Weißen	190
Ausfall	189
Briefe	189
Erneut	189
Freilassung	189
Füßen	189
Haar	189
Hahn	189
Kandidatur	189
Konzentration	189
Libanon	189
Messi	189
Nordkorea	189
Oldenburg	189
Parallel	189
Räder	189
Räumung	189
Saisonende	189
Scheitern	189
Schulter	189
Sophie	189
Zahlung	189
Zuwanderung	189
Angestellte	188
Berge	188
Brände	188
Heiligabend	188
Kleve	188
Lachen	188
Lukaschenko	188
Marvin	188
Rapid	188
Stefanie	188
Zehntausende	188
Zelt	188
Abbau	187
Asyl	187
Auftritten	187
Aufträge	187
Ausrichtung	187
Belegschaft	187
Beschuss	187
Bill	187
Bruno	187
Brücken	187
Gärten	187
Herrmann	187
Hose	187
Image	187
Kantonspolizei	187
Landesliga	187
Las	187
Lindemann	187
Logo	187
Möglich	187
Sehen	187
Set	187
Stadthalle	187
Trümmern	187
Wolff	187
Zentrale	187
Zunahme	187
Zuwachs	187
Anpfiff	186
Cherson	186
Eck	186
Endspiel	186
Entlassung	186
Fertigstellung	186
Forschenden	186
Garage	186
Inszenierung	186
Kapital	186
Kimmich	186
Masse	186
Normalerweise	186
Reinhard	186
Stopp	186
Turm	186
Wilhelm	186
Anpassungen	185
Aufarbeitung	185
Breite	185
Expertin	185
Inseln	185
Jennifer	185
Jesus	185
Kongress	185
Konzerns	185
Leichen	185
Lübecker	185
Parks	185
Staatsanwalt	185
Wände	185
Überlegungen	185
Anwälte	184
Björn	184
Dynamik	184
Gera	184
Getreide	184
Helden	184
Modernisierung	184
Nationalrat	184
Parlaments	184
Persönlichkeit	184
Till	184
Watch	184
Xbox	184
Affäre	183
Bürokratie	183
Entdeckung	183
Erdgas	183
Graf	183
Heil	183
Inflationsrate	183
Jewgeni	183
Marokko	183
Paraguay	183
Sportplatz	183
Söhne	183
Teamkollegen	183
Teilnehmerinnen	183
Burger	182
Fahrräder	182
Fische	182
Flasche	182
Füllkrug	182
Füße	182
Hochschulen	182
Konzerten	182
Osnabrück	182
Podium	182
Rolf	182
Schönheit	182
Spaziergang	182
Volumen	182
Anbau	181
Dardai	181
Einkauf	181
Erbe	181
Flaschen	181
Gange	181
Jochen	181
Luxemburg	181
Medikamenten	181
Pferde	181
Saporischschja	181
Theorie	181
Anhängern	180
Ausfälle	180
Beliebtheit	180
Brunner	180
Chefin	180
Effekte	180
Eigentum	180
Einhaltung	180
Heide	180
Hendrik	180
Impulse	180
Mängel	180
Simone	180
Werken	180
Winkel	180
Überraschungen	180
Anruf	179
Aufenthalt	179
Crew	179
Emma	179
Erfurter	179
Erich	179
First	179
Internetseite	179
Kate	179
Konrad	179
Kriminalität	179
Künstlern	179
Medaille	179
Music	179
Möglicherweise	179
Neapel	179
Nordsee	179
Parteitag	179
Russell	179
Rückspiel	179
Vorgang	179
Weder	179
Weile	179
Adam	178
Ausschreibung	178
Bauch	178
Bezeichnung	178
Blinken	178
Blockade	178
Daraus	178
Eigenschaften	178
Höhen	178
Irgendwann	178
Kalender	178
Kreises	178
Käse	178
Künstlicher	178
Landkreises	178
Livestream	178
Pfund	178
Stehen	178
Teenager	178
Wieso	178
Bibliothek	177
Birgit	177
Existenz	177
Fabrik	177
Handwerker	177
Herzog	177
Jack	177
Lula	177
Rapper	177
Russische	177
Store	177
Technischen	177
Terror	177
Topf	177
Unfällen	177
Verlag	177
Wettkampf	177
Wichtigste	177
Abgabe	176
Abo	176
Aldi	176
Allen	176
Angriffskriegs	176
Beben	176
Buche	176
Bären	176
Delegation	176
Des	176
Ernte	176
Flanke	176
Hauptrolle	176
Herne	176
Hohe	176
Hunger	176
Königreich	176
Lehrerin	176
Noah	176
Opel	176
Pakete	176
Rohstoffe	176
Rückschlag	176
Schwarzen	176
Viktor	176
Antonio	175
Beschäftigung	175
Kanal	175
Maske	175
Rundfunk	175
Scheibe	175
Universitäten	175
Wohnzimmer	175
Ampelkoalition	174
Beifahrer	174
Besten	174
Demo	174
Foul	174
Germany	174
Geschlecht	174
Gewässer	174
Klimaziele	174
Lärm	174
Nicolas	174
Pension	174
Profil	174
Programms	174
Sudan	174
Udo	174
Verzicht	174
Aufstellung	173
Bischof	173
Eingriff	173
Errichtung	173
Evakuierung	173
Haag	173
Homeoffice	173
Kids	173
Konsumenten	173
Oma	173
Panik	173
Soll	173
Tagestemperatur	173
Tricks	173
Verspätungen	173
Volkspartei	173
Warnungen	173
Werkzeug	173
Abseits	172
Bronze	172
Chips	172
Direkt	172
Edin	172
Entstehung	172
Erleichterung	172
Koblenz	172
Mülheim	172
Nachteil	172
Pech	172
Sahra	172
Schmerz	172
Schwere	172
Tribüne	172
Valley	172
Verordnung	172
Ausgerechnet	171
Beinen	171
Block	171
Dahinter	171
Gerald	171
Halbinsel	171
Inhalten	171
Kandidatin	171
Kicker	171
Kommentaren	171
Oscar	171
Propaganda	171
Sicher	171
Spezialisten	171
Sätze	171
Verweis	171
Anreise	170
Arbeitszeit	170
Befreiung	170
Beobachtung	170
Besondere	170
Gemälde	170
Grundstücke	170
Inter	170
Kampfjets	170
Kehl	170
Köpfe	170
Reparatur	170
Schwächen	170
Single	170
Solange	170
Sorten	170
Verbleib	170
Verleihung	170
Versicherung	170
Vierbeiner	170
Weichen	170
Beschwerde	169
Brandursache	169
Element	169
Heuer	169
Irland	169
Kahn	169
Nils	169
Promis	169
Staatsbürger	169
Wartezeiten	169
Wiedersehen	169
Özdemir	169
Armen	168
Aserbaidschan	168
Bitcoin	168
Camilla	168
Empörung	168
Joshua	168
Kampfpanzer	168
Klingbeil	168
Krankenkasse	168
Kundschaft	168
Kämpfen	168
Lieferungen	168
Offenburg	168
Opfers	168
Sicherung	168
Spielraum	168
Stichwahl	168
Texas	168
Tokio	168
Umstand	168
Weiteren	168
Werten	168
Übergabe	168
Archivbild	167
Code	167
Demenz	167
Dom	167
Ecken	167
Franzose	167
Gerichts	167
Haushalten	167
Historiker	167
Jerusalem	167
Kaiserslautern	167
Kasten	167
Krankenkassen	167
Kriegs	167
Kubikmeter	167
Lagen	167
Server	167
Sponsoren	167
Unfalls	167
Verstoß	167
Werkstatt	167
Wiesen	167
Zielen	167
Überleben	167
Ansprache	166
Aufschrift	166
Bergung	166
Bewohnern	166
Djokovic	166
Führungskräfte	166
Gießen	166
Kreise	166
Königsklasse	166
Landwirt	166
Mindestlohn	166
Neun	166
Nordamerika	166
Teufel	166
Weiteres	166
Zügen	166
Butter	165
Bühnen	165
Caritas	165
Danke	165
Gruber	165
Haas	165
Hardware	165
Holstein	165
Höchstwerte	165
Insofern	165
Journalistin	165
Kleid	165
Marko	165
Modellen	165
Ried	165
Torsten	165
Trinkwasser	165
Töchter	165
Umstieg	165
Urs	165
Westjordanland	165
Wochenenden	165
Zuversicht	165
Anja	164
Arsenal	164
Bezahlung	164
Christen	164
Durchführung	164
Heiligen	164
Hinrunde	164
Jazz	164
Kompetenzen	164
Laufbahn	164
Mayer	164
Paus	164
Per	164
Rivalen	164
Sektor	164
Sortiment	164
Swiss	164
Überwachung	164
Annahme	163
Bochumer	163
Carlos	163
Dokument	163
Exemplare	163
Feedback	163
Feiertagen	163
Follower	163
Helene	163
Instrumente	163
Nikolaus	163
Optimismus	163
Royal	163
Sergio	163
Ärzten	163
Babys	162
Brigitte	162
Bälle	162
Chefs	162
Duisburger	162
Features	162
Gehäuse	162
Gesetzes	162
Hamm	162
Klagen	162
Kochen	162
Nachteile	162
Nordosten	162
Philip	162
Reduzierung	162
Reinigung	162
Rucksack	162
Schiene	162
Stockholm	162
Teamchef	162
Volksrepublik	162
Waldbrände	162
Bakterien	161
Batterie	161
Beleuchtung	161
Football	161
Hits	161
Institution	161
Kriege	161
Musical	161
Musikschule	161
Portfolio	161
Rudolf	161
Sankt	161
Sowjetunion	161
Stadtgemeinde	161
Steuerzahler	161
Transporter	161
Vorsitz	161
Vorstandschef	161
Auffassung	160
Betracht	160
Dunkelheit	160
Förderungen	160
Gehälter	160
Großeinsatz	160
Hartmann	160
Hit	160
Irak	160
Mathias	160
Muster	160
Märkten	160
Parteichef	160
Reiter	160
Stich	160
Straßenbahn	160
Tee	160
Tragen	160
Venedig	160
Winterthur	160
Ärztin	160
Ökonomen	160
Alt	159
Anblick	159
Architekten	159
Argumente	159
Aufstand	159
Autobauer	159
Beispielsweise	159
Blätter	159
Dateien	159
Fridays	159
Home	159
Latte	159
Lebensraum	159
Leinwand	159
Mars	159
Masken	159
Millimeter	159
Soziales	159
Tiktok	159
Zwecke	159
Bär	158
Denkmal	158
Entscheidend	158
Fox	158
Henry	158
Ingolstadt	158
Innenministerin	158
Intensität	158
Jacke	158
Maße	158
Senior	158
Singen	158
Stahl	158
Switch	158
Tools	158
Ulm	158
Unterschriften	158
Verena	158
Vorverkauf	158
Westens	158
American	157
Ansichten	157
Baumgart	157
Download	157
Dreier	157
Fernwärme	157
Freiheitsstrafe	157
Gasthaus	157
Infektion	157
Konstanz	157
Kosovo	157
Leo	157
Morgenstunden	157
Schlager	157
Witz	157
Ängste	157
Abriss	156
Advent	156
Ambitionen	156
Ansätze	156
Atem	156
Aufforderung	156
Benzin	156
Bock	156
Büchern	156
Dementsprechend	156
Dividende	156
Edition	156
Gehweg	156
Heimatstadt	156
Hunden	156
Jordan	156
Laptop	156
Limit	156
Lupe	156
Löscharbeiten	156
Melanie	156
Nagel	156
Polizeieinsatz	156
Recherchen	156
Schokolade	156
Verstärkung	156
Verwandten	156
Volksschule	156
Zusage	156
Abbruch	155
Achtung	155
Francisco	155
Gesang	155
Gewahrsam	155
Haustür	155
Heimsieg	155
Hürde	155
Inklusion	155
Jeden	155
Klang	155
Live	155
Matthäus	155
Momentan	155
Pop	155
Reden	155
Regulierung	155
Spektrum	155
Sprint	155
Statistische	155
Tabellenplatz	155
Triumph	155
Tötung	155
Wahrnehmung	155
Zielgruppe	155
Zimmermann	155
Zinserhöhungen	155
Öffnung	155
Andrew	154
Anordnung	154
Anreize	154
Award	154
Benko	154
Besser	154
Bezirken	154
Durchsuchung	154
Einzelfall	154
Fahrstreifen	154
Früh	154
Führungen	154
Haken	154
Kriegsbeginn	154
Maier	154
Mannheimer	154
Retter	154
Schafe	154
Signale	154
Special	154
Spektakel	154
Strategien	154
Studios	154
Störungen	154
Versionen	154
Workshop	154
Ausländer	153
Bamberg	153
Bulgarien	153
Chile	153
Drohungen	153
Episode	153
Gregor	153
Labor	153
Lebensqualität	153
Meloni	153
Nachhinein	153
Notenbank	153
Personalmangel	153
Politikern	153
Rücksicht	153
Sperre	153
Swift	153
Tagesverlauf	153
Todesopfer	153
Tool	153
Uli	153
Umleitung	153
Vergabe	153
Vergewaltigung	153
Würzburg	153
Zuschuss	153
Armin	152
Arnold	152
Donau	152
Ehren	152
Getränken	152
Kammer	152
Kloster	152
Konjunktur	152
Legende	152
Machthaber	152
Mix	152
Neuigkeiten	152
Oberbayern	152
Quartier	152
Regenfälle	152
Ringen	152
Sachsens	152
Schritten	152
Seitenwechsel	152
Singapur	152
Sonja	152
Steiner	152
Sturmböen	152
Unabhängig	152
Unruhe	152
Weihnachtszeit	152
Welten	152
Alice	151
Bewährung	151
Bussen	151
Böden	151
Hobby	151
Kanzleramt	151
Landesamt	151
Lebensjahr	151
Letzteres	151
Maaßen	151
Perez	151
Potsdamer	151
Stichwort	151
Tennis	151
Toleranz	151
Chemie	150
Gruppenphase	150
Heizungen	150
Huawei	150
Justin	150
Krems	150
Marius	150
Netzwerke	150
Pizza	150
Religion	150
Schlange	150
Schwarze	150
Stoltenberg	150
Szenarien	150
Tonne	150
Torschütze	150
Unklar	150
Verfügbarkeit	150
Verlierer	150
Wehr	150
Zwischenzeit	150
Bauen	149
Daumen	149
Dead	149
Fußgängerzone	149
Hall	149
Heidelberg	149
Leitzins	149
Ludwigsburg	149
Maus	149
Michaela	149
Pflanze	149
Rechts	149
Schulz	149
Sternen	149
Tageszeitung	149
Tweet	149
Verzögerung	149
Windräder	149
Arbeitskräfte	148
Asphalt	148
Beck	148
Bekenntnis	148
Enkel	148
Gestern	148
Handball	148
Lehmann	148
Lörrach	148
Meist	148
Motive	148
Neustart	148
Ohr	148
Phasen	148
Sich	148
Tablet	148
Verkäufer	148
Vizepräsident	148
Zettel	148
Act	147
Ausgangslage	147
Besonderheit	147
Bienen	147
Discounter	147
Ergänzung	147
Erlebnisse	147
Flut	147
Genf	147
Hummels	147
Journal	147
Kickl	147
Lanz	147
Mehrkosten	147
Online	147
Patient	147
Qualifying	147
Schrecken	147
Schwäche	147
Seniorin	147
Silvesternacht	147
Solingen	147
Terrasse	147
Torjäger	147
Touren	147
Abgesehen	146
Anschaffung	146
Charlotte	146
Davor	146
Einerseits	146
Hansestadt	146
Hype	146
Komödie	146
Konflikts	146
Landesstraße	146
Logistik	146
Massaker	146
Medaillen	146
Nick	146
Razzia	146
Rechten	146
Richtig	146
Schubert	146
Schülerin	146
Staatssekretär	146
Verbrauch	146
Wahlgang	146
Zuhörer	146
Zusammenspiel	146
Berufsfeuerwehr	145
Briten	145
Gebühr	145
Gewerbe	145
Heck	145
Hochtouren	145
Jonathan	145
Kassen	145
Leitindex	145
Look	145
Minderheit	145
Modus	145
Pilot	145
Polizeibeamten	145
Preußen	145
Rendite	145
Schaffung	145
Security	145
Staub	145
Südosten	145
Tätigkeiten	145
Umsätze	145
Wahnsinn	145
Weiterbildung	145
Zählern	145
Aggression	144
Anstrengungen	144
Bahnhofstraße	144
Deals	144
Deutlich	144
Diebe	144
Entschädigung	144
Früchte	144
Fürth	144
Gaststätte	144
Gazastreifens	144
Konter	144
Konzerne	144
Kulturen	144
Life	144
Metropole	144
Ortschaft	144
Platte	144
Resonanz	144
Rückblick	144
Straftat	144
Vielen	144
Vodafone	144
Waffenruhe	144
Wahrscheinlich	144
Wanderer	144
Wohnungsbau	144
Wänden	144
Zeremonie	144
Zurück	144
Ärztinnen	144
Akt	143
Architekt	143
Ausstellungen	143
Bescheid	143
Diana	143
Fernverkehr	143
France	143
Fünftel	143
Georgien	143
Gleise	143
Gottes	143
Haaland	143
Hang	143
Ingo	143
Konzepte	143
Meier	143
Meistertitel	143
Null	143
Ortschaften	143
Prävention	143
Schatz	143
Schweigen	143
Steuerung	143
Stromversorgung	143
Töne	143
Verspätung	143
Zeugin	143
Zuschauerinnen	143
Abschuss	142
Brille	142
Claus	142
Direktorin	142
Engel	142
Europäer	142
Fahne	142
Gegenspieler	142
Heim	142
Heißt	142
Jahrgang	142
Jugendlicher	142
Knochen	142
Kopfball	142
Kretschmer	142
Macher	142
Michelle	142
Muslime	142
Operationen	142
Pendler	142
Siedlung	142
Tragödie	142
Victoria	142
Weltweit	142
Wirbel	142
Abläufe	141
Abu	141
Action	141
Alters	141
Automaten	141
Becken	141
Beschreibung	141
Brandstiftung	141
Buschmann	141
Darsteller	141
Dimension	141
Doku	141
Erdgeschoss	141
Faust	141
Frei	141
Genauso	141
Geschwister	141
Gitarre	141
Glasner	141
Großeltern	141
Hanna	141
Hoch	141
Homburg	141
Konten	141
Ladung	141
Landung	141
Lichter	141
Monitor	141
Nebel	141
Rechnungen	141
Rhythmus	141
Roger	141
Teilweise	141
Vorjahren	141
Zuspruch	141
Absatz	140
Aston	140
Bandbreite	140
Brunnen	140
Can	140
Charaktere	140
Dominic	140
Explosionen	140
Festzelt	140
Freundinnen	140
Gewittern	140
Gmünd	140
Herstellern	140
Infektionen	140
Influencer	140
Leder	140
Läden	140
Manuela	140
Nationalpark	140
Offiziell	140
Pole	140
Rückseite	140
Schätzung	140
Stark	140
Streife	140
Todesfälle	140
Toilette	140
Turbulenzen	140
Worms	140
Zellen	140
Zufahrt	140
Ähnliches	140
Akkus	139
Besserung	139
Betten	139
Bewertungen	139
Fahrerlaubnis	139
Fassung	139
Fotografen	139
Friday	139
Glühwein	139
Grafik	139
Guido	139
Hacker	139
Helfern	139
Helm	139
Kartoffeln	139
Lee	139
Lehrerinnen	139
Mali	139
Mehrwertsteuer	139
Ministeriums	139
Mitten	139
Momenten	139
Niclas	139
Prüfungen	139
Remscheid	139
Series	139
Sternzeichen	139
Substanz	139
Traktor	139
Träume	139
Ultra	139
Vanessa	139
Warschau	139
Wesen	139
Wolfsburger	139
Young	139
Zweikampf	139
Absprache	138
Analysen	138
Awards	138
Baumann	138
Berufe	138
Deckel	138
Einklang	138
Erfüllung	138
Fusion	138
Gerd	138
Heike	138
Hunderttausende	138
Kette	138
Kokain	138
Medienbericht	138
Märchen	138
Neukölln	138
Polizeibericht	138
Probe	138
Raphael	138
Reisenden	138
Schulze	138
Schwimmen	138
Seen	138
Stoffe	138
Vormonat	138
Willi	138
Wäldern	138
Airlines	137
Bewerbungen	137
Dornbirn	137
Evangelischen	137
Experiment	137
Großstadt	137
Hogwarts	137
Hätte	137
Joseph	137
Lina	137
Rechtsanwalt	137
Satelliten	137
Support	137
Tanja	137
Universum	137
Verarbeitung	137
Wählern	137
Zutritt	137
Anlässlich	136
Anweisungen	136
Botschaften	136
Drehbuch	136
Eindrücke	136
Eisenach	136
Entschuldigung	136
Fach	136
Feature	136
Gastronomen	136
Großaufgebot	136
Grundlagen	136
Judith	136
Kreisen	136
Kunstwerke	136
Künstlers	136
Lassen	136
Liberalen	136
Lieferketten	136
Litauen	136
Läufer	136
Massnahmen	136
Mitspieler	136
Moral	136
Mühlhausen	136
Produzenten	136
Schauer	136
Stille	136
Tina	136
Ursprung	136
Zuschüsse	136
Überall	136
Billionen	135
Boss	135
Bottrop	135
Coronapandemie	135
Defizit	135
Disziplin	135
Ehrenamt	135
Erziehung	135
Fachkräften	135
Final	135
Gedanke	135
Gefährdung	135
Gewissheit	135
Graben	135
House	135
Influencerin	135
Kerstin	135
Köpfen	135
Landesgericht	135
Leitungen	135
Links	135
Neuauflage	135
Olympia	135
Plakate	135
Pool	135
Preiserhöhungen	135
Prozesses	135
Schalker	135
Staffeln	135
Umgestaltung	135
Adrian	134
Bande	134
Bosch	134
Brandt	134
Conference	134
Einlass	134
Erwin	134
Festakt	134
Großes	134
Handlungsbedarf	134
Kathrin	134
Kleinstadt	134
Lake	134
Marine	134
Niederrhein	134
Silicon	134
Streich	134
Verzweiflung	134
Vincent	134
Ältere	134
Ankara	133
Anleihen	133
Anstatt	133
Anthony	133
Aufführung	133
Bregenz	133
Chemnitz	133
Coronavirus	133
Einzige	133
Erlös	133
Esslingen	133
Feiertage	133
Fire	133
Forschungsteam	133
Henning	133
Hisbollah	133
Jinping	133
Kläger	133
Kühlschrank	133
Kürzlich	133
Legacy	133
Manöver	133
Nutzerinnen	133
Pressesprecher	133
Recherche	133
Ron	133
Saisonsieg	133
Science	133
Segen	133
Streifenwagen	133
Tode	133
Tropfen	133
Umweltschutz	133
Verpflichtungen	133
Väter	133
Alleine	132
Anlaufstelle	132
Ansage	132
Arbeitsgruppe	132
Barbie	132
Berechnung	132
Bäckerei	132
Grab	132
Kerzen	132
Kilowattstunde	132
Komponisten	132
Kontrahenten	132
Kremlchef	132
Leclerc	132
Mikrofon	132
Ritter	132
Schilder	132
Südamerika	132
Teamkollege	132
Turniers	132
Unsicherheiten	132
Verfolger	132
Vermittlung	132
Yvonne	132
Übergriffe	132
Ausstrahlung	131
Bekannte	131
Bestes	131
Bundesverband	131
Christiane	131
Einzig	131
Erding	131
Feierlichkeiten	131
Flüssigkeit	131
Gleis	131
Größen	131
Hölle	131
Ihres	131
Kredit	131
Lothar	131
Ministerien	131
Möbel	131
Neumünster	131
Schneefall	131
Stellenwert	131
Summen	131
Taschen	131
Territorium	131
Vieles	131
Viktoria	131
Wanderung	131
You	131
Ablöse	130
Abzug	130
Airport	130
Anführer	130
Anwesenden	130
Baustein	130
Beitritt	130
Bewohnerinnen	130
Bundesebene	130
Challenge	130
Doris	130
Dritten	130
Dörfer	130
Einsparungen	130
Einzelne	130
Erreichen	130
Fehlern	130
Feuerpause	130
Freiburger	130
Grill	130
Happy	130
Heizen	130
Kompetenz	130
Marktanteil	130
Meisterschaften	130
Moser	130
Nahrungsmittel	130
Revision	130
Samuel	130
Starfield	130
Synagoge	130
Taktik	130
Abonnenten	129
Anwohnern	129
Armenien	129
Aufprall	129
Ausfahrt	129
Bereitstellung	129
Düren	129
Erik	129
Erstellung	129
Gelb	129
Geschäftsmodell	129
Gewerbegebiet	129
Hafenstadt	129
Herstellers	129
Jessica	129
Karner	129
Konditionen	129
Lorenz	129
Mohamed	129
Pakistan	129
Rüdiger	129
Scheidung	129
Skepsis	129
Sondern	129
Taliban	129
Telefonat	129
Weiden	129
Woher	129
Youtube	129
Antrieb	128
Apples	128
Atomwaffen	128
Ausbreitung	128
Bloomberg	128
Brite	128
Bullen	128
Dmitri	128
Drohung	128
Einfamilienhaus	128
Eisbären	128
Eisernen	128
Fehlen	128
Feinde	128
Flughafens	128
Gelbe	128
Hündin	128
Jasmin	128
Jedenfalls	128
Linda	128
Mandat	128
Marion	128
Nebenwirkungen	128
Nächte	128
Parkhaus	128
Piste	128
Praxen	128
Prioritäten	128
Schultern	128
Trainerin	128
Weltcup	128
Winzer	128
Amstetten	127
Außer	127
Beifahrerin	127
Belohnung	127
Beschlüsse	127
Blizzard	127
Brauerei	127
Chinesen	127
Deutschlandfunk	127
Edeka	127
Einmündung	127
Europe	127
Förderverein	127
Galeria	127
Geständnis	127
Grundgesetz	127
Handelsblatt	127
Holocaust	127
Kandidatinnen	127
Kontinent	127
Kreisliga	127
Kryptowährungen	127
Mörder	127
Neumann	127
Publikums	127
Rio	127
Stephanie	127
Verabschiedung	127
Vernehmen	127
Vollsperrung	127
Airbus	126
Beobachtungen	126
Bundestagswahl	126
Chip	126
Erklärungen	126
Ernstfall	126
Felder	126
Flensburg	126
Funk	126
Geldautomaten	126
Grenzkontrollen	126
Kaufmann	126
Koffer	126
Konsole	126
Kreistag	126
Mehrwert	126
Morgan	126
Nächstes	126
Outfit	126
Petition	126
Rewe	126
Richtlinien	126
Scott	126
Sehnsucht	126
Valentin	126
Vertrieb	126
Welcher	126
Wem	126
Baukosten	125
Feldern	125
Futter	125
Geldpolitik	125
Haaren	125
Konkurrent	125
Lions	125
Medikament	125
Moderne	125
Playoffs	125
Private	125
Privatpersonen	125
Relevanz	125
Renate	125
Routinier	125
Schütze	125
Sportchef	125
Stadler	125
Umbruch	125
Versicherungen	125
Warten	125
Weihnachtsbaum	125
Überreste	125
Arbeiterkammer	124
Best	124
Fahnen	124
Fahrplan	124
Fahrradfahrer	124
Flieger	124
Forschende	124
Füchse	124
Gedenken	124
Golden	124
Interessierten	124
Investment	124
Klopp	124
Kronen	124
Lutz	124
Marsch	124
Medwedew	124
Neubauten	124
Peru	124
Schön	124
Sohnes	124
Vorlagen	124
Wesentlichen	124
Wüste	124
Zeug	124
Zustände	124
Österreichische	124
Allgemeine	123
Amira	123
Austin	123
Balance	123
Beton	123
Ereignissen	123
Expertinnen	123
Gegenfahrbahn	123
Greta	123
Hagel	123
Heiko	123
Häfen	123
Höhle	123
Jana	123
Kempten	123
Kitzbühel	123
Kostüme	123
Leserinnen	123
Moldau	123
Musikverein	123
Neutralität	123
Obersten	123
Qualitäten	123
Radwege	123
Rollstuhl	123
Ruhr	123
Schwachstellen	123
Sportarten	123
Stuhl	123
Sätzen	123
Teheran	123
Thailand	123
Titan	123
Treibstoff	123
Typs	123
Unterzahl	123
Wertpapier	123
Abitur	122
Abwehrspieler	122
Allee	122
Anbietern	122
Anhörung	122
Außenseiter	122
Bahnverkehr	122
Bedürfnissen	122
Blüten	122
Erneuerung	122
Euphorie	122
Freising	122
Gasheizungen	122
Grundsteuer	122
Halloween	122
Health	122
Klum	122
Konsens	122
Maskenpflicht	122
Neunkirchen	122
Niederschlag	122
Norweger	122
Reul	122
Rundgang	122
Silvia	122
Sitzungen	122
Soldat	122
Technology	122
Vermissten	122
Vermutung	122
Volkes	122
Week	122
Winkler	122
Zwischenfall	122
Airline	121
Angelegenheiten	121
Anwesen	121
Apropos	121
Bagger	121
Beleidigung	121
Blau	121
Camp	121
Doppelpack	121
Erwerb	121
Fotograf	121
Frost	121
Geheimdienst	121
Gewissen	121
Halter	121
Hamburgs	121
Hannah	121
Hofer	121
Kapelle	121
Karsten	121
Landkreise	121
Mittagessen	121
Monster	121
Nehmen	121
Night	121
Oktoberfest	121
Ostdeutschland	121
Pilotprojekt	121
Reduktion	121
Renault	121
Schwestern	121
Sensoren	121
Spotify	121
Thiem	121
Treue	121
Verschärfung	121
Weimarer	121
Zuschlag	121
Zwölf	121
Abpfiff	120
Angeblich	120
Ansprechpartner	120
Attraktionen	120
Aussehen	120
Auszeichnungen	120
Börsen	120
Erwartung	120
Flaggen	120
Gerichtssaal	120
Glanz	120
Grafikkarte	120
Gras	120
Grundschulen	120
Klimapolitik	120
Lautsprecher	120
Mac	120
Nachbar	120
Neuzugänge	120
Polens	120
Pyrotechnik	120
Radler	120
Schichten	120
Schriftzug	120
Segment	120
Sophia	120
These	120
Trierer	120
Verschwinden	120
Welches	120
Zusammensetzung	120
Ambiente	119
Anschuldigungen	119
Ballbesitz	119
Capital	119
Charme	119
Datenschutz	119
Dienstleister	119
Dow	119
Eder	119
Elke	119
Entertainment	119
Erlaubnis	119
Fake	119
Fernsehsender	119
Feuerwehrhaus	119
Hallen	119
Kater	119
Kommandant	119
Kunstwerk	119
Lea	119
Olympiastadion	119
Plakat	119
Richtige	119
Risse	119
Scheiben	119
Silva	119
Ski	119
Sporthalle	119
Sportvorstand	119
Tiefen	119
Tunesien	119
Uhren	119
Vizekanzler	119
Absicherung	118
Abwechslung	118
Abwesenheit	118
Andrang	118
Bastian	118
Beides	118
Bekannt	118
Bezirksliga	118
Bremse	118
Charkiw	118
Darf	118
Dynamo	118
Export	118
Fett	118
Funke	118
Fülle	118
Hitler	118
Joker	118
Landtags	118
Liechtenstein	118
Mittelalter	118
Obergeschoss	118
Odessa	118
Ole	118
Playstation	118
Resolution	118
Rheinischen	118
Salzgitter	118
Senkung	118
Shows	118
Singer	118
Souveränität	118
Statistiken	118
Strasse	118
Toyota	118
Unrecht	118
Verursacher	118
Windkraft	118
Zähne	118
Abhilfe	117
Clip	117
Ehrenamtlichen	117
Einkaufszentrum	117
Einschränkung	117
Ermittlern	117
Erscheinung	117
Finanzamt	117
Ganzen	117
Gremien	117
Grenzübergang	117
Großstädten	117
Grundstein	117
Harz	117
Hauptplatz	117
High	117
Innsbrucker	117
Komfort	117
Kommen	117
Könnte	117
Magnus	117
Miller	117
Nordwesten	117
Ronaldo	117
Rosen	117
Schale	117
Spruch	117
Stall	117
Texten	117
Toiletten	117
Treppe	117
Unterkünfte	117
Vogt	117
Vorsaison	117
Zwickau	117
Aktivität	116
Amtskollegen	116
Andy	116
Aussteller	116
Bayreuth	116
Betriebssystem	116
Bidens	116
Blicke	116
Bürgerschaft	116
Einbau	116
Emily	116
Fashion	116
Fragezeichen	116
Gastspiel	116
Gegentor	116
Geruch	116
Gütersloh	116
Haltestellen	116
Heimatland	116
Honda	116
Hülkenberg	116
Knall	116
Krause	116
Kürzungen	116
Marvel	116
Mittelschule	116
Palast	116
Palästina	116
Parken	116
Podest	116
Protagonisten	116
Radfahren	116
Ryan	116
Schwerpunkte	116
Selenski	116
Session	116
Space	116
Spielfeld	116
Systemen	116
Wiederwahl	116
Wilfried	116
Wohnort	116
Zurzeit	116
Ausschluss	115
Basketball	115
Bedrohungen	115
Begriffe	115
Behandlungen	115
Bestellung	115
Betreuer	115
Bushaltestelle	115
Causa	115
Einheimischen	115
Entweder	115
Erfolgen	115
Fernando	115
Financial	115
Fotografie	115
Fundament	115
Guterres	115
Held	115
Hindernisse	115
Julius	115
Kanäle	115
Kompromisse	115
Konstellation	115
Kreisverkehr	115
Langem	115
Leib	115
Maler	115
Medium	115
Moskaus	115
Nachgang	115
Novelle	115
Oberschenkel	115
Politikerin	115
Raab	115
Ralph	115
Räuber	115
Schwedens	115
Schüssen	115
Season	115
Staatsanwältin	115
Teilhabe	115
Verbandes	115
Verunsicherung	115
Völker	115
Wahlkreis	115
Wille	115
Zeitenwende	115
Anstoß	114
Arbeitswelt	114
Athen	114
Beate	114
Buches	114
Bürgermeisters	114
Don	114
Elbe	114
Episoden	114
Erstens	114
Foyer	114
Gegenverkehr	114
Gesetzgeber	114
Guirassy	114
Haller	114
Immunsystem	114
Innenhof	114
Innere	114
Jackson	114
Joel	114
Jude	114
Klärung	114
Kostüm	114
Lambrecht	114
Lieferanten	114
Luise	114
Luzerner	114
Marina	114
Maurer	114
Maßstab	114
Nationale	114
Noten	114
Palästinensern	114
Pink	114
Popp	114
Portion	114
Projektes	114
Roller	114
Sauerstoff	114
Silke	114
Strafanzeige	114
Streamingdienst	114
Teig	114
Vergangene	114
Vernetzung	114
Villach	114
Vorträge	114
Wil	114
Ärztekammer	114
Abfall	113
Auftreten	113
Außenpolitik	113
Bahnstrecke	113
Beifall	113
Boom	113
Chatbot	113
Company	113
Damm	113
Definition	113
Einnahme	113
Empfänger	113
Exil	113
Fahrzeugführer	113
Ferner	113
Goldenen	113
Handballer	113
Häufig	113
Höhepunkte	113
Islam	113
Kirchengemeinde	113
Kraftwerk	113
Kreuzes	113
Lawrow	113
Leitplanke	113
Lustenau	113
Meteorologen	113
Niedersachsens	113
Parade	113
Siedlungen	113
Sydney	113
Trick	113
Verfahrens	113
Vorjahresmonat	113
Wartezeit	113
Wirt	113
Zusammenschluss	113
Account	112
Adolf	112
Ahnung	112
Ausflüge	112
Bares	112
Behrens	112
Bekanntgabe	112
Bombe	112
Bundesligisten	112
Bußgeld	112
Crash	112
Dilemma	112
Fitness	112
Gegentore	112
Hanau	112
Händlern	112
Indonesien	112
Inspiration	112
Instanz	112
Kantons	112
Kasachstan	112
Kopenhagen	112
Krankenhauses	112
Nachfolgerin	112
Normalität	112
Partners	112
Pflichten	112
Pocher	112
Premium	112
Report	112
Sensation	112
Techniken	112
Teller	112
Waldstück	112
Auffällig	111
Aufhebung	111
Aufschwung	111
Augenzeugen	111
Auswärtige	111
Beschleunigung	111
Besonderheiten	111
Bewältigung	111
Call	111
Decken	111
Designer	111
Diplomaten	111
Dächern	111
Dürr	111
Echtzeit	111
Exekutive	111
Fass	111
Ferdinand	111
Freigabe	111
Gutachter	111
Halten	111
Hierzu	111
Hubertus	111
Jahn	111
Journalismus	111
Konflikten	111
Luxus	111
Oberliga	111
Ordnungsamt	111
Pegel	111
Plastik	111
Priester	111
Problems	111
Quartalszahlen	111
Schauplatz	111
Schnäppchen	111
School	111
Schottland	111
Schreibtisch	111
Schulleiter	111
Steve	111
Süßigkeiten	111
Turin	111
Verlusten	111
Verwaltungsrat	111
Volkswirtschaft	111
Vorrunde	111
Votum	111
Wahrzeichen	111
Werkzeuge	111
Überhaupt	111
Anmeldungen	110
Annette	110
Athletinnen	110
Bahnsteig	110
Cornelia	110
Coup	110
Einkaufen	110
Fantasie	110
Gesamtjahr	110
Gleichgewicht	110
Inbetriebnahme	110
Indem	110
Klavier	110
Lemke	110
Nachweis	110
Novak	110
Peskow	110
Privatleben	110
Protokoll	110
Psychiatrie	110
Ringe	110
Schmitt	110
Schöne	110
Stichtag	110
Strompreise	110
Syrer	110
Technische	110
Teils	110
Velbert	110
Verschiebung	110
Vorgänge	110
Wimbledon	110
Zentrums	110
Amtsantritt	109
Bauwerk	109
Bearbeitung	109
Beendigung	109
Behauptung	109
Biografie	109
Chief	109
Data	109
Delegierten	109
Dokumenten	109
Durchsuchungen	109
Einreise	109
Einzelnen	109
Erderwärmung	109
Erstversorgung	109
Exporte	109
Fahrern	109
Flotte	109
Flüsse	109
Fußballerinnen	109
Gala	109
Großmutter	109
Grundsatz	109
Hauptsitz	109
Horizont	109
Justizreform	109
Kolo	109
Kuss	109
Landtagswahlen	109
Libyen	109
Niederschläge	109
Petersburg	109
Philosophie	109
Produktionen	109
Regierungsrat	109
Starnberg	109
Söldner	109
Tiefgarage	109
Todesursache	109
Tottenham	109
Turner	109
Untergrund	109
Versicherer	109
Vorfalls	109
Womöglich	109
Zwettl	109
Achim	108
Andre	108
Anfangsphase	108
Anwender	108
Auszubildende	108
Bayerische	108
Bedienung	108
Bernstein	108
Boys	108
Busfahrer	108
Defekt	108
Eingriffe	108
Einzelheiten	108
Freiheitlichen	108
Geiger	108
Gen	108
Glaubwürdigkeit	108
Guten	108
Hansa	108
Heizöl	108
Herford	108
Horner	108
Leiden	108
Musikerin	108
Neuerung	108
Ofen	108
Office	108
Orban	108
Pedro	108
Rammstein	108
Ryzen	108
Römer	108
Sainz	108
Schwerin	108
Spatenstich	108
Substanzen	108
Tablets	108
Tafeln	108
Tanzen	108
Tief	108
Uri	108
Wales	108
Wels	108
Winfried	108
Zigaretten	108
Aktuelle	107
Amtes	107
Anreiz	107
Arabischen	107
Bauabschnitt	107
Blume	107
Bodensee	107
Dirigent	107
Diskurs	107
Einigkeit	107
End	107
Faden	107
Freitagmittag	107
Gesamtkosten	107
Geschäfts	107
Glaube	107
Goretzka	107
Habt	107
Jugendarbeit	107
Kaufland	107
Keiner	107
Laptops	107
Lebensgefährtin	107
Lieber	107
Lippen	107
Mediengruppe	107
Mitgliedstaaten	107
Nie	107
Nötigung	107
Orgel	107
Pavel	107
Rheinland	107
Routen	107
Rückhalt	107
Sauerland	107
Schicht	107
Springer	107
Steinen	107
Stellungen	107
Stufen	107
Tarif	107
Terminen	107
Voigt	107
Vorreiter	107
Wohlbefinden	107
Ämter	107
Abendessen	106
Academy	106
Allgäu	106
Asylverfahren	106
Bauzeit	106
Beleidigungen	106
Bestellungen	106
Bogen	106
Brandes	106
Depressionen	106
Eberl	106
Eifel	106
Einheimische	106
Einsamkeit	106
Esken	106
Euch	106
Fördermittel	106
Gleiches	106
Grenzgebiet	106
Großer	106
Höxter	106
Hütte	106
Ingrid	106
Interessant	106
Konfrontation	106
Kripo	106
Kurze	106
Lady	106
Löcher	106
Marquez	106
Mathematik	106
Mobile	106
Paradies	106
Porträt	106
Rathauses	106
Rathausplatz	106
Rauchen	106
Ruder	106
Schauspiel	106
Schlägerei	106
Schwarzer	106
Sendungen	106
Sorte	106
Spielerin	106
Staatsoberhaupt	106
Straßenrand	106
Tarife	106
Tausenden	106
Therapien	106
Traditionen	106
Verstorbenen	106
Verwandte	106
Wache	106
Weiss	106
Weiters	106
White	106
Wuppertaler	106
Zugverkehr	106
Abteilungen	105
Akteuren	105
Akzente	105
Anfangs	105
Angelika	105
Auslastung	105
Beach	105
Bedingung	105
Bodenoffensive	105
Brötchen	105
Bundesweit	105
Carmen	105
Cem	105
Comedian	105
Core	105
Denis	105
Doppel	105
Entsetzen	105
Flecken	105
Gesellschaften	105
Gladbeck	105
Hawaii	105
Herzstück	105
Impfungen	105
Jahreshälfte	105
Jeans	105
Kommando	105
Landgerichts	105
Leitstelle	105
Marathon	105
Ortes	105
Palette	105
Pflegeheim	105
Prager	105
Produktivität	105
Rheinmetall	105
Sitzen	105
Sondervermögen	105
Sparte	105
Spitzenspiel	105
Stände	105
Tastatur	105
Tische	105
Umdenken	105
Unverständnis	105
Verbundenheit	105
Vereinbarungen	105
Viren	105
Zusammenbruch	105
Übrigen	105
Anfänger	104
Aufholjagd	104
Aufsicht	104
Azubis	104
Bachelor	104
Bindung	104
Carlo	104
Cottbus	104
Covid	104
Einspruch	104
Eurozone	104
Feuchtigkeit	104
Gehen	104
Geräusche	104
Geschädigte	104
Hannovers	104
Hetze	104
Hierfür	104
Knoten	104
Kretschmann	104
Lügen	104
Magdalena	104
Malerei	104
Marktes	104
Mia	104
Mülheimer	104
Narren	104
Penzberg	104
Pilze	104
Planet	104
Produzent	104
Regina	104
Rezepte	104
Rhodos	104
Sandro	104
Schlangen	104
Sparkassen	104
Steven	104
Topspiel	104
Trainerteam	104
Treiben	104
Unzufriedenheit	104
Verlegung	104
Waage	104
Wolfenbüttel	104
Zubehör	104
Zufriedenheit	104
Akten	103
Auslieferung	103
Auswärtigen	103
Befürchtungen	103
Behauptungen	103
Besuchs	103
Costa	103
Denkmalschutz	103
Dinslaken	103
Einmarsch	103
Eins	103
Elias	103
Elizabeth	103
Flair	103
Gate	103
Geldes	103
Gelsenkirchener	103
Gerichten	103
Guardiola	103
Helferinnen	103
Hinweisen	103
Hugo	103
Junior	103
Karim	103
Kirmes	103
Lahr	103
Lasst	103
Linkspartei	103
Lissabon	103
Litern	103
Mitstreiter	103
Muani	103
Nationalbank	103
Netze	103
Next	103
Paula	103
Polizeirevier	103
Potter	103
Rafael	103
Rechner	103
Rubiales	103
Schmitz	103
Seitenlinie	103
Snacks	103
Sommers	103
South	103
Sozialen	103
Spargel	103
Statistischen	103
Streitigkeiten	103
Sun	103
Thüringens	103
Titanic	103
Trainers	103
Urban	103
Vergütung	103
Wohnsitz	103
Antony	102
Arminia	102
Ausserdem	102
Außenbereich	102
Binder	102
Bundeshaushalt	102
Burschen	102
Estland	102
Festspiele	102
Finanzkrise	102
Freundeskreis	102
Geldbeutel	102
Geschädigten	102
Gewessler	102
Gletscher	102
Gottschalk	102
Großvater	102
Kardinal	102
Krimi	102
Leipzigs	102
Marihuana	102
Mick	102
Mohammed	102
Motoren	102
Mythos	102
Mädchens	102
Münchens	102
Münzen	102
Nasdaq	102
Rares	102
Stadium	102
Starke	102
Sterben	102
Tabellenspitze	102
Treffens	102
Unterschrift	102
Unterstützt	102
Verwirrung	102
Wichtigkeit	102
Wiens	102
Wrack	102
Wunden	102
Zeitgleich	102
Zweimal	102
Zweitligisten	102
Abkühlung	101
Anwesenheit	101
Aufschlag	101
Augenblick	101
Auslosung	101
Bann	101
Bekanntwerden	101
Bergischen	101
Beschränkungen	101
Braunschweiger	101
Böller	101
Einzel	101
Gegebenheiten	101
Gündogan	101
Habe	101
Hauptdarsteller	101
Hin	101
Ideologie	101
Jenny	101
Justizminister	101
Kickers	101
Kofferraum	101
Kopfhörer	101
Landsberg	101
Landschaften	101
Landsmann	101
Long	101
Massen	101
Moers	101
Notlage	101
Pausen	101
Rahmenprogramm	101
Raub	101
Rechtsstreit	101
Rettungskräften	101
Rufnummer	101
Sack	101
Scheune	101
Schlacht	101
Seltenheit	101
Säule	101
Südtirol	101
Teich	101
Tomaten	101
Unruhen	101
Verbrauchern	101
Vermögenswerte	101
Versagen	101
Versuchen	101
Vietnam	101
Vorabend	101
Wagens	101
Wahlbeteiligung	101
Weltkriegs	101
Wörter	101
Zusagen	101
Anleitung	100
Anrainer	100
Asche	100
Assists	100
Attraktivität	100
Aufgebot	100
Bohlen	100
Diakonie	100
Dürre	100
Europameister	100
Fliegen	100
Förderprogramm	100
Gabriele	100
Geste	100
Gläubiger	100
Jim	100
Karstadt	100
Kaufhof	100
Kommunalwahl	100
Kooperationen	100
Kran	100
Landkreisen	100
Lebensstil	100
Marktgemeinde	100
Menschenleben	100
Musikern	100
Offenheit	100
Offensivspieler	100
Passend	100
Phoenix	100
Photovoltaik	100
Rampenlicht	100
Rechtsstaat	100
Schweiger	100
Schützenfest	100
Skifahren	100
Spezialitäten	100
Sprengung	100
Steyr	100
Tulln	100
Verbands	100
Viertelstunde	100
Warentest	100
Wurf	100
Ökosystem	100
Ahrtal	99
Ansehen	99
Aufräumarbeiten	99
Ausfällen	99
Ausführungen	99
Avatar	99
Belgrad	99
Beta	99
Bolsonaro	99
Boote	99
Dienstes	99
Differenzen	99
Entscheid	99
Foundation	99
Frey	99
Gedenkstätte	99
Genehmigungen	99
Genres	99
Gift	99
Giovanni	99
Gleiche	99
Globus	99
Graichen	99
Hauptrunde	99
Herrschaft	99
Honig	99
Häftlinge	99
Ikea	99
Kanadier	99
Konstruktion	99
Liebsten	99
Lionel	99
Luisa	99
Melbourne	99
Nadine	99
Nawalny	99
Norris	99
Optik	99
Pflegekräfte	99
Pierre	99
Privatsphäre	99
Putsch	99
Radfahrerin	99
Reichsbürger	99
Reiner	99
Rekorde	99
Rohstoffen	99
Ruth	99
Sara	99
Schlafzimmer	99
Schwarzwald	99
Sevilla	99
Skigebiet	99
Spielertrainer	99
Spielzeug	99
Stromverbrauch	99
Taxi	99
Teilzeit	99
Trainings	99
Trendwende	99
Unterfangen	99
Veronika	99
Vienna	99
Weine	99
Wortes	99
Zeitalter	99
Zurückhaltung	99
Überzahl	99
Ausgangspunkt	98
Autorinnen	98
Bauernhof	98
Bebauungsplan	98
Beschaffung	98
Biodiversität	98
Bohrungen	98
Caroline	98
Controller	98
Elite	98
Ernennung	98
Fabio	98
Force	98
Fulda	98
Gefangenen	98
Gegenseite	98
Gegentreffer	98
Großbank	98
Intendant	98
Japaner	98
Klara	98
Komitee	98
Kramer	98
Kurven	98
Leopold	98
Nominierung	98
Pfeiffer	98
Pistole	98
Podcasts	98
Roma	98
Rosa	98
Santos	98
Schläge	98
Sofa	98
Spender	98
Strobl	98
Titeln	98
Umland	98
Unmittelbar	98
Verbänden	98
Verkehrsmittel	98
Weltwirtschaft	98
Wollen	98
Wählerinnen	98
Zeitschrift	98
Zell	98
Abschiebungen	97
Aktivistin	97
Alternativ	97
Angabe	97
Anhand	97
Archiv	97
Autoindustrie	97
Boeing	97
Brandenburgs	97
Bub	97
Chat	97
Christus	97
Commerzbank	97
Davos	97
Diebstahls	97
Drehleiter	97
Eisenstadt	97
Eishockey	97
Engländer	97
Erling	97
Feldkirch	97
Gegenwind	97
Gemäss	97
Gewinnen	97
Gleichwohl	97
Ins	97
Jahresvergleich	97
Jobcenter	97
Komponist	97
Kreuzberg	97
Lateinamerika	97
Leere	97
Leine	97
Mehl	97
Mich	97
Moskauer	97
Musiala	97
Nationaltrainer	97
Passagieren	97
Pflichtspielen	97
Präsidium	97
Rallye	97
Ricarda	97
Rishi	97
Spahn	97
Sportart	97
Stromausfall	97
Ständen	97
Transfers	97
Untergang	97
Verstößen	97
Vorgehensweise	97
Vorhang	97
Weidel	97
Weitem	97
Wetterlage	97
Yann	97
Zugänge	97
Abschiebung	96
Absolventen	96
Ach	96
Alcaraz	96
Alina	96
Altersgruppen	96
Annäherung	96
Anschläge	96
Artenvielfalt	96
Attraktion	96
Bartsch	96
Chefcoach	96
Daily	96
Diktatur	96
Einlagen	96
Erzbischof	96
Filmemacher	96
Fürst	96
Güter	96
Haftrichter	96
Hallo	96
Hindernis	96
Hosen	96
Kleinwagen	96
Label	96
Lithium	96
Marlene	96
Menschlichkeit	96
Messungen	96
Mühle	96
Müssen	96
Nest	96
Panther	96
Partys	96
Play	96
Polizistin	96
Quartett	96
Racing	96
Relegation	96
Saarlouis	96
Sagen	96
Santa	96
Saskia	96
Schlusspfiff	96
Slogan	96
Sofort	96
Spitzen	96
Steirer	96
Symbole	96
Tante	96
Tierpark	96
Todes	96
Treppenhaus	96
Typen	96
Ukrainische	96
Unterbrechung	96
Weingut	96
Weiterfahrt	96
Witten	96
Wohnhäuser	96
Währung	96
Wünschen	96
Würden	96
Yannick	96
Zentimetern	96
Absteiger	95
Anke	95
Arzneimittel	95
Ausführung	95
Bellingham	95
Bezirke	95
Boston	95
Dhabi	95
Elversberg	95
Erdbeeren	95
Erreger	95
Etat	95
Fachleuten	95
Flugzeugen	95
Garantie	95
Gegners	95
Geldwäsche	95
Genossenschaft	95
Gesellschafter	95
Gewässern	95
Geywitz	95
Goldene	95
Greenpeace	95
Grünflächen	95
Hebel	95
Hingucker	95
Kolumne	95
Kreisstraße	95
Lara	95
Letzter	95
Master	95
Matt	95
Miesbach	95
Milan	95
Minderheiten	95
Mini	95
Monarchie	95
Neubauer	95
Pommes	95
Saarbrücker	95
Schadenersatz	95
Schoigu	95
Sichtbarkeit	95
Strompreis	95
Terrorismus	95
Thunberg	95
Turnhalle	95
Unfallursache	95
Ute	95
Verbund	95
Verhältnissen	95
Verkehrswende	95
Verpackung	95
Verzehr	95
Vilnius	95
Volksfest	95
Völlig	95
Wetterdienstes	95
Zitat	95
Aktiven	94
Alleingang	94
Angebots	94
Angriffskrieges	94
Bahnhöfen	94
Blutprobe	94
Deckung	94
Differenz	94
Dorfes	94
Erfindung	94
Ertrag	94
Freispruch	94
Gesamtwertung	94
Gnabry	94
Gänge	94
Hallenbad	94
Helga	94
Hessens	94
Jason	94
Kapitalismus	94
Kiosk	94
Kriminelle	94
Lehrlinge	94
Mats	94
Muskeln	94
Neubrandenburg	94
Onkel	94
Pamela	94
Parolen	94
Sachs	94
Sandhausen	94
Schade	94
Senders	94
Sepp	94
Shanghai	94
Siegfried	94
Solaranlagen	94
Spieltagen	94
Spitzenkandidat	94
Suizid	94
Tenor	94
Testbericht	94
Tino	94
Torchancen	94
Verbote	94
Vergnügen	94
Vernunft	94
Waidhofen	94
Web	94
Wegfall	94
Weilheim	94
Zwillinge	94
Überlebenden	94
Anregungen	93
Anrufe	93
Antibiotika	93
Apotheker	93
Astrid	93
Augenmerk	93
Befürchtung	93
Bestimmungen	93
Bing	93
Bremerhaven	93
Bucht	93
Bäcker	93
Böschung	93
Charlie	93
Darlehen	93
Darstellungen	93
Delikte	93
Disziplinen	93
Einsatzstelle	93
Energieträger	93
Europawahl	93
Gipfeltreffen	93
Goldman	93
Herthas	93
Hill	93
Konstantin	93
Kundgebungen	93
Liedern	93
Magic	93
Mandanten	93
Matteo	93
Maurice	93
Merkur	93
Moschee	93
Münchener	93
Nabu	93
Netanyahu	93
Obduktion	93
Oberste	93
Olympiasieger	93
Palmer	93
Patricia	93
Pence	93
Pfanne	93
Preisgeld	93
Pünktlich	93
Reiz	93
Rängen	93
Rückmeldungen	93
Salihamidzic	93
Samstagmittag	93
Shop	93
Sondersitzung	93
Steffi	93
Supermärkten	93
Tasten	93
Trost	93
Unfallhergang	93
Vatikan	93
Vorfällen	93
Wang	93
Wertung	93
Wildeshausen	93
Wohnhauses	93
Aktivistinnen	92
Anbindung	92
Beat	92
Begrenzung	92
Bergland	92
Bester	92
Blues	92
Brasiliens	92
Captain	92
Diensten	92
Diversität	92
Dorn	92
Ehrung	92
Empathie	92
Erzählung	92
Festnahmen	92
Gelegenheiten	92
Gerüchten	92
Goldpreis	92
Kellner	92
Kohlendioxid	92
Kriminellen	92
Landeshauptfrau	92
Leistungsträger	92
Listen	92
Lizenz	92
Ludwigshafen	92
Mauern	92
Mittelstand	92
Nationalteam	92
Personalien	92
Renner	92
Reserven	92
Skulptur	92
Sofia	92
Speziell	92
Stadtteilen	92
Transaktionen	92
Unionsfraktion	92
Urkunde	92
Urteile	92
Vermittler	92
Verpflegung	92
Versicherte	92
Victor	92
Vitamin	92
Wertschöpfung	92
Wiesbadener	92
Ajax	91
Amtsinhaber	91
Anrufer	91
Anwältin	91
Atomkraft	91
Auffahrunfall	91
Aufzeichnungen	91
Bauvorhaben	91
Bekanntheit	91
Bellen	91
Benutzer	91
Beseitigung	91
Bob	91
Browser	91
Bundesagentur	91
Chefredakteur	91
Dark	91
Depot	91
Echo	91
Einsatzleiter	91
Fronten	91
Gallen	91
Gassen	91
Getränk	91
Goldmedaille	91
Grimm	91
Görlitz	91
Hausbesitzer	91
Hunderten	91
Info	91
Innenraum	91
Jahrelang	91
Khan	91
Klartext	91
Kleider	91
Klingt	91
Klosterneuburg	91
Konservativen	91
Koordination	91
Kraftstoffe	91
Landshut	91
Mietvertrag	91
Motorsport	91
Rabatte	91
Rausch	91
Regierende	91
Registrierung	91
Reparaturen	91
Rädern	91
Schwankungen	91
Sektoren	91
Supermärkte	91
Säulen	91
Süddeutschen	91
Theaters	91
Threads	91
Treiber	91
Vergehen	91
Verhaftung	91
Verhängnis	91
Vorfahrt	91
Vorgabe	91
Vorurteile	91
Welchen	91
Wettbewerbs	91
Wiederholung	91
Zelte	91
Zeugnis	91
Zonen	91
Alba	90
America	90
Auszubildenden	90
Autoverkehr	90
Bauhof	90
Beiträgen	90
Berlinale	90
Bestände	90
Bluetooth	90
Buben	90
Buchstaben	90
Depression	90
Dienststelle	90
Dimensionen	90
Elektroauto	90
Engagements	90
Erträge	90
Fahrspur	90
Family	90
Fehlverhalten	90
Fitnessstudio	90
Fleck	90
Fraktionschef	90
Gruppierung	90
Handelskammer	90
Haufen	90
Hauptsache	90
Hochhaus	90
Idealfall	90
Ihn	90
Inhaberin	90
Interpretation	90
Jahrhunderten	90
Korb	90
Küsten	90
Menü	90
Netzbetreiber	90
Neutral	90
Niko	90
Pankow	90
Pfefferspray	90
Preisträger	90
Reinhold	90
Renditen	90
Richtlinie	90
Rückenwind	90
Schulleiterin	90
Sei	90
Sirenen	90
Sportlerinnen	90
Sprengstoff	90
Stift	90
Traditionell	90
Vormarsch	90
Woran	90
Annika	89
Atlantik	89
Bagnaia	89
Bahnhofs	89
Baku	89
Bedürfnis	89
Besuche	89
Dichter	89
Dieb	89
Director	89
Dschungel	89
Eckernförde	89
Erhebungen	89
Etage	89
Experimente	89
Gedächtnis	89
Gefallen	89
Gegnern	89
Georgia	89
Gifhorn	89
Großbrand	89
Hasan	89
Hemd	89
Klimakleber	89
Kollaps	89
Krankenwagen	89
Köhler	89
Lebenserwartung	89
Lehrern	89
Lesungen	89
Materials	89
Milliardär	89
Missstände	89
Mitmenschen	89
Modi	89
Neuanfang	89
Offen	89
Officer	89
Oskar	89
Pisten	89
Platzes	89
Politikerinnen	89
Positives	89
Prinzipien	89
Rebecca	89
Reihenfolge	89
Schienen	89
Schwimmer	89
Serge	89
Siegtreffer	89
Soldatinnen	89
Spaniens	89
Stade	89
Stange	89
State	89
Thurgau	89
Tierschutz	89
Totalschaden	89
Tournee	89
Umlauf	89
Vizemeister	89
Werkstätten	89
Widerstands	89
Wirksamkeit	89
Witterung	89
Aktienkurs	88
Alben	88
Anbetracht	88
Anschein	88
Aspekten	88
Ballon	88
Baskets	88
Berufsleben	88
Bowl	88
Bürgerhaus	88
Couch	88
Diebesgut	88
Dosen	88
Dschungelcamp	88
Dämpfer	88
Einfahrt	88
Einsatzort	88
Einst	88
Entschluss	88
Erwärmung	88
Fifa	88
Flugverkehr	88
Gebot	88
Hersfeld	88
Jean	88
Jenaer	88
Kinderwagen	88
Konzernchef	88
Kühe	88
Letztendlich	88
Liveticker	88
Modern	88
Neugestaltung	88
Obama	88
Panzern	88
Platzierung	88
Positiv	88
Puls	88
Pächter	88
Segeberg	88
Seiner	88
Shiffrin	88
Sommerfest	88
Spaltung	88
Spätsommer	88
Steht	88
Straßburg	88
Student	88
Tatsachen	88
Tiefpunkt	88
Verletzt	88
Versicherten	88
Wiesn	88
Xiaomi	88
Youngster	88
Zusammenhänge	88
Zweitligist	88
Übernachtungen	88
Anderson	87
Anzug	87
Arne	87
Arthur	87
Aufbruch	87
Auszahlung	87
Bebauung	87
Bergrettung	87
Betrachtung	87
Britta	87
Bundestags	87
Dankbarkeit	87
Deine	87
Dich	87
Dietrich	87
Ducati	87
Dunkeln	87
Eckball	87
Einwanderung	87
Elvis	87
Erhaltung	87
Etappen	87
Facetten	87
Feierabend	87
Formulierung	87
Free	87
Geben	87
Gefühlen	87
Geheimnisse	87
Germania	87
Gerücht	87
Gesamtschule	87
Gladbacher	87
Helikopter	87
Jurist	87
Juristen	87
Kalten	87
Klassik	87
Kocher	87
Krüger	87
Lehren	87
Linde	87
Lokale	87
Malen	87
Marx	87
Mary	87
Megawatt	87
Merkmale	87
Millionenhöhe	87
Millionär	87
Nature	87
Nervosität	87
Paderborner	87
Paragraf	87
People	87
Peters	87
Pipeline	87
Problematik	87
Rentenreform	87
Sammler	87
Schieflage	87
Schiffen	87
Schlamm	87
Schuh	87
Schusswaffe	87
Schüssel	87
Studentin	87
Tabellenführung	87
Tweets	87
Tänzer	87
Täters	87
Tölz	87
Tübingen	87
Verdienste	87
Verschiedene	87
Voraus	87
Wahlergebnis	87
Wehen	87
Wölfen	87
Abschneiden	86
Altach	86
Aufführungen	86
Beleg	86
Cameron	86
Ehrenamtliche	86
Euroraum	86
Farke	86
Fertigung	86
Forscherinnen	86
Frisch	86
Holland	86
Isar	86
Jauch	86
Justizanstalt	86
Kaufpreis	86
Kneipe	86
Kohl	86
Komplexität	86
Kraus	86
Küstenwache	86
Lettland	86
Letzterer	86
Linnemann	86
Lüge	86
Maxim	86
Neuhaus	86
Notenbanken	86
Odermatt	86
Paraden	86
Ratgeber	86
Regal	86
Salzburgs	86
Samen	86
Siegerehrung	86
Singles	86
Skulpturen	86
Steuererklärung	86
Stücken	86
Sucht	86
Techniker	86
Voice	86
Vollbrand	86
Wahlsieg	86
Wetters	86
Wirklich	86
Wohin	86
Zeilen	86
Anhaltspunkte	85
Aue	85
Australier	85
Autofahrern	85
Beamter	85
Belgier	85
Belästigung	85
Berührung	85
Chrupalla	85
Content	85
Desinformation	85
Development	85
Dnipro	85
Dreck	85
Fenstern	85
French	85
Giorgia	85
Grippe	85
Hatte	85
Herzogin	85
Hunter	85
Härte	85
Höchststand	85
Höcke	85
Imbiss	85
Initiatoren	85
Islamischen	85
Jahrhunderte	85
Jamie	85
Karfreitag	85
Lasten	85
Lebewesen	85
Lenkrad	85
Luftangriffe	85
Marktführer	85
Mentalität	85
Mitgefühl	85
Musikerinnen	85
Ortsvorsteher	85
Osnabrücker	85
Rangnick	85
Recycling	85
Salat	85
Schulhof	85
Schützlinge	85
Skifahrer	85
Sparen	85
Spaziergänger	85
Startlöchern	85
Symbolfoto	85
Trikots	85
Trinken	85
Uhrzeit	85
Vermarktung	85
Vertreterinnen	85
Wartung	85
Wassers	85
Windenergie	85
Zero	85
Abgaben	84
Alois	84
Altersvorsorge	84
Atemalkoholtest	84
Ausnahmezustand	84
Ausscheiden	84
Banner	84
Becher	84
Befürworter	84
Belange	84
Bewohnerin	84
Bundestages	84
Digitale	84
Dinner	84
Egger	84
Einsicht	84
Forint	84
Forschern	84
Geister	84
Gemeint	84
Geschäftsmann	84
Gesetzesentwurf	84
Gleichstellung	84
Grades	84
Größenordnung	84
Götze	84
Haslauer	84
Homosexualität	84
Importe	84
Jacob	84
Janine	84
Kasseler	84
Kumpel	84
Kursen	84
Landesrat	84
Lautstärke	84
Leonardo	84
Lotto	84
Luftraum	84
Länderspiele	84
Materie	84
Melk	84
Missbrauchs	84
Möller	84
Nachdruck	84
Neuwahlen	84
Oberkörper	84
Objekten	84
Ott	84
Personalkosten	84
Pia	84
Projektleiter	84
Sander	84
Schande	84
Schleudern	84
Schlimmeres	84
Stadien	84
Transaktion	84
Türken	84
Verkehrs	84
Verstoßes	84
Visa	84
Volksbank	84
Vorher	84
Watzke	84
Willkommen	84
Wirken	84
Wunde	84
Zentren	84
Aaron	83
Aktionstag	83
Alpha	83
Altman	83
Artillerie	83
Ausweg	83
Autohersteller	83
Beurteilung	83
Blockaden	83
Brocken	83
Buchmesse	83
Busch	83
Bürgerkrieg	83
Christmas	83
Court	83
Diktator	83
Durchmesser	83
Engpässe	83
Entsorgung	83
Erneuerbaren	83
Familienvater	83
Fieber	83
Friends	83
Gemeindegebiet	83
Generalprobe	83
Gesten	83
Glaubt	83
Gärtner	83
Helligkeit	83
Hongkong	83
Impuls	83
Islamisten	83
Joint	83
Jupiter	83
Kanälen	83
Karriereende	83
Kiste	83
Komplizen	83
Kreisverwaltung	83
Leerstand	83
Leichtigkeit	83
Lost	83
Masche	83
Minderjährige	83
Mistelbach	83
Offensichtlich	83
Panne	83
Pfarrkirche	83
Phil	83
Preiserhöhung	83
Prominente	83
Sabrina	83
Satzung	83
Spieltage	83
Stadtzentrum	83
Starts	83
Stella	83
Summer	83
Tony	83
Ukrainekrieg	83
Verantwortliche	83
Vollzug	83
Vorfahren	83
Wettbewerbe	83
Wings	83
Wohneinheiten	83
Wurde	83
Wurst	83
Ökonom	83
Übergewicht	83
Abbildung	82
Abgeordneter	82
Accounts	82
Adidas	82
Alexa	82
Andrej	82
Bachmann	82
Barrel	82
Basketballer	82
Belege	82
Biergarten	82
Bremsen	82
Bruck	82
Dachau	82
Defender	82
Drittstaaten	82
Einschätzungen	82
Erzählungen	82
Express	82
Feuers	82
Freiheiten	82
Fristen	82
Gesamtschaden	82
Geschehnisse	82
Harris	82
Horror	82
Ina	82
Jemen	82
Juan	82
Komplikationen	82
Kruse	82
Kuh	82
Körpers	82
Kühnert	82
Liegen	82
Lokführer	82
Machen	82
Marianne	82
Milei	82
Minimum	82
Moderation	82
Module	82
Neumarkt	82
Norddeutschland	82
Oberpfalz	82
Parlamentswahl	82
Partnerschaften	82
Preisverleihung	82
Recklinghausen	82
Rettungsaktion	82
Reus	82
Rita	82
Rücksprache	82
Sachverhalt	82
Schlachtfeld	82
Siedler	82
Sportliche	82
Staatspräsident	82
Staatsregierung	82
Straftäter	82
Sängerinnen	82
Taucher	82
Thematik	82
Time	82
Totschlags	82
Umkreis	82
Verbrenner	82
Vizepräsidentin	82
Vorort	82
Wandern	82
Weit	82
Wiederaufnahme	82
Wohngebiet	82
Wohnungsmarkt	82
Worum	82
Übergriffen	82
Abendstunden	81
Abnehmer	81
Abschnitte	81
Bass	81
Begleitet	81
Begrüßung	81
Bibel	81
Campingplatz	81
Central	81
Contest	81
Defizite	81
Delmenhorst	81
Dreesen	81
Dörfern	81
Epic	81
Erlangen	81
Erstes	81
Flüssen	81
Geldbörse	81
Genfer	81
Genre	81
Grundversorgung	81
Hauch	81
Hausaufgaben	81
Heimspiele	81
Hochdruck	81
Hoffentlich	81
Integrität	81
Intensivstation	81
Ivan	81
Johnny	81
Jorge	81
Juventus	81
Kenntnisse	81
Kindergartens	81
Klassenzimmer	81
Kleinigkeiten	81
Kogler	81
Kreditkarte	81
Kreisstadt	81
Logik	81
Masters	81
Mordkommission	81
Neuendorf	81
Newsletter	81
Oftmals	81
Opa	81
Oscars	81
Osteuropa	81
Pal	81
Regimes	81
Reichtum	81
Rotenburg	81
Run	81
Schwimmbad	81
Schöneberger	81
Seniorinnen	81
Spielplan	81
Staatskanzlei	81
Straßenbahnen	81
Suchaktion	81
Sylt	81
Tiergarten	81
Unwettern	81
Vera	81
Verkäufe	81
Verständigung	81
Vierter	81
Walking	81
Weihnachtsfest	81
Wichtige	81
Worauf	81
Yoga	81
Zunge	81
Abflug	80
Abkehr	80
Arnsberg	80
Artikels	80
Atelier	80
Austritt	80
Berichts	80
Bin	80
Brauch	80
Braut	80
Bundesamtes	80
Burkhard	80
Carolin	80
Carolina	80
Cockpit	80
Datenbank	80
Dauerregen	80
Desaster	80
Dominanz	80
Elena	80
Emil	80
Festland	80
Finn	80
Geldstrafen	80
Grundwasser	80
Habecks	80
Harmonie	80
Ibrahim	80
Jannik	80
Japans	80
Jeremy	80
Just	80
Kanzlei	80
Kaution	80
Kenia	80
Kiews	80
Klick	80
Kuleba	80
Laub	80
Lebensdauer	80
Legalisierung	80
Längerem	80
Mine	80
Miriam	80
Missionen	80
Neuwagen	80
Nigeria	80
Organe	80
Organisator	80
Patientin	80
Personalie	80
Pietro	80
Programmen	80
Publisher	80
Radverkehr	80
Rennens	80
Royals	80
Schaffen	80
Schaffhausen	80
Schenk	80
Schlimmste	80
Schreiber	80
Sieht	80
Spannend	80
Staatsoper	80
Staatsschutz	80
Strafstoß	80
Ständerat	80
Tempolimit	80
Terminal	80
Thioune	80
Tierarzt	80
Tönen	80
Verpackungen	80
Vertretung	80
Waldviertel	80
Wochenbeginn	80
Woidke	80
Absprachen	79
Access	79
Alain	79
Altersklasse	79
Ankündigungen	79
Arztpraxen	79
Bauarbeiter	79
Beerdigung	79
Betriebsrat	79
Beweismittel	79
Bezirks	79
Bezirksamt	79
Bosse	79
Cannes	79
Dagmar	79
Dreh	79
Eichsfeld	79
Eigentor	79
Eingangsbereich	79
Eisen	79
Etliche	79
Exemplar	79
Feuerwehrmann	79
Gameplay	79
Gefangene	79
Geldern	79
Gemeinderats	79
Herausforderer	79
Igel	79
Kilowattstunden	79
Kontrast	79
Kunststoff	79
Marseille	79
Mitmachen	79
Montagvormittag	79
Mädels	79
Nachbarin	79
Newcastle	79
Parlamentarier	79
Pep	79
Periode	79
Pforten	79
Powell	79
Provokation	79
Rauswurf	79
Rene	79
Routine	79
Rudolstadt	79
Rust	79
Saisonauftakt	79
Sexualität	79
Siegerin	79
Sommerhaus	79
Stadtpark	79
Stadtteile	79
Streitkräften	79
Sämtliche	79
Tarifvertrag	79
Toronto	79
Ungarns	79
Unterdrückung	79
Vorrang	79
Wacken	79
Weshalb	79
Wärmeplanung	79
Zubereitung	79
Abgrund	78
Acker	78
Aigner	78
Albrecht	78
Alpine	78
Arbeitszeiten	78
Archäologen	78
Aufschluss	78
Autounfall	78
Bahrain	78
Betrugs	78
Bielefelder	78
Bonus	78
Bundesstaaten	78
Bundestrainerin	78
Coburg	78
Constantin	78
Dein	78
Diplomatie	78
Droge	78
Duft	78
Entertainer	78
Erben	78
Erpressung	78
Europaparlament	78
Fachwissen	78
Fahrgästen	78
Feste	78
Flyer	78
Funde	78
Förster	78
Gab	78
Heinsberg	78
Historie	78
Hitzewelle	78
Immobilienmarkt	78
Jene	78
Jeweils	78
Jugendfeuerwehr	78
Jutta	78
Jüdinnen	78
Komiker	78
Kreuzbandriss	78
Kritikern	78
Leader	78
Leroy	78
Letztes	78
Linden	78
Liquidität	78
Lockdowns	78
Masked	78
Mediathek	78
Melsungen	78
Moore	78
Nahost	78
Nordhessen	78
Oberst	78
Parkett	78
Philippe	78
Philippinen	78
Plakaten	78
President	78
Realisierung	78
Redner	78
Rotterdam	78
Saalfeld	78
Santiago	78
Sattelzug	78
Schindler	78
Schulzeit	78
Seidl	78
Seitens	78
Sicherheitslage	78
Skoda	78
Soziale	78
Sperrungen	78
Sprüche	78
Sprünge	78
Steinbach	78
Tabellenzweiten	78
Takt	78
Trophäe	78
Westfalen	78
Wirtz	78
Wochenmarkt	78
Wormser	78
Zeichnungen	78
Zigarette	78
Äste	78
Öffnen	78
Akteur	77
Altersgruppe	77
Asylpolitik	77
Aufstockung	77
Beauty	77
Bruchteil	77
Böse	77
Dachstuhl	77
Danny	77
Days	77
Diego	77
Displays	77
Ehrgeiz	77
Eintrag	77
Elementen	77
Emmerich	77
Erfinder	77
Ermordung	77
Felsen	77
Flamme	77
Gedichte	77
Gendern	77
German	77
Gleisen	77
Goalie	77
Hauptgrund	77
Hilfswerk	77
Hintergründen	77
Inland	77
Kampfpanzern	77
Konkrete	77
Korrektur	77
Köstlichkeiten	77
Lampedusa	77
Lehrkräften	77
Linienbus	77
Lyon	77
Längst	77
Malte	77
Marktwert	77
Mitleidenschaft	77
Mittels	77
Motorräder	77
Nachdenken	77
Nauheim	77
Neuss	77
Niederbayern	77
Nübel	77
Ohnehin	77
Pannen	77
Prozentpunkt	77
Präzision	77
Public	77
Pärchen	77
Rache	77
Repertoire	77
Rückraum	77
Sale	77
Sanitäter	77
Schalter	77
Schub	77
Spielweise	77
Stirn	77
Stromnetz	77
Strände	77
Sömmerda	77
Taxifahrer	77
Ten	77
Theo	77
Ukrainern	77
Umweg	77
Veto	77
Vollzeit	77
Vorschein	77
Vorwand	77
Zentralbanken	77
Zweitens	77
Überarbeitung	77
Abendkasse	76
Achten	76
Afrikas	76
Auer	76
Aufenthaltsort	76
Aufwertung	76
Baumgartner	76
Besitzerin	76
Bleiben	76
Budgets	76
Charts	76
Diabetes	76
Diejenigen	76
Drive	76
Erfolgs	76
Erzieher	76
Eurovision	76
Fahrgast	76
Feststellung	76
Food	76
Formate	76
Gespür	76
Googles	76
Hausarzt	76
Herzinfarkt	76
Hitzewellen	76
Holt	76
Impfstoff	76
Infolge	76
Ingenieure	76
Kay	76
Kilicdaroglu	76
Kommunalpolitik	76
Krefelder	76
Landesebene	76
Leitzinsen	76
Lieferengpässe	76
Länderspiel	76
Meetings	76
Messerattacke	76
Mödling	76
Nachbarländern	76
Nasa	76
Neos	76
Oberhof	76
Olympics	76
Paares	76
Palace	76
Paramount	76
Peine	76
Polizeiwache	76
Rebellion	76
Regenfällen	76
Rügen	76
Schlussmann	76
Schulleitung	76
Solutions	76
Strang	76
Strassen	76
Talk	76
Tarifstreit	76
Tomas	76
Täglich	76
Unternehmerin	76
Uraufführung	76
Veit	76
Vorsorge	76
Weltraum	76
Western	76
Überschrift	76
Ableger	75
Abreise	75
Aktivist	75
Ampelregierung	75
Arbeitgebern	75
Auswärtssieg	75
Baumaßnahmen	75
Beisein	75
Berufen	75
Blaulicht	75
Date	75
Denkt	75
Elektronik	75
Erhöhungen	75
Erstmeldung	75
Erzgebirge	75
Faszination	75
Fluggäste	75
Führer	75
Gastgeberinnen	75
Gefährt	75
Gegenden	75
Gehör	75
Genesung	75
Geretsried	75
Gesetzen	75
Gordon	75
Hausnummer	75
Head	75
Hereingabe	75
Herner	75
Ingenieur	75
Jets	75
Komponente	75
Korneuburg	75
Kuba	75
Köpenicker	75
Lagarde	75
Laimer	75
Landbauer	75
Langfristig	75
Luke	75
Madonna	75
Magistrat	75
Mahlzeit	75
Manipulation	75
Meteorologe	75
Mobility	75
Motiven	75
Neujahr	75
Neukunden	75
Nora	75
Okay	75
Pfingsten	75
Pinzgau	75
Preises	75
Referendum	75
Regionalverkehr	75
Ruanda	75
Ruhm	75
Saturn	75
Schongau	75
Schreiner	75
Schulkinder	75
Schulungen	75
Schäuble	75
Silbereisen	75
Sparer	75
Speisekarte	75
Sprechers	75
Tagung	75
Terrorangriff	75
Theaterstück	75
Uniklinik	75
Unterm	75
Vergessen	75
Versöhnung	75
Videobotschaft	75
Vorgesetzten	75
Völkermord	75
Warburg	75
Wassermassen	75
Weihnachtsmann	75
Wermelskirchen	75
Wettkämpfe	75
Winters	75
Wärmewende	75
Zeiss	75
Zelle	75
Zeugenaussagen	75
Zirkus	75
Übersetzung	75
Überstunden	75
Acts	74
Amts	74
Arbeitstag	74
Ausgestaltung	74
Ausweis	74
Bay	74
Beträge	74
Bitter	74
Blutentnahme	74
Brown	74
Chicago	74
Chiefs	74
Devise	74
Duelle	74
Duty	74
Eher	74
Eingreifen	74
Elterngeld	74
Ensembles	74
Erlöse	74
Festung	74
Flusses	74
Glasfaser	74
Glyphosat	74
Gustav	74
Hamann	74
Handschellen	74
Heilbronn	74
Herd	74
Hilfsmittel	74
Hyundai	74
Igor	74
Kantone	74
Karibik	74
Ken	74
Konzerts	74
Königs	74
Lausanne	74
Ligen	74
Ligt	74
Mandate	74
Maps	74
Montagmittag	74
Moukoko	74
Mögliche	74
Nachmittags	74
Nachsehen	74
Nächten	74
Ostersonntag	74
Parallelen	74
Pfeffer	74
Pässe	74
Quiz	74
Radeon	74
Ratingen	74
Realschule	74
Sanierungen	74
Schrauben	74
Schärfste	74
Sportlich	74
Stage	74
Stammspieler	74
Standpunkt	74
Streaming	74
Stromkosten	74
Tank	74
Tankstellen	74
Ullrich	74
Umgekehrt	74
Vize	74
Voraussicht	74
Vorbilder	74
Websites	74
Weite	74
Weltverband	74
Wimmer	74
Wohnbau	74
Zauber	74
Zuständigkeit	74
Zypern	74
Abrechnung	73
Abständen	73
Abwicklung	73
Alan	73
Albtraum	73
Arbeitslosen	73
Assistenten	73
Aufpreis	73
Aufrufe	73
Aula	73
Autobahnpolizei	73
Bauten	73
Bereicherung	73
Betriebskosten	73
Blitz	73
Brian	73
Brüsseler	73
Bundesminister	73
Chemikalien	73
Clara	73
Colorado	73
Cover	73
Deniz	73
Diesem	73
Donbass	73
Enrico	73
Entwürfe	73
Ewigkeit	73
Fachbereich	73
Frachter	73
Frankfurts	73
Frontlinie	73
Gegenständen	73
Grau	73
Gymnasiums	73
Hainer	73
Hartmut	73
Hattingen	73
Hauswand	73
Henrik	73
Hochzeiten	73
Hütten	73
Islamischer	73
Isolation	73
Journalistinnen	73
Jüngere	73
Kisten	73
Kufstein	73
Lagerhalle	73
Laien	73
Landesverband	73
Leoben	73
Liegenschaften	73
Mariupol	73
Melodien	73
Metropolen	73
Mobbing	73
Mobiltelefon	73
Momentum	73
Nachts	73
Omar	73
Orange	73
Passagen	73
Passant	73
Pavillon	73
Platzverweis	73
Polizeistreife	73
Positionierung	73
Prigoschins	73
Professorin	73
Prozessen	73
Rate	73
Remake	73
Rosenheim	73
Schwachstelle	73
Schwer	73
Schätze	73
Sonneberg	73
Spott	73
Stromerzeugung	73
Superstars	73
Svenja	73
Tegernsee	73
Umwelthilfe	73
Unsinn	73
Upgrade	73
Verlassen	73
Vonovia	73
Vorschlägen	73
Waschmaschine	73
Wasserstand	73
Weltrangliste	73
Whatsapp	73
Wiedereröffnung	73
Wäsche	73
Zwischenfälle	73
Abfälle	72
Altar	72
Anlegern	72
Anschlüsse	72
Argumentation	72
Artenschutz	72
Assistent	72
Aufwärtstrend	72
Ausbeutung	72
Australian	72
Auszählung	72
Bard	72
Beachtung	72
Blauen	72
Boateng	72
Boxen	72
Braucht	72
Bränden	72
Bundesamts	72
Bärbel	72
Böblingen	72
Denise	72
Dir	72
Einwohnerinnen	72
Erschließung	72
Flutkatastrophe	72
Fremde	72
Föderation	72
Gestalt	72
Gosens	72
Greiz	72
Haftstrafen	72
Hot	72
Jedi	72
Jerome	72
Kampagnen	72
Kansas	72
Kanzlers	72
Kaufkraft	72
Kissinger	72
Kontinuität	72
Künste	72
Landsleute	72
Leichnam	72
Luftfahrt	72
Manta	72
Mast	72
May	72
Maßstäbe	72
Memmingen	72
Mittelstürmer	72
Nachfragen	72
Nachholbedarf	72
Nordirland	72
Notaufnahme	72
Oberhand	72
Oberland	72
Olpe	72
Optimierung	72
Ortskern	72
Ozean	72
Parkplätzen	72
Passage	72
Puma	72
Radar	72
Register	72
Reichen	72
Roberto	72
Rohr	72
Rohrbach	72
Schmutz	72
Schutzmaßnahmen	72
Spielberg	72
Stamm	72
Stellplätze	72
Stephen	72
Steuereinnahmen	72
Suppe	72
Südwest	72
Tritt	72
Venezuela	72
Vorgeschmack	72
Vögeln	72
Waldbränden	72
Wohnmobil	72
Wolfratshausen	72
Ziegler	72
Zuckerberg	72
Zugabe	72
Überlebende	72
Adventskalender	71
Anschlägen	71
Antonia	71
Asteroiden	71
Aussprache	71
Auszug	71
Bars	71
Berlusconi	71
Brad	71
British	71
Bruce	71
Bundesheer	71
College	71
Diepholz	71
Eigenheim	71
Einbrüche	71
Fallen	71
Frauenfußball	71
Fred	71
Frühschoppen	71
Gigawatt	71
Grafikkarten	71
Gruppierungen	71
Gunsten	71
Handvoll	71
Haustiere	71
Herzblut	71
Holetschek	71
Jeff	71
Kennedy	71
Kirchberg	71
Klagenfurter	71
Liberty	71
Lok	71
Machtkampf	71
Mahlzeiten	71
Medical	71
Nachschub	71
Nächste	71
Patch	71
Pfleger	71
Physik	71
Project	71
Protestaktion	71
Präsidentenwahl	71
Regierenden	71
Republikanern	71
Ressort	71
Road	71
Romeo	71
Rundfunks	71
Saisonbeginn	71
Schlaganfall	71
Schlosses	71
Schulklassen	71
Schwäbisch	71
Schützenpanzer	71
Senats	71
Seoul	71
Siegel	71
Skandinavien	71
Soul	71
Sozialwohnungen	71
Spandau	71
Stadträtin	71
Streamer	71
Vandalismus	71
Venus	71
Vernichtung	71
Videoaufnahmen	71
Vulkan	71
Völkerrecht	71
Walker	71
Zoff	71
Abstimmungen	70
Adressen	70
Anhieb	70
Ansiedlung	70
Auktion	70
Bauteile	70
Beamtinnen	70
Behälter	70
Börsengang	70
Cyberpunk	70
Darmstädter	70
Eigenkapital	70
Eigentümerin	70
Erzbistum	70
Eschwege	70
Eure	70
Formation	70
Frederik	70
Fußballs	70
Fußgängerin	70
Gastronom	70
Gigi	70
Hartberg	70
Hilfsgüter	70
Häuschen	70
Hüfte	70
Hüpfburg	70
Informatik	70
Investmentbank	70
Jamal	70
Kaufen	70
Kiefer	70
Kiewer	70
Kippe	70
Kollektion	70
Konsolen	70
Leonhard	70
Lesern	70
Liegenschaft	70
Misstrauen	70
Mitschüler	70
Neustädter	70
Normen	70
Obfrau	70
Overweight	70
Packung	70
Plön	70
Polizistinnen	70
Preisanstieg	70
Presley	70
Prämien	70
Psychologie	70
Rangliste	70
Ratten	70
Regelmäßig	70
Rektor	70
Ressorts	70
Revier	70
Robbie	70
Rücklagen	70
Sabitzer	70
Sauna	70
Schauen	70
Schuhen	70
Schwelle	70
Tageslicht	70
Toppmöller	70
Turniere	70
Turnieren	70
Tusk	70
Verden	70
Vice	70
Weide	70
Weizen	70
Welpen	70
Wendung	70
Willy	70
Winterberg	70
Zulauf	70
Zusammenleben	70
Äußerung	70
Abwärtstrend	69
Amberg	69
Anker	69
Ansturm	69
Asus	69
Attentat	69
Aufruhr	69
Bestimmung	69
Betreten	69
Buchhandlung	69
Bundesligist	69
Bußgelder	69
Christof	69
Dallas	69
Davis	69
Dienstagmittag	69
Draht	69
Droht	69
Ehrungen	69
Einbußen	69
Einvernehmen	69
Erforschung	69
Ermittlung	69
Evolution	69
Filip	69
For	69
Forest	69
Forst	69
Foulelfmeter	69
Friedrichstraße	69
Funken	69
Gene	69
Gerber	69
Gerne	69
Gesamtwert	69
Geschäftsstelle	69
Gewalttaten	69
Gläser	69
Gmunden	69
Guardian	69
Haie	69
Hartz	69
Heft	69
Heimweg	69
Herausgabe	69
Hollabrunn	69
Hören	69
Insolvenzen	69
Ironie	69
Israelische	69
Kante	69
Katastrophen	69
Kinderarmut	69
Klienten	69
Knoblauch	69
Kobel	69
Kündigungen	69
Labbadia	69
Major	69
Mangelware	69
Meistens	69
Menden	69
Mietwohnungen	69
Neuausrichtung	69
Norm	69
Nähere	69
Obergrenze	69
Outfits	69
Pferden	69
Pflichtspiel	69
Pianist	69
Populismus	69
Prämie	69
Quoten	69
Rechnungshof	69
Rennstall	69
Revue	69
Rufe	69
Sauer	69
Schadenshöhe	69
Schere	69
Scherz	69
Seien	69
Semester	69
Silver	69
Sommermonaten	69
Spielbetrieb	69
Stadträte	69
Söldnertruppe	69
Tasse	69
Taufe	69
Theresa	69
Trauma	69
Unterhaching	69
Valentinstag	69
Vernissage	69
Vingegaard	69
Vorarbeit	69
Widersprüche	69
Zelda	69
Zuverlässigkeit	69
Zweikämpfe	69
Älteren	69
Andernfalls	68
Anfahrt	68
Anita	68
Anträgen	68
Antwerpen	68
Arbeitsminister	68
Atemschutz	68
Baubeginn	68
Bauprojekt	68
Begonnen	68
Benz	68
Berufserfahrung	68
Bestzeit	68
Bezüge	68
Borrell	68
Brett	68
Bundeskabinett	68
Chats	68
Cruise	68
Diebstähle	68
Dortmunds	68
Duda	68
Englands	68
Fabriken	68
Freudenberg	68
Gebiets	68
Geisel	68
Gottfried	68
Göppingen	68
Hagener	68
Hart	68
Hügel	68
Irgendwie	68
Jüngsten	68
Katalog	68
Kühlung	68
Kühn	68
Landwirten	68
Langeweile	68
Leihe	68
Lichtenberg	68
Luftangriffen	68
Lüneburg	68
Minderjährigen	68
Mio	68
Mitteleuropa	68
Montage	68
Network	68
Neuschnee	68
Nicola	68
Nährstoffe	68
Oberwart	68
Offenburger	68
Parteispitze	68
Pater	68
Pilz	68
Portemonnaie	68
Pressestelle	68
Pride	68
Profifußball	68
Prozessor	68
Ramelow	68
Resultate	68
Rollenspiel	68
Ronald	68
Rostocker	68
Saisonfinale	68
Schallenberg	68
Schauern	68
Serhou	68
Sobotka	68
Sonde	68
Spears	68
Speed	68
Sportwagen	68
Sprich	68
Stabilisierung	68
Stühle	68
Tölzer	68
Versammlungen	68
Vielfaches	68
Vorhersage	68
Vorlieben	68
Waldbrand	68
Wohngebäude	68
Währenddessen	68
Zoom	68
Zuger	68
Zweibrücken	68
Öffentlichen	68
Überflutungen	68
Alphabet	67
Antje	67
Aufzug	67
Automatisierung	67
Ballons	67
Beatrice	67
Bestseller	67
Blasmusik	67
Blüte	67
Boy	67
Brennstoffe	67
Britney	67
Bündnisses	67
Champion	67
Christa	67
Christi	67
Deck	67
Dringlichkeit	67
Dusche	67
Dächer	67
Eduard	67
Enden	67
Esther	67
Expansion	67
Flur	67
Folgenden	67
Französisch	67
Gattin	67
Geheimdienste	67
Gemüter	67
Gesetzgebung	67
Glätte	67
Großraum	67
Hauptfigur	67
Hausmeister	67
Hub	67
Höhere	67
Kragen	67
Krediten	67
Kriegen	67
Kugeln	67
Lilly	67
Lord	67
Magie	67
Mandant	67
Mietern	67
Minsk	67
Moon	67
Musikalisch	67
Mützenich	67
Nikola	67
Oberdorf	67
Oslo	67
Osterferien	67
Ostermontag	67
Pay	67
Philharmonie	67
Philips	67
Posts	67
Prototyp	67
Schadens	67
Schick	67
Schlosspark	67
Senatorin	67
Serben	67
Sieges	67
Slalom	67
Sonntagmittag	67
Spurensicherung	67
Stadtbibliothek	67
Tamara	67
Tanner	67
Tierschützer	67
Trauerfeier	67
Trümmer	67
Ubisoft	67
Valencia	67
Verantwortlich	67
Verbrecher	67
Verdienst	67
Wertsachen	67
Wette	67
Währungen	67
Zeugenhinweise	67
Zwiebeln	67
Abgänge	66
Abiturienten	66
Abwasser	66
Abwehrchef	66
Achse	66
Aktive	66
Alaba	66
Albums	66
Arbeitsalltag	66
Argentinier	66
Ausdauer	66
Aushängeschild	66
Austrian	66
Bart	66
Baubranche	66
Bedeutet	66
Bistum	66
Bomben	66
Bond	66
Böhm	66
Celle	66
Dreieck	66
Electric	66
Energiekonzern	66
Erleichterungen	66
Fahrweise	66
Filter	66
Fuss	66
Gothaer	66
Gruppenspiel	66
Gräben	66
Helsinki	66
Herbstferien	66
Industriegebiet	66
Kalorien	66
Kehrtwende	66
Kingdom	66
Kinofilm	66
Kommandeur	66
Kräuter	66
Kämmerer	66
Lebensfreude	66
Maik	66
Mails	66
Mantel	66
Medienberichte	66
Mittwochmittag	66
Mülltonnen	66
Obdachlose	66
Ordner	66
Ostukraine	66
Passau	66
Peugeot	66
Player	66
Potenziale	66
Quarterback	66
Raiffeisen	66
Raumstation	66
Renten	66
Rhetorik	66
Rupert	66
Rückendeckung	66
Schnitzel	66
Selfie	66
Seoane	66
Startplatz	66
Steigende	66
Strauß	66
Süddeutsche	66
Terodde	66
Todesfall	66
Trek	66
Wanken	66
Weiterkommen	66
Wellinger	66
Weser	66
Willingen	66
Work	66
Zahn	66
Zertifikat	66
Ziegen	66
Zielgruppen	66
Ämtern	66
Übergreifen	66
Überlegung	66
Überschuss	66
Abkommens	65
Agenten	65
Algorithmen	65
Alma	65
Analysehaus	65
Anklageschrift	65
Anklang	65
Anspielung	65
Anweisung	65
Anwohnerin	65
Arbeitsplätzen	65
Astra	65
Badegäste	65
Bautzen	65
Begutachtung	65
Beratungsstelle	65
Berufsverkehr	65
Besichtigung	65
Bildschirme	65
Biontech	65
Blaue	65
Board	65
Brasilianer	65
Brenner	65
Brexit	65
Bunker	65
Bönen	65
Classic	65
Ducksch	65
Eckpunkte	65
Edward	65
Einweihung	65
Elefanten	65
Elmar	65
Emirate	65
Entführung	65
Fachzeitschrift	65
Fasching	65
Fell	65
Fotografien	65
Friedens	65
Gates	65
Gesamtzahl	65
Gesprächs	65
Gipfels	65
Gläubigen	65
Gmünder	65
Guide	65
Gänze	65
Handels	65
Hard	65
Her	65
Hessischen	65
Hohen	65
Hospiz	65
Human	65
Initiator	65
Inventar	65
Jackpot	65
Jarasch	65
Kelly	65
Klimabewegung	65
Kommissar	65
Lampen	65
Letsch	65
Lewandowski	65
Linksfraktion	65
Luna	65
Marburg	65
Marge	65
Markenzeichen	65
Mitfahrer	65
Morawiecki	65
Musks	65
Nationalität	65
Neymar	65
Niedergang	65
North	65
Notrufe	65
Nürburgring	65
Olivenöl	65
Palma	65
Pastor	65
Pellets	65
Perry	65
Pfarre	65
Positive	65
Publikation	65
Reha	65
Residenz	65
Reuter	65
Schlepper	65
Schulte	65
Schwechat	65
Sessel	65
Speicherung	65
Spionage	65
Stegen	65
Stimmzettel	65
Stränden	65
Trainern	65
Travis	65
Töchtern	65
Verbündete	65
Verfilmung	65
Verkehrspolizei	65
Versorger	65
Vettel	65
Wacker	65
Weitergabe	65
Weltall	65
Yamaha	65
Zinserhöhung	65
Überlastung	65
Aggressor	64
Albanien	64
Appetit	64
Auftraggeber	64
Ausschusses	64
Backhaus	64
Bauausschuss	64
Beinahe	64
Bell	64
Carina	64
Channel	64
Comedy	64
Containern	64
Diözese	64
Doll	64
Däne	64
Eliten	64
Etagen	64
Evangelische	64
Fahrers	64
Falk	64
Freundschaften	64
Fußstapfen	64
Garden	64
Genauigkeit	64
Genossen	64
Geschehens	64
Gudrun	64
Götz	64
Handtasche	64
Heilige	64
Heimatverein	64
Illusion	64
Investments	64
Irene	64
Isabel	64
Kampfflugzeuge	64
Kneipen	64
Kollektiv	64
Kopfschmerzen	64
Kovac	64
Kraftwerke	64
Landjugend	64
Langen	64
Lenovo	64
Leverkusener	64
Lockdown	64
Mais	64
Meschede	64
Miss	64
Morde	64
Munde	64
Notfälle	64
Nudeln	64
Onlinedienst	64
Pflichtspiele	64
Point	64
Polizeistation	64
Promi	64
Prozessoren	64
Rafah	64
Rathauschef	64
Reederei	64
Rees	64
Resilienz	64
Reste	64
Saft	64
Schlagabtausch	64
Schlägen	64
Schwangere	64
Schweizerischen	64
Schwerer	64
Solinger	64
Steckdose	64
Straßengraben	64
Sturmtief	64
Symptomen	64
Südtiroler	64
Süle	64
Tauben	64
Tiger	64
Tram	64
Trasse	64
Ulmer	64
Unterführung	64
Unterkünften	64
Versand	64
Vertreterin	64
Verwaltungen	64
Vierte	64
Volkshochschule	64
Volksverhetzung	64
Vollgas	64
Volt	64
Warner	64
Werkself	64
Weselsky	64
Wettbewerber	64
Xabi	64
Zorn	64
Ähnliche	64
Abschließend	63
Abschlüsse	63
Adeyemi	63
Aktionären	63
Alexej	63
Alliance	63
Ansprüchen	63
Anteilsschein	63
Arbeitnehmern	63
Arbeitslose	63
Auschwitz	63
Ausschlag	63
Auswirkung	63
Backen	63
Bedrängnis	63
Besitzern	63
Bianca	63
Blockbuster	63
Bäder	63
Böhmermann	63
Carter	63
Chefarzt	63
Climate	63
Corinna	63
Debakel	63
Dialoge	63
Dobrindt	63
Dokumentarfilm	63
Dolby	63
Edge	63
Egli	63
Emre	63
Erdogans	63
Erdreich	63
Ersatzteile	63
Erwartet	63
Erzeugung	63
Extremismus	63
Fasnacht	63
Feller	63
Festhalle	63
Florenz	63
Folter	63
Fußweg	63
Gase	63
Gelben	63
Geldgeber	63
Geltung	63
Gemeindehaus	63
Gesichtern	63
Gewinnerin	63
Gigabyte	63
Gunst	63
Gutscheine	63
Harrys	63
Hinterkopf	63
Hiroshima	63
Hofreiter	63
Indes	63
Infantino	63
Jahresbericht	63
Kilian	63
Langsam	63
Laster	63
Legenden	63
Location	63
Manhattan	63
Marder	63
Memoiren	63
Messegelände	63
Moderatoren	63
Mozart	63
Nouripour	63
Planer	63
Pogacar	63
Polizeigewalt	63
Pongau	63
Raumfahrt	63
Rechenschaft	63
Rechenzentren	63
Remscheider	63
Reservisten	63
Riesen	63
Russischen	63
Röhre	63
Rückgabe	63
Salon	63
Schulung	63
Spitzengruppe	63
Stadtrand	63
Stocker	63
Stone	63
Streichung	63
Streits	63
Tab	63
Teilnehmerin	63
Tommy	63
Trapp	63
Umsatzwachstum	63
Unfallflucht	63
Ungleichheit	63
Uniform	63
Verkehrsmitteln	63
Vorgesehen	63
Wahlrecht	63
Waldes	63
Weltrekord	63
Wolfram	63
Ybbs	63
Zulieferer	63
Zwang	63
Abos	62
Adventszeit	62
Ahmed	62
Altenburg	62
Antragsteller	62
Arzneimitteln	62
Aufteilung	62
Aussetzung	62
Awdijiwka	62
Bergwacht	62
Besucherzahlen	62
Bethesda	62
Biker	62
Blog	62
Boni	62
Bänke	62
Charlottenburg	62
Check	62
Coman	62
Dani	62
Drücker	62
Endergebnis	62
Entlastungen	62
Erschöpfung	62
Extreme	62
Fiat	62
Finanzmärkten	62
Flanken	62
Fotografin	62
Freuen	62
Furore	62
Fächer	62
Fördergelder	62
Gefechte	62
Geschick	62
Girls	62
Grünfläche	62
Güterverkehr	62
Hansen	62
Hauptquartier	62
Heiner	62
Herzens	62
Hommage	62
Indizien	62
Irans	62
Kadyrow	62
Khartum	62
Knast	62
Kommunalwahlen	62
Kurier	62
Lebenswerk	62
Leitl	62
Lektüre	62
Leonie	62
Light	62
Lunge	62
Messen	62
Messung	62
Militärhilfe	62
Natalie	62
Ocean	62
Pace	62
Popstar	62
Präsidentschaft	62
Pullover	62
Pulver	62
Razzien	62
Rebounds	62
Redakteur	62
Renovierung	62
Roter	62
Schadstoffe	62
Schifffahrt	62
Schusswaffen	62
Sea	62
Sees	62
Senator	62
Skandale	62
Sollen	62
Spezialkräfte	62
Sponsor	62
Sportfreunde	62
Sprit	62
Starter	62
Statur	62
Straubing	62
Tatverdächtiger	62
Terrain	62
Trip	62
Türe	62
Umleitungen	62
Unterstützern	62
Verbrennungen	62
Verfolgungsjagd	62
Vergessenheit	62
Verkündung	62
Vertrauten	62
Verweilen	62
Vorentscheidung	62
Vornamen	62
Wen	62
Werfer	62
Wintersaison	62
Wissenschaften	62
Währungsfonds	62
Accessoires	61
Alm	61
Altena	61
Ampeln	61
Anfänge	61
Angefangen	61
Anlieger	61
Arno	61
Audio	61
Ausflugsziel	61
Ausschau	61
Bahnübergang	61
Bauamt	61
Beirat	61
Bemerkenswert	61
Berufsschule	61
Bestmarke	61
Betrachter	61
Betreibern	61
Bibliotheken	61
Blase	61
Braunau	61
Bruders	61
Cohen	61
Cristiano	61
Cybersicherheit	61
Demos	61
Dmytro	61
Eben	61
Edgar	61
Einzelhändler	61
Eklat	61
Endrunde	61
Entwicklern	61
Erliegen	61
Evil	61
Finals	61
Findet	61
Flugblatt	61
Freundes	61
Gabi	61
Gevelsberg	61
Gitarrist	61
Gremiums	61
Grüner	61
Gutschein	61
Gymnasien	61
Hauser	61
Heimspielen	61
Hoffnungsträger	61
Hold	61
Huskies	61
Imker	61
Immunität	61
Indiens	61
Inhaltsstoffe	61
Kerze	61
Ketten	61
Klicks	61
Klubobmann	61
Kulturzentrum	61
Künstlichen	61
Launch	61
Lawine	61
Lebenszeichen	61
Lech	61
Leckereien	61
Leonore	61
Malta	61
Maskottchen	61
Mehrheiten	61
Melissa	61
Microsofts	61
Minen	61
Models	61
Motorhaube	61
Mount	61
Mross	61
Mülleimer	61
Oldtimer	61
Pasta	61
Platten	61
Polster	61
Praktiken	61
Prüfstand	61
Puppe	61
Reality	61
Rechtskurve	61
Rechtslage	61
Rockstar	61
Sarg	61
Schaut	61
Schlotterbeck	61
Schlusspunkt	61
Schwesig	61
Sechzehner	61
Seiler	61
Sommersaison	61
Sonnenlicht	61
Spanne	61
Spielmacher	61
Staatlichen	61
Staatsstraße	61
Stadtparlament	61
Statue	61
Staunen	61
Sturms	61
Suchmaschine	61
Syriens	61
Sören	61
Tags	61
Talkshow	61
Tatwaffe	61
Teuerungsrate	61
Topmodel	61
Truck	61
Umfragewerte	61
Verkehrschaos	61
Via	61
Vorbehalte	61
Vorzeichen	61
Way	61
Wendepunkt	61
Westfalia	61
Wieselburg	61
Zeitumstellung	61
Zeller	61
Abbiegen	60
Abnehmen	60
Abstriche	60
Abtreibung	60
Akte	60
Aktualisierung	60
Akzent	60
Alberto	60
Alkoholeinfluss	60
Alkoholkonsum	60
Apfel	60
Aufkleber	60
Bankensektor	60
Bewerb	60
Bewerbern	60
Buenos	60
Bücherei	60
Dan	60
Eagles	60
Early	60
Eindämmung	60
Einflüsse	60
Einleitung	60
Erneuerbare	60
Eschweiler	60
Fakultät	60
Flohmarkt	60
Flugplatz	60
Fortführung	60
Freistil	60
Gemeinschaften	60
Gemäß	60
Hildesheim	60
Indiana	60
Indikator	60
Indiz	60
Instandsetzung	60
Jesu	60
Jugendamt	60
Jüdischen	60
Kaninchen	60
Klimakonferenz	60
Klose	60
Korbach	60
Kreislauf	60
Kriterium	60
Kundin	60
Königspaar	60
Leuchten	60
Liebhaber	60
Linus	60
Linux	60
Lässt	60
Magen	60
Matthew	60
Meeting	60
Mittagspause	60
Motion	60
Nelson	60
Netzwerks	60
Neusiedl	60
Norddeutschen	60
Nordhäuser	60
Obhut	60
Oswald	60
Pakt	60
Pen	60
Penny	60
Petr	60
Pflaster	60
Philadelphia	60
Philosoph	60
Praktikum	60
Prenzlauer	60
Prinzen	60
Rapp	60
Ratschläge	60
Rendsburg	60
Rivale	60
Rolling	60
Scham	60
Schausteller	60
Schlagerstar	60
Schrift	60
Schwarzenegger	60
Sichtweise	60
Soledar	60
Sondershausen	60
Spitäler	60
Stellungnahmen	60
Tarifkonflikt	60
Technologies	60
Terminals	60
Testament	60
Thun	60
Umwege	60
Umweltminister	60
Upamecano	60
Urne	60
Uruguay	60
Vereinigte	60
Verhaltens	60
Voraussichtlich	60
Vorgeschichte	60
Wetten	60
Wettkämpfen	60
Winde	60
Wissenschafter	60
Wissler	60
Wohnwagen	60
Wortwahl	60
Zebras	60
Übergriff	60
Activision	59
Aires	59
Aluminium	59
Anfängen	59
Apolda	59
Arbeitsagentur	59
Archivfoto	59
Ast	59
Augenzwinkern	59
Autohaus	59
Autorität	59
Banden	59
Befehl	59
Bekleidung	59
Bergbau	59
Besorgnis	59
Besuchen	59
Bodo	59
Brennstoffen	59
Brother	59
Casino	59
County	59
Creed	59
Dankeschön	59
Daun	59
Detlef	59
Drachen	59
Duschen	59
Eichen	59
Eiern	59
Einbindung	59
Eintrittskarten	59
Elternteil	59
Elton	59
Endes	59
Erden	59
Erfassung	59
Erika	59
Erlass	59
Erstligisten	59
Fahrzeuges	59
Fair	59
Fantasy	59
Festplatz	59
Flügen	59
Four	59
Fremden	59
Frühsommer	59
Fussball	59
Fußballfans	59
Führungsrolle	59
Gefragt	59
Gemeinderäte	59
Gernot	59
Glasgow	59
Gürtel	59
Hab	59
Handschrift	59
Hast	59
Heiligenstadt	59
Hemer	59
Hotelzimmer	59
Import	59
Jahresverlauf	59
Jair	59
Kanadas	59
Kapitänin	59
Kaufhaus	59
Kaulitz	59
Kemal	59
Kennenlernen	59
Klassikern	59
Kleinkind	59
Klänge	59
Kreisel	59
Krisenzeiten	59
Kristin	59
Kristina	59
Krösche	59
Kupfer	59
Käfer	59
Lacher	59
Laterne	59
Laufenden	59
Lebenszeit	59
Lichtblick	59
Luftabwehr	59
Luftqualität	59
Mafia	59
Marktteilnehmer	59
Mattersburg	59
Mittelfranken	59
Modul	59
Narrativ	59
Notebooks	59
Novum	59
Pinguine	59
Probanden	59
Ramadan	59
Regenwasser	59
Regionalzug	59
Rekordhoch	59
Riss	59
Romane	59
Rückschläge	59
Saisonspiel	59
Schacht	59
Schaufenster	59
Schlechte	59
Schlösser	59
Sechser	59
Seilbahn	59
Selten	59
Senegal	59
Sitzplätze	59
Sofern	59
Spitznamen	59
Starnberger	59
Stellenabbau	59
Supercup	59
Taste	59
Tatjana	59
Tatverdacht	59
Thriller	59
Timing	59
Titelgewinn	59
Trinkgeld	59
Tuch	59
Umbauarbeiten	59
Verringerung	59
Verstand	59
Vorteilen	59
Vorträgen	59
Vox	59
Waffengesetz	59
Wallner	59
Webseiten	59
Wertgegenstände	59
Wertpapiere	59
Wilde	59
Wildtiere	59
Wilson	59
Äpfel	59
Überdies	59
Übungsleiter	59
Absichten	58
Akkulaufzeit	58
Aktionsplan	58
Alaska	58
Amnesty	58
Anmerkung	58
Anspannung	58
Anwälten	58
Arbeitsunfall	58
Arnstadt	58
Auftritts	58
Ausbeute	58
Auslaufen	58
Ausrufezeichen	58
Ausweisung	58
Bas	58
Battle	58
Bauwirtschaft	58
Beileid	58
Bellevue	58
Binnen	58
Bio	58
Bratwurst	58
Brutalität	58
Buchungen	58
Centro	58
Cocktails	58
Cooper	58
Dampf	58
Dazwischen	58
Deep	58
Douglas	58
Drittligist	58
Duellen	58
Ecuador	58
Einordnung	58
Einzelpersonen	58
Engine	58
Englischen	58
Erkundung	58
Erweiterungen	58
Erzieherinnen	58
Executive	58
Federal	58
Flachgau	58
Freizeitpark	58
Fördervereins	58
Gelingt	58
Geraer	58
Geschirr	58
Geschwistern	58
Good	58
Heilung	58
Horizon	58
Interaktion	58
Jahresabschluss	58
Jahrzehnts	58
Jane	58
Jehovas	58
Jüngeren	58
Kathedrale	58
Kinostart	58
Kleidungsstücke	58
Klängen	58
Kommunisten	58
Kompositionen	58
Kroos	58
Kurzarbeit	58
Lakers	58
Lebensräume	58
Leber	58
Leitner	58
Lieferkette	58
Little	58
Löwin	58
Mainstream	58
Milliardenhöhe	58
Minden	58
Mirko	58
Mitsotakis	58
Mona	58
Monza	58
Neigung	58
Neubaugebiet	58
Neuwahl	58
Normalisierung	58
Nowak	58
Ortsmitte	58
Paaren	58
Part	58
Pensionen	58
Polarlichter	58
Psyche	58
Psychologen	58
Raser	58
Referent	58
Renaissance	58
Ressource	58
Roche	58
Rutschen	58
Rückbau	58
Schleuser	58
Schwert	58
Schwitzen	58
Schütz	58
Seid	58
Sicherstellung	58
Sozialhilfe	58
Springen	58
Stralsund	58
Straßenbau	58
Säcke	58
Tabellenletzten	58
Tech	58
Themas	58
Therme	58
Thron	58
Tierarten	58
Uganda	58
Unschuld	58
Unterzeichnung	58
Venture	58
Vergangenes	58
Vergleiche	58
Verglichen	58
Visionen	58
Vorerst	58
Weinviertel	58
Weltmeisterin	58
Windpark	58
Zeitreise	58
Zelten	58
Ziellinie	58
Zoos	58
Überfalls	58
Ablenkung	57
Abwanderung	57
Allgemeinheit	57
Alzheimer	57
Angreifern	57
Arbeitskreis	57
Association	57
Asylsuchende	57
Athlet	57
Aufpralls	57
Aufzeichnung	57
Augustin	57
Außen	57
Bergedorfer	57
Bergsteiger	57
Besatzer	57
Besteuerung	57
Betrugsmasche	57
Bezahlen	57
Blutdruck	57
Booten	57
Botschafterin	57
Brustkrebs	57
Böllern	57
Coaches	57
Consulting	57
Country	57
Dessert	57
Dino	57
Diplomat	57
Dreimal	57
Ehrengäste	57
Eigenschaft	57
Eile	57
Einflussnahme	57
Energiepreisen	57
Entstanden	57
Erscheinen	57
Fachmann	57
Formulierungen	57
Franke	57
Funktionäre	57
Fäden	57
Füssen	57
Gary	57
Gasheizung	57
Gebet	57
Gelingen	57
Gemeinsamkeiten	57
Gerüst	57
Gesundheitsamt	57
Großprojekt	57
Grundrechte	57
Göttinger	57
Hautfarbe	57
Havertz	57
Hecking	57
Heizkosten	57
Highway	57
Hätten	57
Höhenflug	57
Hürzeler	57
Infineon	57
Inmitten	57
Insidern	57
Jansen	57
Jong	57
Juristin	57
Justus	57
Katholischen	57
Kevelaer	57
Kick	57
Klischees	57
Klitschko	57
Klägerin	57
Kläranlage	57
Koma	57
Korn	57
Krankenstand	57
Kremser	57
Kubicki	57
Lagern	57
Landesrätin	57
Landhaus	57
Lenkerin	57
Letzt	57
Lieferwagen	57
Line	57
Made	57
Manier	57
Mechanismen	57
Michail	57
Mist	57
Modells	57
Mütze	57
Nummern	57
Oben	57
Oberfranken	57
Parameter	57
Parcours	57
Parker	57
Passagier	57
Paukenschlag	57
Paulo	57
Pavard	57
Personalausweis	57
Pfarrerin	57
Pleiten	57
Pokalsieger	57
Provinzen	57
Psychologin	57
Pumpen	57
Qualcomm	57
Raketenangriff	57
Rates	57
Reinhardt	57
Rennstrecke	57
Saar	57
Schauspielern	57
Scheibbs	57
Schimmel	57
Schirm	57
Schlüsse	57
Schlüsselrolle	57
Schriften	57
Schublade	57
Schulweg	57
Solar	57
Solaranlage	57
Spielverlauf	57
Sprinter	57
Stadions	57
Stadtwerken	57
Strafbefehl	57
Thermometer	57
Trauben	57
Treibhausgase	57
Tschechen	57
Umsatzes	57
Unterhalt	57
Uran	57
Versehen	57
Vorzüge	57
Wanderungen	57
Weiler	57
Wettbewerben	57
Wiederkehr	57
Witwe	57
Zeitfenster	57
Überlegenheit	57
Überraschend	57
Abhängigkeiten	56
Abschlag	56
Abschreibungen	56
Abstecher	56
Abweichungen	56
Alarmierung	56
Altersklassen	56
Amelie	56
Amtsgerichts	56
Anderen	56
Anfeindungen	56
Angesprochen	56
Anlehnung	56
Auftrieb	56
Aufwendungen	56
Ausschnitt	56
Ausstand	56
Aussterben	56
Autobiografie	56
Autofahren	56
Badezimmer	56
Bahnhöfe	56
Bauphase	56
Bauweise	56
Beats	56
Belgorod	56
Bergkarabach	56
Beschädigungen	56
Beteiligungen	56
Bike	56
Blitzer	56
Bodentruppen	56
Brandschutz	56
Break	56
Briefkasten	56
Broker	56
Buchung	56
Bundesbank	56
Case	56
Cash	56
Dachverband	56
Dicke	56
Dienstleistung	56
Disco	56
Division	56
Durchsetzung	56
Ecker	56
Eigentümern	56
Engels	56
Enkelkinder	56
Entlassungen	56
Erdbebenopfer	56
Erreichbarkeit	56
Exchange	56
Fallzahlen	56
Fink	56
Friedberg	56
Furcht	56
Führungstreffer	56
Fünfte	56
Fünfter	56
Gamer	56
Garagen	56
Garant	56
Gefängnissen	56
Globalen	56
Hallein	56
Handelspartner	56
Handhabung	56
Helmstedt	56
Hirsch	56
Hühner	56
Inn	56
Inwieweit	56
Jake	56
Jemand	56
Jersey	56
Jill	56
Jimmy	56
Joko	56
Kakao	56
Kantonsrat	56
Kessel	56
Kiez	56
Kirby	56
Kontakten	56
Kopftuch	56
Kostümen	56
Kratzer	56
Kreisverband	56
Krippe	56
Lab	56
Lass	56
Lausitz	56
Lebenslauf	56
Lechner	56
Leonard	56
Lombardi	56
Lynn	56
Margot	56
Matches	56
Maxi	56
Mensa	56
Mertens	56
Messerangriff	56
Militärführung	56
Mobilisierung	56
Mosel	56
Müttern	56
Nadal	56
Nahe	56
Naturpark	56
Neugier	56
Normalfall	56
Notfällen	56
Now	56
Nägel	56
Nötig	56
Pablo	56
Peiting	56
Pentagon	56
Psychotherapie	56
Purkersdorf	56
Pädagogen	56
Quartals	56
Radius	56
Rechtsprechung	56
Regelwerk	56
Regens	56
Reiseziel	56
Rossi	56
Rubel	56
Schalkes	56
Schirdewan	56
Schnittstelle	56
Schranken	56
Schwarm	56
Schwelm	56
Spendenaktion	56
Sportverein	56
Stadtfest	56
Steg	56
Stempel	56
Streumunition	56
Strömung	56
Söhnen	56
Südhessen	56
Teilnehmende	56
Terroranschlag	56
Testphase	56
Til	56
Todesstrafe	56
Ulf	56
Verbandsliga	56
Vermisste	56
Verträgen	56
Viola	56
Virkus	56
Vita	56
Vorlauf	56
Wachstums	56
Weibchen	56
Westdeutschland	56
Wiler	56
Xavi	56
Ziehung	56
Zugegeben	56
Übelkeit	56
Überweisung	56
Abbas	55
Abkürzung	55
Allgemein	55
Anstrengung	55
Ansätzen	55
Arbeitskampf	55
Autors	55
Befund	55
Belieben	55
Berset	55
Brisanz	55
Bulls	55
Bühler	55
Chiara	55
Diamanten	55
Drittligisten	55
Drucker	55
Dunkel	55
Einwechslung	55
Einwände	55
Eisenacher	55
Emilia	55
Endspurt	55
Erfolgsspur	55
Ersthelfer	55
Extremisten	55
Festzug	55
Forscherteam	55
Fällt	55
Fürs	55
Gasthof	55
Gemeinsame	55
Gerichtshofs	55
Geräts	55
Geschworenen	55
Gladbachs	55
Goethe	55
Graffiti	55
Grillen	55
Großbritanniens	55
Gräber	55
Handtuch	55
Hecke	55
Heizungstausch	55
Hellmann	55
Holzkirchen	55
Ian	55
Inge	55
Intelligence	55
Intervention	55
Joer	55
Karton	55
Kenntnisstand	55
Kerl	55
Killer	55
Kombi	55
Kriegsgebiet	55
Kronprinz	55
Kunstrasen	55
Kurpark	55
Kylian	55
Lebensunterhalt	55
Lebzeiten	55
Lilien	55
Magdeburger	55
Maximum	55
Meeres	55
Merkmal	55
Metzger	55
Mirror	55
Motors	55
Musikvereins	55
Nissan	55
Orden	55
Orlando	55
Passwörter	55
Porträts	55
Prominenz	55
Qual	55
Rechtsaußen	55
Reddit	55
Regierender	55
Rekordwert	55
Republic	55
Rieder	55
Riemann	55
Ross	55
Russe	55
Schlagzeug	55
Schläger	55
Schnelligkeit	55
Schweine	55
Shops	55
Sommerzeit	55
Sonnenuntergang	55
Spielfilm	55
Sportlerin	55
Stadtbild	55
Stadtbücherei	55
Stadtpolizei	55
Stadtwald	55
Stimmt	55
Stütze	55
Tabellenkeller	55
Tatzeit	55
Tester	55
Toto	55
Trade	55
Travemünde	55
Tumor	55
Täterinnen	55
Ukrainerinnen	55
Universe	55
Untreue	55
Verbrennung	55
Vereinsheim	55
Vermietung	55
Verwunderung	55
Villingen	55
Vorstands	55
Weggefährten	55
Weihnachtsfeier	55
Wintereinbruch	55
Würstchen	55
Zinssatz	55
Zugehörigkeit	55
Zyklus	55
Ästhetik	55
Ökosysteme	55
Abonnement	54
Alarmstufe	54
Alemannia	54
Alkoholtest	54
Andi	54
Arbeitskräften	54
Ausstoß	54
Baufirma	54
Bauherren	54
Bereichs	54
Bergmann	54
Betriebs	54
Biathlon	54
Biel	54
Blackout	54
Brandbekämpfung	54
Bridge	54
Camper	54
Catherine	54
Chöre	54
Cousin	54
Damian	54
Darbietungen	54
Dave	54
Demnächst	54
Dosis	54
Dutzenden	54
Edelmetall	54
Einbrüchen	54
Ennepetal	54
Erkältung	54
Espargaro	54
Exponate	54
Fachhochschule	54
Fahrbahnen	54
Fame	54
Finanziert	54
Fluten	54
Friedl	54
Fröhlich	54
Förderer	54
Gebirge	54
Gegenwehr	54
Gehege	54
Generalstab	54
Gislason	54
Gitter	54
Gloria	54
Grote	54
Großangriff	54
Gräueltaten	54
Gültigkeit	54
Hausmittel	54
Heino	54
Helfen	54
Hochwasserlage	54
Homberg	54
Häufigkeit	54
Ilkay	54
Instrumenten	54
Jordanien	54
Jubiläumsjahr	54
Klausel	54
Kleiner	54
Kleinkinder	54
Klimaschützer	54
Knopfdruck	54
Kongo	54
Krebserkrankung	54
Ladesäulen	54
Landespolitik	54
Lego	54
Lehrermangel	54
Löwe	54
Mahrer	54
Maibaum	54
Matthijs	54
Milieu	54
Mitbegründer	54
Monarchen	54
Märkischen	54
Nations	54
Naturschützer	54
Neonazis	54
Nmecha	54
Nächster	54
Ortsteilen	54
Palmen	54
Physiker	54
Piastri	54
Plenum	54
Plätzchen	54
Politische	54
Popularität	54
Potential	54
Privileg	54
Puck	54
Quest	54
Race	54
Ramona	54
Ramstein	54
Raytracing	54
Riad	54
River	54
Roll	54
Romantik	54
Rummenigge	54
Sahne	54
Sattel	54
Schneefälle	54
Schulabschluss	54
Sekt	54
Snapdragon	54
Solarenergie	54
Solo	54
Spitälern	54
Sprockhövel	54
Staatliche	54
Staatschefs	54
Stiftungen	54
Strahlung	54
Strauss	54
Tarifrunde	54
Tears	54
Theoretisch	54
Tirols	54
Treppen	54
Tresor	54
Täterin	54
Untergeschoss	54
Urner	54
Verlagerung	54
Verwerfungen	54
Vorhersagen	54
Vorrat	54
Waldgebiet	54
Water	54
Wattenscheid	54
Wedding	54
Wehren	54
Wendler	54
Wetzlar	54
Währungshüter	54
Zehntel	54
Zeichnung	54
Zepter	54
Zuflucht	54
Zwangspause	54
Aktienmärkte	53
Algerien	53
Ana	53
Artikeln	53
Atomkraftwerke	53
Autonomie	53
Backofen	53
Balingen	53
Bergretter	53
Bottroper	53
Brilon	53
Cathy	53
Cell	53
Christkind	53
Colin	53
Davies	53
Designs	53
Dreyer	53
Drohnenangriff	53
Drohnenangriffe	53
Dünger	53
Ebersberg	53
Ellen	53
Entsprechende	53
Essig	53
Feinstaub	53
Focus	53
Franco	53
Galerien	53
Gegenmaßnahmen	53
Geländes	53
Gewinnspiel	53
Geöffnet	53
Gläubige	53
Grundsicherung	53
Haftbefehle	53
Handballerinnen	53
Hatten	53
Hauseigentümer	53
Heart	53
Hehl	53
Henkel	53
Hergovich	53
Hobbys	53
Holzer	53
Hygiene	53
Höchstwert	53
Ikone	53
Illner	53
Indikatoren	53
Ines	53
Innern	53
Islamische	53
Jensen	53
Jon	53
Kissen	53
Klimaanlage	53
Kohleausstieg	53
Kreuzungen	53
Königsblauen	53
Köpenick	53
Ladestationen	53
Langer	53
Laufzeiten	53
Lebenshilfe	53
Likes	53
List	53
Luther	53
Maja	53
Marburger	53
Mieterinnen	53
Mittagszeit	53
Mobiltelefone	53
Monarch	53
Müllabfuhr	53
Nahezu	53
Oberhausener	53
Osterfeuer	53
Phantom	53
Pokalspiel	53
Polaschek	53
Polizeikräfte	53
Pressefreiheit	53
Prince	53
Prompt	53
Radwegen	53
Rechtsmittel	53
Regalen	53
Rein	53
Rentnerin	53
Reutlingen	53
Revanche	53
Riegel	53
Rosi	53
Rottweil	53
Rudel	53
Rundschau	53
Rückenschmerzen	53
Rückkehrer	53
Sabotage	53
Schnappschuss	53
Schrank	53
Schulgebäude	53
Setting	53
Sizilien	53
Sonnenstrahlen	53
Spagat	53
Speyer	53
Spielpraxis	53
Square	53
Staatsanleihen	53
Staatsanwälte	53
Stewart	53
Studiums	53
Sylvia	53
Tagesschau	53
Talenten	53
Talfahrt	53
Tattoo	53
Taxis	53
Teilstück	53
Thronfolger	53
Total	53
Tourist	53
Ukrainerin	53
Unions	53
Verhandlungstag	53
Verkaufszahlen	53
Vernehmung	53
Viersen	53
Vorführung	53
Vorkommnisse	53
Vorschrift	53
Weinen	53
Weisheit	53
Wettlauf	53
Windböen	53
Winterthurer	53
Wolle	53
Zerstörungen	53
Öffentliche	53
Ölheizungen	53
Abschnitten	52
Affen	52
Angel	52
Angelina	52
Angels	52
Anwärter	52
Arbeitsstunden	52
Arche	52
Auffahrt	52
Auffälligkeiten	52
Auskünfte	52
Außenwelt	52
Bachelorette	52
Balkonkraftwerk	52
Baugebiet	52
Beckmann	52
Bildqualität	52
Bobic	52
Bug	52
Care	52
Carola	52
Choreografie	52
Daniels	52
Departement	52
Durststrecke	52
Eberhard	52
Echte	52
Einziger	52
Elend	52
Energiepolitik	52
Energieträgern	52
Entdeckungen	52
Erdbebengebiet	52
Erreichung	52
Fachjournal	52
Fahrrädern	52
Fassaden	52
Feldweg	52
Finden	52
Fluch	52
Followern	52
Fraglich	52
Franchise	52
Fußballspiel	52
Gaststätten	52
Gelassenheit	52
Glutnester	52
Grenzregion	52
Grundstücks	52
Größere	52
Grünstreifen	52
Guerreiro	52
Hauptbahnhofs	52
Hecken	52
Hermoso	52
Hotspot	52
Hundes	52
Ideal	52
Identifizierung	52
Javier	52
Jenseits	52
Jubiläums	52
Juri	52
Kennzeichnung	52
Klare	52
Kleber	52
Klientel	52
Komitees	52
Kompliment	52
Kraftstoff	52
Krawalle	52
Kulinarik	52
Kölns	52
Könige	52
Königshaus	52
Lahrer	52
Landrätin	52
Laudatio	52
Lippe	52
Machine	52
Mans	52
Manu	52
Markteinführung	52
Matura	52
Mechanismus	52
Megapixel	52
Metal	52
Mikroplastik	52
Misere	52
Missverständnis	52
Mitbewerber	52
Mobil	52
Mountain	52
Mäuse	52
Müdigkeit	52
Münsterland	52
Nachlass	52
Nadja	52
Nathan	52
Neuling	52
Neuregelung	52
Oase	52
Offizier	52
Old	52
Oligarchen	52
Olivia	52
Ortsgruppe	52
Panama	52
Passwort	52
Patzer	52
Pauline	52
Pracht	52
Praktisch	52
Psychologe	52
Putschisten	52
Pößneck	52
Ravensburg	52
Reißleine	52
Rico	52
Ruinen	52
Rückweg	52
Schnabel	52
Schuppen	52
Schweinsteiger	52
Sexismus	52
Speicherplatz	52
Sportanlage	52
Stürme	52
Svensson	52
Söders	52
Teichtmeister	52
Terrorgruppe	52
Timon	52
Trainerwechsel	52
Trainingsplatz	52
Traiskirchen	52
Traktoren	52
Tunnels	52
Tötungsdelikt	52
Ultimate	52
Umweltbundesamt	52
Unesco	52
Verkehrssektor	52
Videospiele	52
Vorhabens	52
Vorwurfs	52
Waffeln	52
Warfare	52
Wasserkraft	52
Wiederanpfiff	52
Wiederaufstieg	52
Wirkstoff	52
Wohlergehen	52
Wohnungstür	52
Wow	52
Zandvoort	52
Zeitzeugen	52
Zertifizierung	52
Zins	52
Zusätzliche	52
Öffis	52
Abdeckung	51
Abenden	51
Ablösesumme	51
Achterbahn	51
Algorithmus	51
Anteilnahme	51
Arbeitsgericht	51
Arbeitsspeicher	51
Asylbewerbern	51
Aufwind	51
Ausrichter	51
Austragungsort	51
Barrieren	51
Beiden	51
Beschränkung	51
Beschädigung	51
Bestandteile	51
Beständen	51
Beteiligte	51
Bilanzen	51
Biss	51
Bohnen	51
Born	51
Bunte	51
Burkina	51
Dänen	51
Ebner	51
Einkäufe	51
Einstand	51
Einverständnis	51
Enterprise	51
Evelyn	51
Fahrerinnen	51
Fahrverbot	51
Ferienwohnungen	51
Finanzmärkte	51
Flow	51
Flugbetrieb	51
Folglich	51
Frauenfeld	51
Gedicht	51
Gemeindeamt	51
Gesucht	51
Grande	51
Grauen	51
Grupp	51
Gurken	51
Haase	51
Himmelfahrt	51
Hotline	51
Hotspur	51
Ice	51
Impfstoffe	51
Industrial	51
Iserlohner	51
Jahrgänge	51
Jährlich	51
Jüdische	51
Kabarett	51
Kabarettist	51
Kaders	51
Kardashian	51
Kaserne	51
Kleinsten	51
Klimaaktivistin	51
Klinikums	51
Konjunkturdaten	51
Kopfschütteln	51
Kosmos	51
Krasavice	51
Kriegsführung	51
Kryptowährung	51
Kundenservice	51
Kuratorin	51
Lasse	51
Lenz	51
Liegt	51
Lohnt	51
Lokals	51
Mahomes	51
Mailänder	51
Mietpreisbremse	51
Ministerrat	51
Mitwirkung	51
Mobilitätswende	51
Mohr	51
Moos	51
Münze	51
Nacken	51
Nahostkonflikt	51
Nickel	51
Ofner	51
Olympiasiegerin	51
Ortsteile	51
Personals	51
Pflegeheimen	51
Pforzheim	51
Pizzeria	51
Police	51
Professional	51
Protestaktionen	51
Radiosender	51
Rechtsanspruch	51
Rechtsextremen	51
Rennfahrer	51
Resnikow	51
Rick	51
Ritual	51
Rohre	51
Rutte	51
Sabalenka	51
Salman	51
Samtgemeinde	51
Schauspielhaus	51
Schladming	51
Schufa	51
Seat	51
Sichtung	51
Silvio	51
Smartwatch	51
Solisten	51
Soweit	51
Spielgerät	51
Spielzeiten	51
Sportlern	51
Sportvereine	51
Staatsbesuch	51
Sternwarte	51
Städtischen	51
Stöger	51
Thierry	51
Tigers	51
Tischen	51
Touch	51
Trimmel	51
Umwandlung	51
Universal	51
Unna	51
Verkehrsverbund	51
Verkäuferin	51
Vermeidung	51
Vertreibung	51
Videoansprache	51
Visum	51
Wandels	51
Waters	51
Weltspitze	51
Wilders	51
Würfel	51
Xhaka	51
Zahlungsmittel	51
Zuges	51
Zusammenfassung	51
Zustellung	51
Ärmel	51
Überforderung	51
Absagen	50
Abschaltung	50
Altdorf	50
Anekdoten	50
Aschermittwoch	50
Auftragseingang	50
Ausbildungen	50
Automotive	50
Badener	50
Badewanne	50
Batman	50
Befragungen	50
Beihilfe	50
Bildergalerie	50
Bluttat	50
Borussen	50
Bozen	50
Bundespolitik	50
Demut	50
Desktop	50
Dirigenten	50
Dividenden	50
Doppelpass	50
Döner	50
Elternhaus	50
Entgegen	50
Entschärfung	50
Erfolgserlebnis	50
Eugen	50
Facharzt	50
Fahrtrichtungen	50
Familienbetrieb	50
Finalisten	50
Finnen	50
Fischen	50
Freiraum	50
Frisur	50
Fundort	50
Fußballverband	50
Fähre	50
Fürther	50
Geldanlage	50
Gerolstein	50
Gewalttat	50
Glückwünsche	50
Greifswald	50
Großhandel	50
Großstädte	50
Grube	50
Grundstücken	50
Gruß	50
Grönemeyer	50
Gänsehaut	50
Halbzeitpause	50
Harvard	50
Hassan	50
Hebamme	50
Hessische	50
Identifikation	50
Infrastrukturen	50
Inspektion	50
Jacqueline	50
Joghurt	50
Jungtiere	50
Jörn	50
Kampfhandlungen	50
Kapitalerhöhung	50
Kehler	50
Kibbuz	50
Kings	50
Krach	50
Kreuznach	50
Krämer	50
Landesbetrieb	50
Lando	50
Leichtathletik	50
Leni	50
Limburg	50
Linkskurve	50
Lopez	50
Lucy	50
Luftangriff	50
Luka	50
Mattle	50
Meilen	50
Meisterwerk	50
Miles	50
Mining	50
Mittellinie	50
Mixed	50
Mondes	50
Mythen	50
Mühlen	50
Nathalie	50
Nimmt	50
Nino	50
Notbremse	50
Notizen	50
Obendrein	50
Oberen	50
Oberstdorf	50
Ofarim	50
Ortsdurchfahrt	50
Ostwestfalen	50
Pedelec	50
Pfeil	50
Politisch	50
Powerstation	50
Pressedienst	50
Pressegespräch	50
Protestierenden	50
Pumpe	50
Rasse	50
Rechtfertigung	50
Regale	50
Regensburger	50
Rinder	50
Rosenmontag	50
Rückruf	50
Schach	50
Schaulustige	50
Schutt	50
Selenskyjs	50
Shadow	50
Society	50
Soße	50
Spekulation	50
Sportlicher	50
Spranger	50
Stier	50
Stroh	50
Südens	50
Tattoos	50
Tendenzen	50
Testspielen	50
Thurgauer	50
Twitch	50
Ungewissheit	50
Urabstimmung	50
Vasseur	50
Veranstaltern	50
Verbrechens	50
Vergangenen	50
Verschuldung	50
Versäumnisse	50
Vollmond	50
Vries	50
Waffensysteme	50
Wahllokale	50
Wahlprogramm	50
Wanderwege	50
Willis	50
Windrädern	50
Witcher	50
Witze	50
Zugeständnisse	50
Zuspiel	50
Zuzug	50
Allzu	49
Annahmen	49
Anregung	49
Antritt	49
Anwohnerinnen	49
Artgenossen	49
Asset	49
Attentäter	49
Auktionshaus	49
Ausgrenzung	49
Ausklang	49
Australiens	49
Bachs	49
Barack	49
Bergkamen	49
Bezirksgericht	49
Blum	49
Brooklyn	49
Brühl	49
Buffet	49
Carla	49
Carlson	49
Centre	49
Dekoration	49
Draisaitl	49
Drexler	49
Dürren	49
Eignung	49
Elfer	49
Engpässen	49
Erfahren	49
Erkelenz	49
Erlebnissen	49
Eroberung	49
Erwerbstätigen	49
Esslinger	49
Ewald	49
Fahrens	49
Faso	49
Feldes	49
Flora	49
Folie	49
Formaten	49
Frauchen	49
Freilich	49
Funktionalität	49
Gaspreis	49
Gefangenschaft	49
Gefecht	49
Gespielt	49
Globalisierung	49
Grossbritannien	49
Helge	49
Historische	49
Historischen	49
Hörer	49
Hülle	49
Influenza	49
Inkrafttreten	49
Iron	49
Isabelle	49
Janeiro	49
Kerne	49
Kerngeschäft	49
Kilowatt	49
Klaas	49
Klausur	49
Knopf	49
Koller	49
Kontinenten	49
Kunsthalle	49
Kühne	49
Kürzung	49
Lampe	49
Laser	49
Länderspielen	49
Lösungsansätze	49
Löw	49
Macrons	49
Malaysia	49
Markets	49
Maschinenbau	49
Meere	49
Miliz	49
Morgens	49
Nachthimmel	49
Namens	49
Nebst	49
Netto	49
Neuhausen	49
Offenen	49
Olga	49
Olympique	49
Out	49
Parteichefin	49
Pfad	49
Place	49
Population	49
Porto	49
Pressemeldung	49
Price	49
Prozessbeginn	49
Pult	49
Quartalen	49
Radfahrern	49
Raten	49
Religionen	49
Rennserie	49
Ricardo	49
Rutsche	49
Rückstau	49
Sales	49
Schneedecke	49
Schulhaus	49
Schulzentrum	49
Schwede	49
Serbe	49
Showdown	49
Sir	49
Sonnenbrille	49
Spa	49
Spielplätze	49
Stones	49
Süddeutschland	49
Tagesgeld	49
Tass	49
Technisch	49
Tessa	49
Testspiele	49
Thesen	49
Tieres	49
Tornado	49
Tower	49
Tresen	49
Trubel	49
Ulreich	49
Unstimmigkeiten	49
Urteils	49
Verhinderung	49
Verkehrspolitik	49
Verkehrszeichen	49
Versteigerung	49
Vertrags	49
Voerde	49
Vorliebe	49
Walther	49
Wehrpflicht	49
Weihnachtsbäume	49
Weltbank	49
Werdegang	49
Werks	49
Wintersport	49
Wirtshaus	49
Wochenendes	49
Wolodimir	49
Wählerschaft	49
Zebrastreifen	49
Zertifikate	49
Zimmern	49
Zinssätze	49
Zäune	49
Abgrenzung	48
Absenkung	48
Antarktis	48
Arizona	48
Atlas	48
Aufrüstung	48
Back	48
Bali	48
Barry	48
Bauart	48
Baumaßnahme	48
Bazoum	48
Beatles	48
Beeren	48
Bekannter	48
Benfica	48
Berthold	48
Beschimpfungen	48
Bestandskunden	48
Beweggründe	48
Beyer	48
Bildes	48
Brauereien	48
Bronzemedaille	48
Brunn	48
Bundeskanzlerin	48
Bäckereien	48
Christbaum	48
Clips	48
Coronakrise	48
Deich	48
Dialekt	48
Doppelte	48
Drogeneinfluss	48
Drogenkonsum	48
Ehrlich	48
Eichsfelder	48
Einbeziehung	48
Einfuhr	48
Eingangstür	48
Einmalzahlung	48
Ella	48
Endstand	48
Erleben	48
Extra	48
Fahrerflucht	48
Fahrgeschäfte	48
Federn	48
Feminismus	48
Firmengelände	48
Flugzeugs	48
Führungsspieler	48
Gastbeitrag	48
Gehwege	48
Geistliche	48
Gemeinderätin	48
Geräusch	48
Gerüchteküche	48
Geschlossenheit	48
Geschosse	48
Grossen	48
Gänserndorf	48
Haushalts	48
Haushaltskrise	48
Helena	48
Herisau	48
Hierzulande	48
Hrubesch	48
Hymne	48
Irina	48
Jahresfrist	48
Kontrakt	48
Kopie	48
Krieger	48
Kritisch	48
Kursgewinne	48
Lande	48
Larven	48
Levy	48
Linksaußen	48
Livemusik	48
Luc	48
Läuferinnen	48
Mahnmal	48
Maßnahmenpaket	48
Meseberg	48
Messner	48
Metaverse	48
Methan	48
Miguel	48
Mücken	48
Nationalelf	48
Nationalparks	48
Naturschutzbund	48
Netzen	48
Neujahrsempfang	48
Niederlassung	48
Oberhaus	48
Olympische	48
Personell	48
Pfingstmontag	48
Philharmoniker	48
Pille	48
Plädoyer	48
Popmusik	48
Posting	48
Prise	48
Promenade	48
Proteine	48
Prozessauftakt	48
Punktgewinn	48
Rachel	48
Raimund	48
Randal	48
Reh	48
Reisepass	48
Reporterin	48
Resch	48
Rheinfelden	48
Ricciardo	48
Ronny	48
Schauspielers	48
Schließungen	48
Schrott	48
Schöffen	48
Selfies	48
Sewastopol	48
Spaziergänge	48
Sportpark	48
Stanley	48
Stationierung	48
Stockerau	48
Strafverfolgung	48
Stützpunkt	48
Tabletten	48
Teamgeist	48
Tierwelt	48
Todesfällen	48
Todesopfern	48
Torschützen	48
Universums	48
Unterhaus	48
Verboten	48
Verteidigerin	48
Vielerorts	48
Volleys	48
Vordermann	48
Vorkehrungen	48
Vorzug	48
Waggons	48
Wermutstropfen	48
Wesentliche	48
Wildschwein	48
Wittlich	48
Wogen	48
Wohnungsbrand	48
Wolke	48
Wärmebildkamera	48
Würdigung	48
Würfe	48
Zach	48
Zeitgeist	48
Ängsten	48
Ärgernis	48
Äthiopien	48
Ölpreis	48
Überfluss	48
Abnahme	47
Agent	47
Ahlen	47
Aiwangers	47
Aroma	47
Asylantrag	47
Aufkommen	47
Ausrede	47
Außerhalb	47
Bananen	47
Barth	47
Basteln	47
Bedauern	47
Beethoven	47
Begründet	47
Behördenangaben	47
Bensebaini	47
Berechtigung	47
Bergedorf	47
Bestrebungen	47
Biber	47
Bildungssystem	47
Blickwinkel	47
Bolivien	47
Briefen	47
Bundesgericht	47
Cast	47
Chan	47
Christ	47
Corporation	47
Cyber	47
Darbietung	47
Defense	47
Derartige	47
Dublin	47
Dunkelziffer	47
Dämmung	47
Ebitda	47
Einiges	47
Enthüllung	47
Entlang	47
Entnahme	47
Equipment	47
Ermakova	47
Fairness	47
Falles	47
Faschismus	47
Fastenzeit	47
Festes	47
Festsaal	47
Feuerwache	47
Fingern	47
Fracht	47
Freibädern	47
Frontmann	47
Frühlingsfest	47
Funktionsweise	47
Fächern	47
Garantien	47
Gebüsch	47
Gemessen	47
Generaldirektor	47
Gewehr	47
Gier	47
Gottesdienste	47
Great	47
Grundgesetzes	47
Gründerin	47
Haftung	47
Handelstag	47
Handgelenk	47
Hauptmann	47
Hebestreit	47
Hesse	47
Hey	47
Hingabe	47
Hockey	47
Hofladen	47
Howard	47
Husten	47
Händchen	47
Hütter	47
Ilmenau	47
Infolgedessen	47
Insolvenzantrag	47
Items	47
Josh	47
Kaminski	47
Kapitol	47
Karen	47
Kira	47
Klischee	47
Konkurs	47
Krankschreibung	47
Kriegsende	47
Kurzfristig	47
Leak	47
Leverkusens	47
Logitech	47
Luhansk	47
Magazins	47
Makler	47
Manifest	47
Marktanteile	47
Matchwinner	47
Matter	47
Mayr	47
Mazraoui	47
Montreal	47
Myanmar	47
Neuheiten	47
Nizza	47
Norman	47
Notstand	47
Nova	47
Ocon	47
Offizielle	47
Oldenburger	47
Olivier	47
Omid	47
Ortenau	47
Partnerstadt	47
Poesie	47
Polarisierung	47
Privatbank	47
Protagonist	47
Päckchen	47
Rabatten	47
Radevormwald	47
Ratssitzung	47
Regenschauer	47
Reimann	47
Rekordmeisters	47
Rohstoff	47
Router	47
Royale	47
Rückmeldung	47
Saisontor	47
Sammlungen	47
Sauce	47
Schein	47
Schiffes	47
Schilling	47
Schlagersänger	47
Schlagzeuger	47
Schulterschluss	47
Schützenverein	47
Sensor	47
Shorts	47
Sicherlich	47
Slam	47
Sockel	47
Sorgfalt	47
Spielers	47
Spielklasse	47
Spielräume	47
Spinnen	47
Statements	47
Stellantis	47
Strafanzeigen	47
Strafmaß	47
Strasser	47
Streikenden	47
Stroll	47
Strukturwandel	47
Sturmflut	47
Suchen	47
Survivor	47
Susan	47
Sächsische	47
Sölden	47
Südstadt	47
Taschenlampe	47
Taurus	47
Tausch	47
Titelkampf	47
Tracht	47
Trophäen	47
Tun	47
Tänzerinnen	47
Unkraut	47
Urheber	47
Valentina	47
Veilchen	47
Vereinbarkeit	47
Verkehrsunfälle	47
Verleger	47
Versprechungen	47
Viertels	47
View	47
Vizepräsidenten	47
Volksentscheid	47
Vorgängerin	47
Vorräte	47
Vorschau	47
Wechselrichter	47
Wehmut	47
Weinfest	47
Werft	47
Wildnis	47
Zeitdruck	47
Zinswende	47
Zivilisation	47
Zuhörern	47
Zusammenstößen	47
Üblicherweise	47
Aktivierung	46
Albon	46
Anklagebank	46
Autolenker	46
Balkan	46
Bamberger	46
Bauherr	46
Bauprojekte	46
Baustart	46
Bautista	46
Beamtin	46
Beer	46
Betreiberin	46
Bischofshofen	46
Blättern	46
Bradley	46
Brandmauer	46
Brandort	46
Bruckner	46
Brüdern	46
Buden	46
Chatbots	46
Christentum	46
Connor	46
Conrad	46
Cook	46
Copilot	46
Denkbar	46
Devils	46
Dichte	46
Direktion	46
Distanzen	46
Drehmoment	46
Drinks	46
Drogenhandel	46
Eindhoven	46
Eingaben	46
Einsturz	46
Emanuel	46
Enthaltungen	46
Entzug	46
Eröffnungsfeier	46
Estate	46
Eventuell	46
Fahrbahnrand	46
Familienleben	46
Feierstunde	46
Festplatte	46
Firmenchef	46
Fischerei	46
Flugabwehr	46
Fortbestand	46
Fraport	46
Freisinger	46
Freistaats	46
Frische	46
Führungskraft	46
Gaspreise	46
Geländewagen	46
Gerüche	46
Gesprächsstoff	46
Gestein	46
Gewerkschafter	46
Ghana	46
Gina	46
Glocke	46
Granaten	46
Hausen	46
Haustier	46
Heftige	46
Herde	46
Herrscher	46
Hitlers	46
Ilse	46
Imst	46
Intendantin	46
Janina	46
Jost	46
Junioren	46
Jülich	46
Kantonen	46
Karoline	46
Kernenergie	46
Kindergeld	46
Knackpunkt	46
Kommissarin	46
Konkurrenzkampf	46
Kreisläufer	46
Kreuzlingen	46
Kritiken	46
Kuratorium	46
Käfig	46
Köche	46
Küken	46
Langensalza	46
Lieberknecht	46
Lohnerhöhung	46
Lokalen	46
Luftalarm	46
Luftverkehr	46
Ländle	46
Löffel	46
Mach	46
Mahnwache	46
Market	46
Markle	46
Maximal	46
Millionenbetrag	46
Motorraum	46
Murnau	46
Musikvideo	46
Nahrungsmitteln	46
Navigation	46
Neckar	46
Neubaus	46
Neuland	46
Neusiedler	46
Nichte	46
Nothing	46
Onay	46
Opernhaus	46
Orchestra	46
Pendant	46
Petro	46
Planen	46
Plastikmüll	46
Port	46
Positionspapier	46
Predigt	46
Punk	46
Rampe	46
Reese	46
Rekordjahr	46
Rheinhessen	46
Riedl	46
Rohöl	46
Saalfelden	46
Sachspenden	46
Sammeln	46
Satire	46
Schadensersatz	46
Schlussendlich	46
Schuhbeck	46
Schweiß	46
Schärfe	46
Seil	46
Seinem	46
Siegesserie	46
Sigrid	46
Socken	46
Sommerurlaub	46
Spielaufbau	46
Spielende	46
Stadtmarketing	46
Stammkunden	46
Stausee	46
Stecker	46
Störche	46
Säbener	46
Tagebuch	46
Terrormiliz	46
Testsieger	46
Textes	46
Toggenburg	46
Totschlag	46
Towers	46
Transporters	46
Trauung	46
Treff	46
Trägerschaft	46
Umweltschützer	46
Ungeachtet	46
Ungerechtigkeit	46
Vegetation	46
Verankerung	46
Verkaufsfläche	46
Verkehrsführung	46
Verschwörung	46
Vorgängers	46
Vorstände	46
Vöcklabruck	46
Wanderweg	46
Warnstufe	46
Wasserstände	46
Weltmarkt	46
Weste	46
Wichtiger	46
Widerstände	46
Wiederbelebung	46
Windparks	46
Wintersemester	46
Wintersportler	46
Wohneigentum	46
Wohnungsnot	46
Wolfsberg	46
Womit	46
Yuan	46
Zecken	46
Zensur	46
Ziemlich	46
Zusammentreffen	46
Abruf	45
Amini	45
Andrij	45
Angeführt	45
Anstand	45
Ansteckung	45
Anstelle	45
Arbeitgebers	45
Arbeitsweise	45
Areals	45
Aufladen	45
Ausrutscher	45
Axt	45
Bella	45
Bewerberinnen	45
Bezüglich	45
Bischöfe	45
Bitburg	45
Bottas	45
Buchen	45
Buchholz	45
Buslinie	45
Button	45
Card	45
Cedric	45
Cinema	45
Cuxhaven	45
Demokratien	45
Designerin	45
Dragons	45
Duett	45
Earth	45
Eingabe	45
Einschnitte	45
Einwanderer	45
Eiszeit	45
Emiraten	45
Erbrechen	45
Erzähler	45
Esel	45
Eurosport	45
Experience	45
Fahnder	45
Feldmann	45
Festlegung	45
Feuerlöscher	45
Finnlands	45
Fit	45
Fortnite	45
Francesco	45
Fälschung	45
Garde	45
Gebäck	45
Gemeinderates	45
Genauer	45
Getriebe	45
Gewebe	45
Gewinnung	45
Greg	45
Griechenlands	45
Grundsätze	45
Größte	45
Görlitzer	45
Haltbarkeit	45
Hartwig	45
Herrchen	45
Hexe	45
Hildmann	45
Investors	45
Inwiefern	45
Jacques	45
Jahreszeiten	45
Juliane	45
Kalkül	45
Knöchel	45
Kommentator	45
Kopp	45
Krawatte	45
Kreissparkasse	45
Kreuzer	45
Kuhn	45
Kurswechsel	45
Kämpfern	45
Königreichs	45
Körner	45
Legend	45
Leitlinien	45
Lennart	45
Liam	45
Liebling	45
Lilienfeld	45
Läufe	45
Madeleine	45
Marek	45
Mass	45
Mazda	45
Mehrzahl	45
Mehrzweckhalle	45
Melodie	45
Mikaela	45
Moerser	45
Nachbarländer	45
Nachspiel	45
Napoleon	45
Nerv	45
Neukirchen	45
Nobelpreis	45
Notebook	45
Omas	45
Oppenheimer	45
Order	45
Pegelstände	45
Petersen	45
Pfizer	45
Phillip	45
Preisniveau	45
Prominenten	45
Prostitution	45
Puppen	45
Raumschiff	45
Redakteurin	45
Reglement	45
Rekruten	45
Richtern	45
Romans	45
Rubrik	45
Rufen	45
Rückschlägen	45
Schlussstrich	45
Schwaz	45
Schwein	45
Schwerverletzte	45
Schädel	45
Sechster	45
Segel	45
Sektion	45
Sendern	45
Shooter	45
Sichtungen	45
Sichtweite	45
Sozialdemokrat	45
Sozialstaat	45
Stadtkirche	45
Standbein	45
Stelzer	45
Steuergeld	45
Stindl	45
Suspendierung	45
Sympathien	45
Taiwans	45
Tanken	45
Tanks	45
Tassen	45
Thrones	45
Touristinnen	45
Tschentscher	45
Turbo	45
Tübinger	45
Ultras	45
Umbenennung	45
Uniklinikum	45
Uniper	45
Unteren	45
Valve	45
Verfasser	45
Vierteln	45
Weckruf	45
Windsor	45
Winterdienst	45
Wochenstart	45
Wohngeld	45
Wunstorf	45
Wählen	45
Zalando	45
Zentralen	45
Zugangsdaten	45
Zusammenkunft	45
Zusammenprall	45
Zwischendurch	45
Überweisungen	45
Absender	44
Absperrung	44
Agnes	44
Amerikas	44
Amoklauf	44
Anbieters	44
Anhang	44
Anklagen	44
Anleihe	44
Anstellung	44
Anteilseigner	44
Antike	44
Arndt	44
Asylsuchenden	44
Atlanta	44
Atomkraftwerk	44
Aufstellen	44
Ausarbeitung	44
Ausländern	44
Autobahnkreuz	44
Autozulieferer	44
Bangladesch	44
Barclays	44
Basilika	44
Beifahrersitz	44
Besseren	44
Bestenliste	44
Bobby	44
Boxer	44
Bratislava	44
Bremens	44
Brent	44
Breuer	44
Briefwahl	44
Butler	44
Bühnenbild	44
Corsa	44
Cortina	44
Cut	44
Czaja	44
Dachgeschoss	44
Dachterrasse	44
Demokratischen	44
Domizil	44
Dylan	44
Entfernen	44
Entzündungen	44
Epoche	44
Erarbeitung	44
Erkennen	44
Ersparnis	44
Erwägung	44
Eröffnet	44
Extras	44
Fahrspuren	44
Festgenommenen	44
Finanzausschuss	44
Finanzmittel	44
Forschungen	44
Forums	44
From	44
Fury	44
Fuße	44
Försterei	44
Gastgebern	44
Gefördert	44
Geländer	44
Genaue	44
Geschlechter	44
Geschäftsleute	44
Gestalten	44
Gewölbe	44
Gotteshaus	44
Grafiken	44
Greifen	44
Grenzwerte	44
Hafenecker	44
Haldenwang	44
Handarbeit	44
Hase	44
Headset	44
Hebammen	44
Heer	44
Heimischen	44
Heimreise	44
Hochrechnungen	44
Höhepunkten	44
Ibiza	44
Ignoranz	44
Inhaltlich	44
Innenstädte	44
Instandhaltung	44
Jahresumsatz	44
Kaiserstraße	44
Karosserie	44
Katholische	44
Keramik	44
Khedira	44
Kirchner	44
Klever	44
Klicken	44
Komposition	44
Konsumentinnen	44
Konzernen	44
Kraftakt	44
Kunststück	44
Kunstwerken	44
Küchen	44
Landesklinikum	44
Lastwagenfahrer	44
Legion	44
Lienz	44
Lucia	44
Lugano	44
Löschzug	44
Lüdenscheider	44
Maui	44
Medizinischen	44
Meeresboden	44
Militärexperte	44
Mitunter	44
Movie	44
Muslimen	44
Mustafa	44
Muttertag	44
Männchen	44
Nachnamen	44
Nass	44
Nee	44
Nordafrika	44
Novartis	44
Oberleitung	44
Oberligisten	44
Obwalden	44
Oilers	44
Organisiert	44
Ostholstein	44
Palme	44
Paprika	44
Partikel	44
Personalnot	44
Pinzgauer	44
Pixeln	44
Polo	44
Portugiese	44
Preissenkungen	44
Prozentpunkten	44
Prozentsatz	44
Quereinsteiger	44
Raiffeisenbank	44
Ray	44
Reaktoren	44
Reinickendorf	44
Rettungsdienste	44
Riesenrad	44
Rihanna	44
Ruben	44
Sahin	44
Saint	44
Schmerzensgeld	44
Schmunzeln	44
Schnauze	44
Schnelle	44
Schuljahres	44
Schwarzmarkt	44
Schwierigkeit	44
Skigebieten	44
Slowene	44
Sozialismus	44
Sparkurs	44
Spezialist	44
Spielminute	44
Spirit	44
Staatsgebiet	44
Stadtradeln	44
Stammplatz	44
Standing	44
Statistischem	44
Strafkammer	44
Summit	44
Sunday	44
Sächsischen	44
Tabak	44
Tagsüber	44
Tanzfläche	44
Teilnehmerfeld	44
Thiel	44
Tierquälerei	44
Transparent	44
Tribut	44
Trunkenheit	44
Trägern	44
Träumen	44
Trümmerteile	44
Tschechischen	44
Tänze	44
Tänzerin	44
Umsätzen	44
Ungefähr	44
Unterseite	44
Usbekistan	44
Verlobung	44
Verlässlichkeit	44
Viva	44
Volleyball	44
Wahlheimat	44
Wahltag	44
Weges	44
Yellen	44
Zeuginnen	44
Zeugnisse	44
Zoe	44
Zwischenstopp	44
Zögern	44
Österreicherin	44
Abbey	43
Abtransport	43
Afghanen	43
Ambulanz	43
Annemarie	43
Appenzell	43
Arbeitsleben	43
Ausschreibungen	43
Bauland	43
Baumarkt	43
Bauwerke	43
Beförderung	43
Beispielen	43
Bergdoktor	43
Bestrafung	43
Betroffenheit	43
Bewilligung	43
Bode	43
Bologna	43
Boykott	43
Brandanschlag	43
Bundesverbands	43
Buslinien	43
Bürogebäude	43
Camping	43
Carbon	43
Cashflow	43
Centers	43
Charakteren	43
Charly	43
Codes	43
Computern	43
Control	43
Covestro	43
Darts	43
Dasselbe	43
Dekret	43
Denk	43
Dorfplatz	43
Dorner	43
Edwards	43
Ehepartner	43
Eimer	43
Einkaufswagen	43
Einsteiger	43
Eiweiß	43
Elektroantrieb	43
Elfmeterpunkt	43
Enten	43
Enthüllungen	43
Erstattung	43
Eurojackpot	43
Fachmagazin	43
Fachstelle	43
Festspielen	43
Finanzausgleich	43
Formular	43
Fortbildung	43
Freibäder	43
Führungskräften	43
Galatasaray	43
Ganzes	43
Geraerts	43
Geschäftszahlen	43
Gil	43
Glaubens	43
Gleisbett	43
Graham	43
Gunnar	43
Hafens	43
Haiti	43
Handschlag	43
Hauptrollen	43
Hinrichtung	43
Hintertreffen	43
Höhenmeter	43
Irritationen	43
Jogger	43
Jugendzentrum	43
Kairo	43
Katholiken	43
Kia	43
Kiesewetter	43
Kinderzimmer	43
Koalitionen	43
Koblenzer	43
Kommissare	43
Komplex	43
Kontaktaufnahme	43
Kontroverse	43
Kontroversen	43
Korridor	43
Kost	43
Kristian	43
Königlichen	43
Ladestation	43
Lahm	43
Landau	43
Lebensgefährten	43
Leicht	43
Leitfaden	43
Les	43
Liebesleben	43
Lizenzen	43
Lkws	43
Loyalität	43
Lucky	43
Luiz	43
Löschen	43
Lüfter	43
Magazine	43
Managerin	43
Mettmann	43
Metz	43
Migrantinnen	43
Mika	43
Milizen	43
Mittelfristig	43
Münchnern	43
Nachholspiel	43
Nebeneffekt	43
Nidwalden	43
Nutzerin	43
Nähten	43
Nämlich	43
Obdachlosen	43
Palm	43
Passat	43
Pfand	43
Pipelines	43
Portals	43
Postbank	43
Profile	43
Profit	43
Pöltner	43
Quatsch	43
Radikalisierung	43
Randalierer	43
Reiche	43
Reichelt	43
Resümee	43
Rica	43
Risikofaktoren	43
Rohbau	43
Ronja	43
Rostow	43
Russisch	43
Ryanair	43
Rückzahlung	43
Save	43
Schaf	43
Scheinwerfer	43
Schienennetz	43
Schiller	43
Schnittstellen	43
Schumann	43
Schwächung	43
Scooter	43
Seenotrettung	43
Selina	43
Seminare	43
Sicherheitsrat	43
Sigl	43
Silas	43
Silbermedaille	43
Sitzungssaal	43
Skills	43
Sogenannte	43
Sonderermittler	43
Sparten	43
Spielfeldrand	43
Spurs	43
Staatsfernsehen	43
Stadtmitte	43
Stadtteils	43
Standesamt	43
Stocken	43
Stockwerk	43
Storm	43
Straßenverkehrs	43
Streben	43
Superlative	43
Surface	43
Teutonia	43
Textilien	43
Thiele	43
Trab	43
Ultimatum	43
Unabhängige	43
Unparteiischen	43
Untertitel	43
Unzen	43
Urkunden	43
Vereinzelt	43
Verfall	43
Verl	43
Verleumdung	43
Verräter	43
Verschiebungen	43
Verstorbene	43
Vogelgrippe	43
Vorplatz	43
Weigl	43
Westminster	43
Wildbahn	43
Wurm	43
Zander	43
Zeitgenossen	43
Zeitspanne	43
Zucht	43
Zugzwang	43
Zusatz	43
Überqueren	43
Abende	42
Abfahrten	42
Abschreckung	42
Alfa	42
Algen	42
Alkotest	42
Allergien	42
Allzeithoch	42
Altenheim	42
Analystin	42
Andrzej	42
Angesicht	42
Anlässe	42
Anlässen	42
Ausbilder	42
Ausübung	42
Außengrenzen	42
Ballett	42
Barrikaden	42
Basispunkte	42
Bauernverband	42
Baujahr	42
Beilage	42
Beobachtern	42
Biomasse	42
Bludenz	42
Blöcke	42
Bonprix	42
Brokstedt	42
Bundesbürger	42
Bundesheeres	42
Busbahnhof	42
Bäuerinnen	42
Büchner	42
California	42
Car	42
Chili	42
Cinematic	42
Dana	42
Darknet	42
Darm	42
Dat	42
Decker	42
Deutschlandweit	42
Doha	42
Dominique	42
Dschihad	42
Eckdaten	42
Ehen	42
Eigenregie	42
Einsatzleitung	42
Eisenbahn	42
Elisa	42
Energiequellen	42
Ente	42
Entsendung	42
Erdöl	42
Erwachen	42
Fasten	42
Favoritenrolle	42
Field	42
Finanzlage	42
Flüchtling	42
Flügelspieler	42
Fragestellungen	42
Frankenberg	42
Friedhöfe	42
Früchten	42
Fußballplatz	42
Gartner	42
Gasly	42
Gegenrichtung	42
Gemeindezentrum	42
Gemütlichkeit	42
Gerardo	42
Gerlach	42
Geschenken	42
Gewand	42
Gewährleistung	42
Gifhorner	42
Gino	42
Gisela	42
Gittern	42
Glücksfall	42
Greizer	42
Greuther	42
Griechen	42
Gros	42
Gysi	42
Halbmarathon	42
Haley	42
Ham	42
Handelfmeter	42
Hannelore	42
Hauptfeld	42
Hbf	42
Heutzutage	42
Hexen	42
Implementierung	42
Jura	42
Jusos	42
Jüngste	42
Kalenderjahr	42
Kantersieg	42
Kantine	42
Kanye	42
Kenner	42
Kennzahlen	42
Kernkraftwerke	42
Kettensäge	42
Kirchdorf	42
Klamotten	42
Kolonie	42
Kommentatoren	42
Konservative	42
Kontinents	42
Konzepts	42
Korrekturen	42
Krawallen	42
Kulturgut	42
Kunstmuseum	42
Königsfamilie	42
Lagerfeuer	42
Lagerung	42
Lamborghini	42
Learning	42
Lehrgang	42
Leitungswasser	42
Lieben	42
Lobenstein	42
Lorenzo	42
Magnussen	42
Mandeln	42
Margit	42
Marta	42
Maybrit	42
Menschenmenge	42
Mentor	42
Metro	42
Mittleren	42
Momentaufnahme	42
Morgenpost	42
Musikfestival	42
Mäder	42
Männlichkeit	42
Nebenkosten	42
Nele	42
Neuwied	42
Niro	42
Nische	42
Nolte	42
Oberflächen	42
Oberhaupt	42
Oberpullendorf	42
Offiziere	42
Ortsgebiet	42
Ozeane	42
Panorama	42
Pekings	42
Pensionisten	42
Performances	42
Personalmangels	42
Pflegekräften	42
Picard	42
Piraten	42
Poing	42
Poker	42
Powerplay	42
Protests	42
Prüfer	42
Rally	42
Raubtier	42
Rechenzentrum	42
Rektorin	42
Relation	42
Resident	42
Rights	42
Rivalität	42
Rode	42
Rumpf	42
Ruud	42
Sachverständige	42
Salvo	42
Salzkammergut	42
Sanchez	42
Satellit	42
Schafft	42
Scharf	42
Scherer	42
Schleiz	42
Schutzstatus	42
Schwarzach	42
Schönbrunn	42
Seehöhe	42
Siebenmeter	42
Silverstone	42
Sina	42
Sirene	42
Skala	42
Skigebiete	42
Sozialpolitik	42
Spirale	42
Spritpreise	42
Staatstheater	42
Stadtmuseum	42
Stadtrats	42
Stefano	42
Stick	42
Stillen	42
Stockwerke	42
Stoffen	42
Storch	42
Stücks	42
Sulingen	42
Sullivan	42
Sussex	42
Tagesgeschäft	42
Tarek	42
Tatzeitraum	42
Teammanager	42
Things	42
Thuram	42
Tierwohl	42
Tombola	42
Transporte	42
Traunstein	42
Türk	42
Umgebungen	42
Undav	42
Unglücks	42
Unis	42
Unwesen	42
Variationen	42
Verbündeter	42
Vergeltung	42
Verlobten	42
Verrat	42
Verwüstung	42
Volle	42
Vorbehalt	42
Wahlsieger	42
Wehrle	42
Westeuropa	42
Windrad	42
Winterreifen	42
Wissens	42
Wittener	42
Wohlgemuth	42
Youssoufa	42
Zielsetzung	42
Özil	42
Überzeugungen	42
Abklärung	41
Abstammung	41
Aggressivität	41
Alkoholisierung	41
Allgäuer	41
Alltags	41
Altersgrenze	41
Androhung	41
Anger	41
Animation	41
Argentiniens	41
Ariane	41
Assets	41
Asylanträge	41
Atomausstieg	41
Auftragsbestand	41
Augenschein	41
Ausfuhren	41
Ausreißer	41
Auswertungen	41
Außenbahn	41
Baugenehmigung	41
Baumarten	41
Beantwortung	41
Beisammensein	41
Belag	41
Belebung	41
Beraterin	41
Bergstraße	41
Beschilderung	41
Besucherin	41
Bezirksligisten	41
Blondine	41
Bovenschulte	41
Brady	41
Brauchtum	41
Bringt	41
Burgenländer	41
Bühnenprogramm	41
Caro	41
Champagner	41
Charta	41
Chico	41
Circus	41
Crown	41
Dancing	41
Darstellerin	41
Detonation	41
Detroit	41
Doppelschlag	41
Dorfen	41
Double	41
Einreisen	41
Einwohnerzahl	41
Elan	41
Eli	41
Endeffekt	41
Endstation	41
Enkeln	41
Enteignung	41
Entschädigungen	41
Enzo	41
Erachtens	41
Erdinger	41
Erhard	41
Everest	41
Existenzrecht	41
Expedition	41
Fahrplanwechsel	41
Federführung	41
Fehlstart	41
Fellbach	41
Flop	41
Fohlen	41
Freiflächen	41
Fußabdruck	41
Garcia	41
Gasse	41
Gefechten	41
Gegenstimmen	41
Geheimtipp	41
Geige	41
Gemeindebund	41
Genugtuung	41
Gesamtleistung	41
Geschicke	41
Glamour	41
Granerud	41
Grosse	41
Grundschüler	41
Grünanlagen	41
Gunter	41
Gunther	41
Hagari	41
Haider	41
Hanke	41
Hasen	41
Heizkörper	41
Hempel	41
Herausgeber	41
Himmelskörper	41
Hinterhof	41
Hirn	41
Hübner	41
Innviertler	41
Input	41
Italienerin	41
Jacobacci	41
Jahresauftakt	41
Joyn	41
Jüngst	41
Jürgens	41
Karnevalisten	41
Keime	41
Kellerduell	41
Klinge	41
Kremlsprecher	41
Kroate	41
Kulturhaus	41
Landesparteitag	41
Landespolizei	41
Landfrauen	41
Landkarte	41
Lebensgefährte	41
Leitplanken	41
Ligaspielen	41
Lindners	41
Lloyd	41
Lübbecke	41
Manko	41
Maren	41
Marienplatz	41
Marktstraße	41
Messenger	41
Mitsingen	41
Netzteil	41
Nordkoreas	41
Oxford	41
Paketen	41
Pauschale	41
Penzberger	41
Piano	41
Podoljak	41
Powerbank	41
Preisempfehlung	41
Privatarmee	41
Provokationen	41
Prozedere	41
Präparate	41
Puffer	41
Radtour	41
Rapperin	41
Rast	41
Raus	41
Rekrutierung	41
Rex	41
Rezepten	41
Rollator	41
Rückführung	41
Rückgrat	41
Safe	41
Sanitäranlagen	41
Scherben	41
Scheu	41
Scheuer	41
Schienenverkehr	41
Schiri	41
Schreck	41
Schwartz	41
Schönbohm	41
Sean	41
Secret	41
Shakira	41
Sozialisten	41
Sparmaßnahmen	41
Sprechen	41
Staatsmedien	41
Stadtkapelle	41
Starship	41
Startpunkt	41
Startups	41
Sternsinger	41
Style	41
Sympathie	41
Sängers	41
Tauchboot	41
Teslas	41
Theodor	41
Tiny	41
Tragweite	41
Tribünen	41
Trupp	41
Täuschung	41
Umgehung	41
Unterschlupf	41
Urgestein	41
Vancouver	41
Vechta	41
Verzug	41
Vorsatz	41
Vorstandes	41
Waiblingen	41
Walser	41
Wecker	41
Welser	41
Wendungen	41
Westend	41
Wiedergabe	41
Wildpark	41
Zagreb	41
Zahnarzt	41
Zeitweise	41
Zuneigung	41
Abrams	40
Absperrungen	40
Aktenzeichen	40
Aktuellen	40
Allerheiligen	40
Amateure	40
Anlaufstellen	40
Araber	40
Astronauten	40
Aufschrei	40
Ausmaße	40
Ausnahmefällen	40
Baldwin	40
Bankenkrise	40
Baselbieter	40
Beatrix	40
Begleiterin	40
Bemühen	40
Benzema	40
Bestehens	40
Bewässerung	40
Blech	40
Blickfang	40
Bloß	40
Brigade	40
Broadcast	40
Buffett	40
Bundesligaspiel	40
Bädern	40
Bände	40
Bösen	40
Bühl	40
Continental	40
Countdown	40
Dahmen	40
Darmanin	40
Dawid	40
Denver	40
Deutsches	40
Diskothek	40
Djamila	40
Dome	40
Domplatz	40
Doppelspitze	40
Dragon	40
Döpfner	40
Edith	40
Eichner	40
Eilantrag	40
Elbphilharmonie	40
Elektromotor	40
Emsland	40
Energiebedarf	40
Energiesparen	40
Erfolgsserie	40
Ersparnisse	40
Erstellen	40
Explorer	40
Feder	40
Feldspieler	40
Fernandez	40
Fiedler	40
Finanzchef	40
Firmware	40
Flüssiggas	40
Forsa	40
Forster	40
Französin	40
Frauenanteil	40
Freiberg	40
Fresenius	40
Fußgängerbrücke	40
Geflügel	40
Gegründet	40
Gehirns	40
Geiselnahme	40
Gersbeck	40
Gestartet	40
Getöteten	40
Gewinnern	40
Grinsen	40
Grossbank	40
Grossi	40
Hack	40
Harburg	40
Hauptsponsor	40
Hausärzte	40
Havel	40
Hinsehen	40
Hope	40
Hospital	40
Hussein	40
Imperium	40
Indizes	40
Industrien	40
Inflationsraten	40
Innenleben	40
Internets	40
Janet	40
Jecken	40
Joggen	40
Jugendhilfe	40
Kabinen	40
Kainz	40
Kanten	40
Kapsel	40
Kartons	40
Kasper	40
Kaufbeuren	40
Kernkraftwerk	40
Kinderschminken	40
Kirchheim	40
Kirchplatz	40
Kishida	40
Klatsche	40
Kleinbus	40
Knäbel	40
Kochbuch	40
Kreditkarten	40
Kremls	40
Krimis	40
Kulturkampf	40
Kunz	40
Kutsche	40
Kyle	40
Kürbis	40
Landsberger	40
Landungen	40
Lasso	40
Lawrence	40
Legislatur	40
Leuchtturm	40
Luigi	40
Lungau	40
Löhnen	40
Machtübernahme	40
Malteser	40
Margen	40
Masterplan	40
Mateusz	40
Matsch	40
Maya	40
Michelin	40
Michigan	40
Monte	40
Mächte	40
Mäusen	40
Nachkommen	40
Newcomer	40
Nominierungen	40
Nuggets	40
Nutztiere	40
Nöte	40
Oberndorf	40
Oberstufe	40
Offene	40
Orchesters	40
Ortsrand	40
Panel	40
Papstes	40
Patente	40
Patrik	40
Pazifik	40
Personengruppen	40
Pharma	40
Phone	40
Pieper	40
Pius	40
Planica	40
Politikers	40
Privaten	40
Protagonistin	40
Raffinerie	40
Rappen	40
Raststätte	40
Raubüberfall	40
Realitäten	40
Rebellen	40
Rentenalter	40
Repression	40
Reto	40
Reue	40
Reutte	40
Rheinische	40
Rudolph	40
Saale	40
Sackgasse	40
Sadio	40
Saisons	40
Schanze	40
Schlimmer	40
Schlusskurs	40
Schmerzmittel	40
Schmetterlinge	40
Schwab	40
Schweizerische	40
Schwenningen	40
Schwindel	40
Sensibilität	40
Shell	40
Siri	40
Solarmodule	40
Spacey	40
Spass	40
Sperren	40
Spielfreude	40
Sportschau	40
Sportzentrum	40
Stadtplanung	40
Starker	40
Staubsauger	40
Stellschrauben	40
Stromer	40
Sträucher	40
Symbolik	40
Szenerie	40
Südeuropa	40
Tabu	40
Tagebau	40
Tegel	40
Ticketpreise	40
Tierärztin	40
Tolle	40
Topform	40
Torhüterin	40
Traumata	40
Tut	40
Umbauten	40
Umsatzplus	40
Unger	40
Unglücksstelle	40
Verdächtiger	40
Vereinsleben	40
Verknüpfung	40
Verlage	40
Vermutungen	40
Vermächtnis	40
Vermögens	40
Vielseitigkeit	40
Volksbegehren	40
Vorkommen	40
Vorquartal	40
Wahrnehmungen	40
Weihnachtstag	40
Weisung	40
Weller	40
Weltkulturerbe	40
Weltordnung	40
Weltstar	40
Wendel	40
Werkzeugen	40
Werne	40
Wohnkosten	40
Wolfenbütteler	40
Wörthersee	40
Zarrella	40
Zerschlagung	40
Zinssenkungen	40
Zugausfälle	40
Zweige	40
Übernachtung	40
Abstände	39
Administration	39
Adobe	39
Agenturen	39
Aleksandar	39
Aller	39
Amtsleiter	39
Ansbach	39
Anscheinend	39
Anziehungskraft	39
Armeesprecher	39
Atmen	39
Aufreger	39
Augenblicke	39
Ausprobieren	39
Ausreise	39
Ausschlaggebend	39
Aussetzen	39
Außenspiegel	39
Backup	39
Baltikum	39
Bauunternehmen	39
Bedarfs	39
Bedürftige	39
Befragte	39
Befugnisse	39
Belangen	39
Benediktbeuern	39
Berlinerin	39
Besitzes	39
Bestürzung	39
Betrügern	39
Bitkom	39
Bodens	39
Braten	39
Brighton	39
Bundeslandes	39
Bushaltestellen	39
Bürgerstiftung	39
Campbell	39
Cap	39
Chrome	39
Clown	39
Columbia	39
Consumer	39
Dirndl	39
Doktor	39
Drensteinfurt	39
Dröge	39
Ebay	39
Ebert	39
Ebit	39
Echtheit	39
Eiche	39
Eigenmarken	39
Einnahmequelle	39
Elfriede	39
Elternzeit	39
Emir	39
Erwähnung	39
Erzeugnisse	39
Erzieherin	39
Eröffnungsspiel	39
Evan	39
Evenepoel	39
Farm	39
Federer	39
Ferienzeit	39
Festivalgelände	39
Filmfestival	39
Filmpreis	39
Filmreihe	39
Finanziell	39
Finish	39
Fix	39
Flutlicht	39
Forstwirtschaft	39
Frucht	39
Früherkennung	39
Fährmann	39
Förde	39
Führen	39
Galaxie	39
Gar	39
Geburten	39
Geburtstags	39
Gedenkfeier	39
Gedenktag	39
Gefängnisstrafe	39
Gesamtpaket	39
Gezeigt	39
Gianni	39
Glocken	39
Graubünden	39
Grußwort	39
Guthaben	39
Güterzug	39
Harrison	39
Haube	39
Haupteingang	39
Hausbewohner	39
Heller	39
Hennig	39
Hermes	39
Hochburg	39
Hofbauer	39
Hundebesitzer	39
Idylle	39
Impossible	39
Innen	39
Invictus	39
Israeli	39
Jungfrau	39
Kampfes	39
Kapitalmarkt	39
Katzenberger	39
Kelce	39
Kinderklinik	39
Kloten	39
Knappen	39
Kohlenstoff	39
Kommandos	39
Kommunistischen	39
Komplize	39
Konsolidierung	39
Konzepten	39
Koran	39
Kracher	39
Kreationen	39
Kriegszeiten	39
Kritikpunkt	39
Kurzum	39
Kärntens	39
Ladies	39
Laternen	39
Laurent	39
Lebensabschnitt	39
Limousine	39
Logos	39
Lotte	39
Läufen	39
Mack	39
Maike	39
Mangels	39
Marin	39
Marktredwitz	39
Marktwirtschaft	39
Masten	39
Matarazzo	39
Mathys	39
Meinerzhagen	39
Mexikaner	39
Millimetern	39
Mineralien	39
Mitgründer	39
Mutterkonzern	39
Nettogewinn	39
Neudorf	39
Neugeborenen	39
Nicolai	39
Niederschlägen	39
Niels	39
Ninja	39
Nordmazedonien	39
Notsituation	39
Oberschule	39
Olli	39
Onlineshop	39
Otte	39
Outlook	39
Outperform	39
Paolo	39
Passion	39
Patent	39
Peißenberg	39
Pensionierung	39
Pfarrei	39
Pfeifer	39
Pionier	39
Podestplatz	39
Preisdruck	39
Preisgestaltung	39
Privat	39
Protesttag	39
Prototypen	39
Prozesstag	39
Pub	39
Raucher	39
Rea	39
Reaktivierung	39
Rechtsextreme	39
Redaktionen	39
Referenten	39
Regionalität	39
Reicht	39
Reisebus	39
Requiem	39
Resources	39
Restaurierung	39
Review	39
Rheinländer	39
Riesenslalom	39
Rindfleisch	39
Rocker	39
Romano	39
Ränge	39
Rückschritt	39
Saarländer	39
Saleh	39
Salvador	39
Sambia	39
Scharen	39
Schießerei	39
Schilderungen	39
Schlafen	39
Schloß	39
Schnitzer	39
Schott	39
Schützenhilfe	39
Screenshot	39
Screenshots	39
Sendezeit	39
Senf	39
Sesselmann	39
Sicherheitsrats	39
Skispringer	39
Skiverband	39
Sklaverei	39
Slowenen	39
Sozialarbeiter	39
Spencer	39
Sportstätten	39
Sprunggelenk	39
Statistiker	39
Straßenseite	39
Struber	39
Styles	39
Suite	39
Symbolen	39
Synergien	39
Thomalla	39
Tobi	39
Transfermarkt	39
Trust	39
Tschechiens	39
Tücken	39
Umbaus	39
Umwidmung	39
Unglaublich	39
Unzählige	39
Verfechter	39
Wagenknechts	39
Wahllokal	39
Wappen	39
Weinheim	39
Wendt	39
Wilden	39
Wirecard	39
Wireless	39
Wirkungsstätte	39
Wurden	39
Your	39
Zeigen	39
Zivilcourage	39
Zwischenbilanz	39
Ökostrom	39
Überholen	39
Aalen	38
Abstiegsplatz	38
Alec	38
Alessandro	38
Alfons	38
Allergiker	38
Altbau	38
Altenburger	38
Altersarmut	38
Amadeus	38
Amerikanern	38
Ancelotti	38
Andenken	38
Anwesens	38
Arbeitern	38
Arbeitsstelle	38
Arktis	38
Armenier	38
Artemis	38
Atemwege	38
Atlantic	38
Auferstehung	38
Aufsichtsrats	38
Ausmaßes	38
Auswechslung	38
Auszahlungen	38
Autofahrerinnen	38
Außenstelle	38
Bafin	38
Banker	38
Bankfiliale	38
Banking	38
Bauministerin	38
Bauträger	38
Beckham	38
Bepflanzung	38
Bergbahnen	38
Bergische	38
Berisha	38
Bernard	38
Besseres	38
Betriebsleiter	38
Bildhauer	38
Birkenstock	38
Bjelica	38
Bleibe	38
Blicken	38
Blood	38
Blumenstrauß	38
Bluthochdruck	38
Blödsinn	38
Bocholt	38
Bonucci	38
Bryan	38
Bukarest	38
Bushido	38
Bürgerentscheid	38
Cambridge	38
Change	38
Chefredakteurin	38
Chinesische	38
Claude	38
Cocktail	38
Collins	38
Corporate	38
Credo	38
Creek	38
Datei	38
Dealer	38
Deluxe	38
Demokrat	38
Digitales	38
Dittrich	38
Dorothee	38
Drang	38
Dress	38
Dritteln	38
Drucks	38
Einkünfte	38
Einschlag	38
Einwurf	38
Einzelfällen	38
Engelhardt	38
Engineering	38
Engpass	38
Entdecken	38
Erdboden	38
Ernüchterung	38
Erweiterungsbau	38
Essay	38
Ethik	38
Extinction	38
Fiktion	38
Finanzvorstand	38
Firmensitz	38
Frequenzen	38
Frick	38
Gabel	38
Gardasee	38
Geforce	38
Gerätehaus	38
Gesamtbild	38
Gesamtkonzept	38
Glasfaserausbau	38
Gleichheit	38
Globe	38
Glücksspiel	38
Grant	38
Guard	38
Güssing	38
Handelns	38
Handschuhe	38
Hatay	38
Herdecke	38
Hierarchie	38
Hildegard	38
Hinterbliebenen	38
Hintern	38
Hochzeitstag	38
Hohn	38
Hugh	38
Hurrikan	38
Ida	38
Installationen	38
Irre	38
Ischl	38
Italia	38
Jefferies	38
Johansson	38
Jose	38
Jubeln	38
Judenhass	38
Julien	38
Kameramann	38
Kampfansage	38
Kampfflugzeugen	38
Kassierer	38
Kingsley	38
Klosters	38
Knorr	38
Konstrukt	38
Konzeption	38
Krakau	38
Kranke	38
Kreuzfahrt	38
Kunsthandwerk	38
Kunstrasenplatz	38
Kurios	38
Königsblau	38
Körpergröße	38
Köster	38
Kür	38
Küstenstadt	38
Landesamtes	38
Lastwagens	38
Lawinengefahr	38
Lindau	38
Lounge	38
Luger	38
Magath	38
Markierungen	38
Martins	38
Meißner	38
Melnyk	38
Metalle	38
Mexikos	38
Migros	38
Mikroorganismen	38
Mordfall	38
Munich	38
Muttersprache	38
Mülltonne	38
Nachweise	38
Neuem	38
Neulengbach	38
Newsblog	38
Northeim	38
Nottingham	38
Notunterkunft	38
Ortschaftsrat	38
Osttirol	38
Passiert	38
Perfektion	38
Pichler	38
Pinsel	38
Platform	38
Pollen	38
Preisbremsen	38
Pressing	38
Preview	38
Privatperson	38
Produkts	38
Prosor	38
Pubertät	38
Pünktlichkeit	38
Qin	38
Qualifikationen	38
Rabe	38
Rankings	38
Rap	38
Ratsmitglieder	38
Raums	38
Reedereien	38
Referat	38
Regenwald	38
Rentnerinnen	38
Richterinnen	38
Rocky	38
Roy	38
Ruck	38
Rückbank	38
Rückeroberung	38
Saatgut	38
Saluschnyj	38
Schildern	38
Schleife	38
Schongauer	38
Schoß	38
Schreibt	38
Schrems	38
Schutzsuchende	38
Schwager	38
Schwarzarbeit	38
Schwarzwälder	38
Schweizerin	38
Sharon	38
Shopping	38
Siegtor	38
Sion	38
Sneaker	38
Soundtrack	38
Spielbeginn	38
Spring	38
Sprintrennen	38
Spurensuche	38
Stadtregierung	38
Sterbehilfe	38
Stop	38
Struff	38
Städtchen	38
Säugetiere	38
Südafrikas	38
Tagesthemen	38
Tarifabschluss	38
Tarifverträge	38
Tempel	38
Theorien	38
Thyssenkrupp	38
Tiefbauamt	38
Tierhaltung	38
Trainerbank	38
Turbine	38
Täterschaft	38
Ungar	38
Unternehmern	38
Urin	38
Velo	38
Vergünstigungen	38
Verordnungen	38
Veterinäramt	38
Videokonferenz	38
Volkspark	38
Volvo	38
Waldviertler	38
Walldorf	38
Walt	38
Weltkrieges	38
Werkes	38
Wick	38
Wieser	38
Winterzeit	38
Wirte	38
Wittmann	38
Wofür	38
Zahlungsausfall	38
Zauberer	38
Zeiträume	38
Zeitschriften	38
Zuständigkeiten	38
Zöllner	38
Ölpreise	38
Übel	38
Übereinstimmung	38
Überholmanöver	38
Übernahmen	38
Abel	37
Abholzung	37
Ablösung	37
Abpraller	37
Abschläge	37
Abwahl	37
Acer	37
Adams	37
Advanced	37
Airbnb	37
Airports	37
Alptraum	37
Alvaro	37
Angelo	37
Anzeigetafel	37
Are	37
Assistentin	37
Aufenthalts	37
Aufträgen	37
Ausschüttung	37
Ausstellern	37
Ausverkauf	37
Authentizität	37
Balken	37
Bemerkung	37
Berlinerinnen	37
Bestimmte	37
Betreuern	37
Beutel	37
Bewerben	37
Bewirtung	37
Bildungspolitik	37
Blockchain	37
Braga	37
Branchenverband	37
Brandbrief	37
Brothers	37
Build	37
Bundesanstalt	37
Büren	37
Cancelo	37
Catering	37
Clark	37
Claudio	37
Connect	37
Cordalis	37
Cosimo	37
Council	37
Crystal	37
Dachauer	37
Datenmengen	37
Datenträger	37
Demgegenüber	37
Derbys	37
Diebstählen	37
Dose	37
Dummheit	37
Duos	37
Dürfen	37
Eheleute	37
Eigenverwaltung	37
Einig	37
Enkelin	37
Eon	37
Erfreulich	37
Erkennung	37
Erzrivalen	37
Essens	37
Evers	37
Fachpersonal	37
Faesers	37
Fahrzeit	37
Fels	37
Festhalten	37
Festumzug	37
Feuerwehrleuten	37
Fiesta	37
Flächenbrand	37
Fortan	37
Frauenhaus	37
Fritzlar	37
Frontscheibe	37
Fynn	37
Förderprogramme	37
Galaxien	37
Gamescom	37
Gartens	37
Gaspreisbremse	37
Geiss	37
Genesis	37
Genug	37
Germering	37
Gerätschaften	37
Gesprächsrunde	37
Gladbecker	37
Governance	37
Granit	37
Gütern	37
Hackl	37
Haupt	37
Hauptschule	37
Heimatort	37
Helios	37
Herkunftsländer	37
Hilden	37
Hinsichtlich	37
Hiobsbotschaft	37
Hohenems	37
Hort	37
Houston	37
Höchste	37
Höfen	37
Ingeborg	37
Inklusive	37
Instanzen	37
Isabella	37
Janik	37
Josep	37
Kammern	37
Kennen	37
Kinderprogramm	37
Klaudia	37
Knieverletzung	37
Komet	37
Koordinator	37
Kranz	37
Kurschus	37
Laschet	37
Lautsprechern	37
Leandro	37
Lehrpersonen	37
Liberale	37
Liebeserklärung	37
Lift	37
Malware	37
Margarethen	37
Martinez	37
Massachusetts	37
Matchball	37
Mehmet	37
Meiner	37
Meisters	37
Metzgerei	37
Mitbewohner	37
Mitbürger	37
Mitspielern	37
Mitteilungen	37
Mittelschicht	37
Montenegro	37
Moped	37
Murphy	37
Nachkriegszeit	37
Nachschuss	37
Nahverkehrs	37
Nebensache	37
Netzausbau	37
Neuigkeit	37
Neureuther	37
Neuzugängen	37
Nevada	37
Ngankam	37
Nikolai	37
Nutzt	37
Nüsse	37
Oberösterreichs	37
Oleksandr	37
Pestizide	37
Pete	37
Pflegepersonal	37
Pharmakonzern	37
Philosophen	37
Phänomene	37
Pitt	37
Pjöngjang	37
Polizeibeamter	37
Preuß	37
Prinzenpaar	37
Privathaushalte	37
Rating	37
Ratinger	37
Rauschen	37
Razer	37
Realitystars	37
Rechenleistung	37
Rechnet	37
Regelfall	37
Reportern	37
Reservierung	37
Riege	37
Rolfes	37
Rosenthal	37
Rotes	37
Rune	37
Russin	37
Scheiße	37
Schießen	37
Schultag	37
Schweigeminute	37
Schönberg	37
Schützenhalle	37
Seefeld	37
Siegburg	37
Solarstrom	37
Sonnenallee	37
Sozialarbeit	37
Sozialminister	37
Speiseplan	37
Spielplätzen	37
Stab	37
Stadtrates	37
Standorts	37
Stangen	37
Sternschnuppen	37
Stolpersteine	37
Strahlen	37
Strahlkraft	37
Streitereien	37
Stroms	37
Study	37
Suzuki	37
Sylvie	37
Südkoreas	37
Tagespflege	37
Testen	37
Theresia	37
Titelkämpfen	37
Todestag	37
Torben	37
Tormann	37
Torte	37
Trainingswoche	37
Trilogie	37
Trudeau	37
Truth	37
Uelzen	37
Umsatzsteuer	37
Unterbau	37
Unterwäsche	37
Vaduz	37
Verkaufspreis	37
Villen	37
Volksschulen	37
Voller	37
Volltreffer	37
Vorderseite	37
Vorne	37
Vorreiterrolle	37
Vorurteilen	37
Voss	37
Wegbegleiter	37
Werde	37
Wohle	37
Wolfhagen	37
Wozu	37
Würzburger	37
Zeile	37
Zombies	37
Ähnlichkeit	37
Überwindung	37
Absetzung	36
Ache	36
Adaption	36
Adi	36
Adrenalin	36
Ally	36
Altmaier	36
Altona	36
Amtskollege	36
And	36
Animationsfilm	36
Ansagen	36
Anstalt	36
Antenne	36
Apache	36
Arztpraxis	36
Athletin	36
Atombombe	36
Aufräumen	36
Aufwärmen	36
Babelsberg	36
Bahnreisende	36
Ballermann	36
Barmer	36
Baugewerbe	36
Baurecht	36
Baus	36
Bedrohungslage	36
Before	36
Begehung	36
Beibehaltung	36
Benefizkonzert	36
Berenberg	36
Bernardo	36
Bezogen	36
Bistro	36
Blogger	36
Brucker	36
Buchs	36
Bundeskanzlers	36
Bundesverbandes	36
Busverkehr	36
Bällen	36
Bündel	36
Bündnisse	36
Cham	36
Chemotherapie	36
Circuit	36
Clans	36
Cobra	36
Cola	36
Deadline	36
Denkfabrik	36
Diaz	36
Dick	36
Diät	36
Durchfahrt	36
Durst	36
Dämmerung	36
East	36
Ecowas	36
Edmund	36
Eggenburg	36
Egon	36
Ehrenpräsident	36
Eifersucht	36
Einkommens	36
Einvernahme	36
Energieagentur	36
Enge	36
Erdbebens	36
Europol	36
Fahrerseite	36
Falken	36
Fallout	36
Fangemeinde	36
Farce	36
Faustschlag	36
Fernwärmenetz	36
Fiala	36
Finance	36
Floriani	36
Folk	36
Forza	36
Fouls	36
Frame	36
Frequenz	36
Freut	36
Fußballprofi	36
Fördermitteln	36
Gabe	36
Garderobe	36
Gastgewerbe	36
Geboren	36
Gedränge	36
Gefordert	36
Generative	36
Gerrit	36
Gran	36
Grossteil	36
Großbaustelle	36
Grüße	36
Gänswein	36
Handspiel	36
Hauptproblem	36
Hausarrest	36
Haushaltsplan	36
Headcoach	36
Het	36
Hindernissen	36
Holm	36
Hundehalter	36
Hunsrück	36
Identitäten	36
Idol	36
Inhaftierung	36
Jacken	36
Kalb	36
Kandern	36
Kirchstraße	36
Klassenverbleib	36
Kleidungsstück	36
Klimaerwärmung	36
Klimaschutzes	36
Konferenzen	36
Konvention	36
Konzertreihe	36
Kostengründen	36
Krisenmodus	36
Kult	36
Kummer	36
Kurator	36
Labs	36
Lackner	36
Landeskirche	36
Landesteilen	36
Larissa	36
Lauterbachs	36
Lektion	36
Like	36
Ljubljana	36
Lobby	36
Lwiw	36
Löschwasser	36
Machtmissbrauch	36
Maddie	36
Mag	36
Maischberger	36
Manch	36
Marbach	36
Mastercard	36
Mathe	36
Mehrfach	36
Mindestlohns	36
Mineralisierung	36
Ministerinnen	36
Mirage	36
Missachtung	36
Mitleid	36
Mittelständler	36
Monatelang	36
Money	36
Monica	36
Monitore	36
Monitoring	36
Murat	36
Musizieren	36
Münden	36
Napoli	36
Netzentgelte	36
Nicholas	36
Niki	36
Nirgendwo	36
Nächtigungen	36
Osterfest	36
Ostthüringen	36
Page	36
Parteiführung	36
Patientenakte	36
Patriot	36
Penis	36
Pflegerin	36
Physiotherapie	36
Picknick	36
Polizeichef	36
Prellungen	36
Prinzipiell	36
Promotion	36
Präsentationen	36
Quartararo	36
Regio	36
Regionale	36
Renata	36
Rentnern	36
Ruine	36
Rückführungen	36
Sartorius	36
Schattenseiten	36
Schippe	36
Schlafstörungen	36
Schopfheim	36
Schränke	36
Schulsystem	36
Schweizerinnen	36
Schönes	36
Schöpfer	36
Score	36
Seattle	36
Seifert	36
Setzen	36
Simons	36
Simulation	36
Sinnbild	36
Sinner	36
Smartwatches	36
Solarzellen	36
Speaker	36
Speichern	36
Spezialität	36
Spezies	36
Spieltags	36
Spielwelt	36
Spinne	36
Spitzenplatz	36
Sporting	36
Stadtbahn	36
Steuerberater	36
Strafgesetzbuch	36
Strandbad	36
Suchmaschinen	36
Swiatek	36
Säugling	36
Tatzeitpunkt	36
Taunus	36
Tellerrand	36
Teneriffa	36
Terminkalender	36
Theke	36
Tierheims	36
Tischler	36
Todesfolge	36
Toskana	36
Touchscreen	36
Tugenden	36
Ungewöhnliches	36
Uno	36
Unparteiische	36
Unten	36
Unterbrechungen	36
Urlaubsort	36
Valerie	36
Ventures	36
Verivox	36
Verlangen	36
Verlass	36
Verlosung	36
Verwarnung	36
Veteranen	36
Villacher	36
Virginia	36
Vorstöße	36
Wagners	36
Wahlkommission	36
Waldhof	36
Wanner	36
Wasserverbrauch	36
Wasserwacht	36
Wechseln	36
Weiher	36
Weltbild	36
Widersacher	36
Wiebke	36
Wiege	36
Wieland	36
Wikipedia	36
Wildtieren	36
Wintermonaten	36
Wirth	36
Wirtschaftslage	36
Wohnanlage	36
Wolfsburgs	36
Xaver	36
Zielgeraden	36
Zoltan	36
Zubau	36
Zugausfällen	36
Zugunglück	36
Zuständen	36
Zuwendung	36
Zwiebel	36
Öfteren	36
Abwärme	35
Achte	35
Achter	35
Adventmarkt	35
Age	35
Alexanderplatz	35
Alkoholgeruch	35
Althaus	35
Angeklagter	35
Ankauf	35
Armeen	35
Auftaktspiel	35
Aura	35
Ausblicke	35
Ausdehnung	35
Bangkok	35
Baumes	35
Baunatal	35
Bekommt	35
Bender	35
Benziner	35
Bergheim	35
Bergisch	35
Bertram	35
Beschaffenheit	35
Besonderen	35
Bestreben	35
Bezzecchi	35
Biogas	35
Biologie	35
Blamage	35
Blankenburg	35
Borussias	35
Boulevard	35
Bregenzer	35
Broschüre	35
Buck	35
Bundesgebiet	35
Bänder	35
Capitol	35
Clou	35
Concordia	35
Congress	35
Craig	35
Creative	35
Daimler	35
Damaskus	35
Dates	35
Dayot	35
Delhi	35
Depp	35
Diagnosen	35
Dieben	35
Distanzschuss	35
Doppelhaushalt	35
Dorffest	35
Draußen	35
Drehscheibe	35
Dreierkette	35
Druckerei	35
Dämme	35
Dürener	35
Edtstadler	35
Effenberg	35
Einmalzahlungen	35
Einträge	35
Entzündung	35
Ersatzverkehr	35
Erstaunlich	35
Erzeuger	35
Exkursion	35
Fachblatt	35
Fachkraft	35
Fahrzeuglenker	35
Faustregel	35
Flaggschiff	35
Fledermäuse	35
Floridas	35
Folgetag	35
Forward	35
Fritsch	35
Fukushima	35
Fußgängern	35
Fälschungen	35
Gasspeicher	35
Gasversorgung	35
Gattung	35
Gegenleistung	35
Geheimdienstes	35
Gehwegen	35
Geldautomat	35
Geldbetrag	35
Geldhaus	35
Gelenke	35
Gender	35
Gentechnik	35
Geothermie	35
Geschäftslage	35
Gesinnung	35
Gewerbesteuer	35
Girl	35
Giulia	35
Goch	35
Grundlinie	35
Gustavo	35
Haan	35
Harms	35
Haushaltslage	35
Hautkrebs	35
Heidelberger	35
Heimatgemeinde	35
Helme	35
Heroin	35
Hilbert	35
Hinz	35
Holmes	35
Hybrid	35
Impressionen	35
Isaac	35
Isabell	35
Ismail	35
Jahresanfang	35
Janis	35
Jesse	35
Jule	35
Kaiserin	35
Kaliber	35
Kamin	35
Kanzlerin	35
Kapitulation	35
Kappe	35
Karel	35
Katie	35
Kawasaki	35
Keinen	35
Klamroth	35
Kombinationen	35
Konzerthaus	35
Krauß	35
Kräutern	35
Kultusgemeinde	35
Kursverluste	35
Kürbisse	35
Lack	35
Landesvorstand	35
Langlebigkeit	35
Laufsteg	35
Lebensbereichen	35
Llambi	35
Lokomotivführer	35
Lose	35
Louise	35
Läuft	35
Löschgruppe	35
Map	35
Marktstart	35
Maschen	35
Matte	35
Maurizio	35
Meditation	35
Meerjungfrau	35
Merle	35
Mitarbeit	35
Montana	35
Morning	35
Mourinho	35
Mrd	35
Musikkapelle	35
Naja	35
Namibia	35
Nio	35
Nominierten	35
Notaufnahmen	35
Notwendig	35
Obdachlosigkeit	35
Offerte	35
Omlin	35
Operations	35
Ortszentrum	35
Papieren	35
Parteikollegen	35
Penalty	35
Perlen	35
Personengruppe	35
Personenschaden	35
Pilzen	35
Pkws	35
Pokale	35
Postings	35
Praktika	35
Precht	35
Preetz	35
Privilegien	35
Probieren	35
Profitabilität	35
Profite	35
Prädikat	35
Psychiater	35
Punktzahl	35
Putz	35
Qualifizierung	35
Ransomware	35
Rauchwolke	35
Razgatlioglu	35
Reichert	35
Reportage	35
Rumänen	35
Rückfahrt	35
Rückraumspieler	35
Saisontreffer	35
Schal	35
Schicksals	35
Schließen	35
Schnappschüsse	35
Schuler	35
Schwedt	35
Schwerpunkten	35
Schöneberg	35
Separatisten	35
Shoppen	35
Side	35
Siebert	35
Siegeszug	35
Sierra	35
Simulator	35
Sinsheim	35
Soest	35
Soforthilfe	35
Solch	35
Sonnenenergie	35
Sonnenstunden	35
Sopranistin	35
Spielregeln	35
Spitzensport	35
Sri	35
Stadtarchiv	35
Stadtpolitik	35
Stadtreinigung	35
Stammgäste	35
Starlink	35
Steinbruch	35
Stiefel	35
Stile	35
Stollen	35
Strafrecht	35
Stute	35
Sulz	35
Surowikin	35
Svazek	35
Tagessätzen	35
Take	35
Tango	35
Tansania	35
Teilchen	35
Teresa	35
Token	35
Torchance	35
Trail	35
Treibhausgasen	35
Triple	35
True	35
Tscheche	35
Tursky	35
Uerdingen	35
Umstellungen	35
Unterwegs	35
Untätigkeit	35
Verdoppelung	35
Vergrößerung	35
Verschwendung	35
Verstärkungen	35
Vertiefung	35
Verwertung	35
Virtual	35
Vitamine	35
Vorausgegangen	35
Vorführungen	35
Wahrung	35
Warteliste	35
Wattenmeer	35
Weeze	35
Weinberg	35
Weiz	35
Weltklasse	35
Werfen	35
Widrigkeiten	35
Wilhelmshaven	35
Wilhelmstraße	35
Wohnimmobilien	35
Wunschliste	35
Wählerstimmen	35
Zeche	35
Zeigefinger	35
Zustrom	35
Zutat	35
Zwecken	35
Zwischenfällen	35
Ärzteschaft	35
Österreichern	35
Überfahrt	35
Abbild	34
Abwägung	34
Adele	34
Ahrweiler	34
Ammoniak	34
Anekdote	34
Angekündigt	34
Anrufen	34
Anstiegs	34
Antakya	34
Arbeitsumfeld	34
Arielle	34
Arnautovic	34
Aromen	34
Arts	34
Aschaffenburg	34
Asteroid	34
Astronomen	34
Asylwerber	34
Atemnot	34
Atemzug	34
Aufatmen	34
Auslauf	34
Ausreden	34
Autorennen	34
Außenhandel	34
Barisic	34
Bausteine	34
Bear	34
Beete	34
Beistand	34
Bequemlichkeit	34
Bescheide	34
Besprechung	34
Betriebsstoffe	34
Billy	34
Blanco	34
Blaupause	34
Blickfeld	34
Blindgänger	34
Blitze	34
Brennpunkt	34
Brillen	34
Britin	34
Brüche	34
Börsenwert	34
Bülter	34
Bürgerbüro	34
Camps	34
Chefsache	34
Collection	34
Creme	34
Datenvolumen	34
Dauerbrenner	34
Dauereinsatz	34
Dean	34
Deko	34
Delegationen	34
Delegierte	34
Destatis	34
Dienstleistern	34
Dienstwagen	34
Dimitri	34
Direct	34
Discovery	34
Diverse	34
Dungeons	34
Durchfall	34
Ehrenamtler	34
Ehrlichkeit	34
Eichhörnchen	34
Eigene	34
Einfrieren	34
Einladungen	34
Elektrizität	34
Energieminister	34
Enttäuschungen	34
Epizentrum	34
Ergebnisses	34
Eritrea	34
Europacup	34
Exploration	34
Fahrradstraße	34
Fahrwerk	34
Fauna	34
Fight	34
Finanzhilfen	34
Finanzierungen	34
Finanzämter	34
Flirt	34
Flugobjekte	34
Folgejahren	34
Fotostrecke	34
Frauentag	34
Freistellung	34
Friseur	34
Gaby	34
Galler	34
Geburtshilfe	34
Gefeiert	34
Gefährten	34
Gegnerinnen	34
Genießen	34
Gerangel	34
Gesamtsieg	34
Geschlechts	34
Geschossen	34
Gladiators	34
Glatzel	34
Goalgetter	34
Goodbye	34
Grafschaft	34
Gregoritsch	34
Grieche	34
Gross	34
Gruppensieger	34
Gun	34
Gängen	34
Hai	34
Handwerkskammer	34
Harold	34
Hauptaugenmerk	34
Hausverbot	34
Hilfspaket	34
Hingegen	34
Honnef	34
Hundertstel	34
Höchstwerten	34
Höfe	34
Högl	34
Illusionen	34
Insa	34
Inselstaat	34
Inside	34
Invasoren	34
Irish	34
Irrsinn	34
Jobsuche	34
Kambodscha	34
Kapuze	34
Kiels	34
Kiewel	34
Kinderbuch	34
Klammer	34
Kleinere	34
Komm	34
Kommandanten	34
Kompass	34
Konfiguration	34
Kongresses	34
Konsortium	34
Kopfverletzung	34
Korea	34
Kot	34
Kreisgebiet	34
Kulmbach	34
Kunsthaus	34
Kurden	34
Könnten	34
Körpersprache	34
Küchenchef	34
Landesbank	34
Landratsamtes	34
Laumann	34
Layla	34
Leaks	34
Lebensweg	34
Lilian	34
Limited	34
Linse	34
Lola	34
Lustenauer	34
Lydia	34
Lyrik	34
Mandaten	34
Masala	34
Megan	34
Meilensteine	34
Meppen	34
Messehalle	34
Michal	34
Midjourney	34
Mietwagen	34
Ministers	34
Mirjam	34
Miroslav	34
Mobilfunk	34
Mod	34
Mühen	34
Müllers	34
Nachbeben	34
Nachbesserungen	34
Nadia	34
Narendra	34
Nationalitäten	34
Nationalteams	34
Neffe	34
Nkunku	34
Nothilfe	34
Notierungen	34
Nowitzki	34
Nuancen	34
Oracle	34
Ortseingang	34
Ostküste	34
Ozempic	34
Paradebeispiel	34
Parkplatzes	34
Paulus	34
Pennsylvania	34
Playboy	34
Plaza	34
Polizeireviers	34
Pools	34
Postkarten	34
Prien	34
Problematisch	34
Professoren	34
Programmierung	34
Publikationen	34
Quo	34
Radsport	34
Ramos	34
Range	34
Raps	34
Rau	34
Rechtlich	34
Rechtsruck	34
Reds	34
Regisseurs	34
Rehlinger	34
Reichenbach	34
Rekonstruktion	34
Rettungsteams	34
Rodriguez	34
Rosenmontagszug	34
Rotation	34
Rotwein	34
Rüstungskonzern	34
Salvini	34
Salzburgerin	34
Schießstand	34
Schliesslich	34
Schmuckstück	34
Schulklasse	34
Schulleitungen	34
Schwimmbäder	34
Schädlinge	34
Seitz	34
Selke	34
Seniorenheim	34
Sets	34
Shakespeare	34
Shirt	34
Siewert	34
Simbabwe	34
Sitzplatz	34
Skyline	34
Snack	34
Sonnencreme	34
Sorry	34
Spanisch	34
Spare	34
Spielminuten	34
Spielstätte	34
Spielt	34
Spree	34
Sprüchen	34
Staatsräson	34
Stadtsprecher	34
Stagnation	34
Stammtisch	34
Startformation	34
Stimmabgabe	34
Stoffwechsel	34
Studentinnen	34
Stätten	34
Stückchen	34
Stürmerin	34
Subvention	34
Suhl	34
Sushi	34
Swing	34
Sängern	34
Söldnergruppe	34
Südostasien	34
Tanker	34
Taschengeld	34
Task	34
Tatorts	34
Tennisspieler	34
Terra	34
Testfahrten	34
Thilo	34
Tigermücke	34
Titelrennen	34
Tories	34
Torschuss	34
Treppchen	34
Triathlon	34
Tyler	34
Uefa	34
Umspannwerk	34
Ungereimtheiten	34
Ursprünge	34
Uta	34
Verbandschef	34
Verbots	34
Verfehlungen	34
Verkehrsinsel	34
Vermeiden	34
Versuchung	34
Vertrauter	34
Vilbel	34
Vitali	34
Vogue	34
Vorarbeiten	34
Wade	34
Wahlabend	34
Wahlberechtigte	34
Wahlergebnisse	34
Wake	34
Warren	34
Wasserqualität	34
Weinzierl	34
Weiterbildungen	34
Weltlage	34
Werders	34
Westküste	34
Westliche	34
Witzenhausen	34
Wochenmitte	34
Woelki	34
Wohlen	34
Woman	34
Woods	34
Wulff	34
Wärmeversorgung	34
Wörtern	34
Yannik	34
Zentralrat	34
Zuhören	34
Zunft	34
Zweckverband	34
Ägyptens	34
Ölheizung	34
Örtlichkeit	34
Abdel	33
Abschleppdienst	33
Abschnitts	33
Adria	33
Ahr	33
Ahsoka	33
Aktionär	33
Aktivismus	33
Alexis	33
Alliierten	33
Altkanzler	33
Anleitungen	33
Ansinnen	33
Antennen	33
Arbeitskollegen	33
Arbeitsort	33
Archie	33
Argumenten	33
Asiatische	33
Assad	33
Aurora	33
Ausschüssen	33
Backpapier	33
Backwaren	33
Badischen	33
Balve	33
Bauantrag	33
Bediensteten	33
Befehle	33
Behebung	33
Belohnungen	33
Bemerkungen	33
Benachteiligung	33
Berlinern	33
Bethlehem	33
Bietigheim	33
Bildungsbereich	33
Bingen	33
Blickpunkt	33
Book	33
Bosnien	33
Brands	33
Breisgauer	33
Briefkästen	33
Budapester	33
Bundesstaates	33
Bürgersteig	33
Chain	33
Chemnitzer	33
Clique	33
Cloppenburg	33
Cold	33
Cups	33
Cyberangriff	33
Daniil	33
Datenlage	33
Degen	33
Dicht	33
Diehl	33
Dienststellen	33
Dokumentationen	33
Drehung	33
Dreiländereck	33
Drogendealer	33
Dschidda	33
Ehrenzeichen	33
Eisdiele	33
Elektromotoren	33
Elster	33
Emotionalität	33
Entstehen	33
Entwurfs	33
Erkrankten	33
Ermittelt	33
Ernsthaftigkeit	33
Erschütterungen	33
Erstaunen	33
Espresso	33
Etikett	33
Euer	33
Evakuierungen	33
Evans	33
Fachschule	33
Falsche	33
Familientag	33
Feinden	33
Festen	33
Fichten	33
Fico	33
Fold	33
Forces	33
Forever	33
Forsberg	33
Forscherin	33
Fragt	33
Framework	33
Freddy	33
Frederic	33
Fredi	33
Fremantle	33
Friederike	33
Füchsen	33
Gaslieferungen	33
Gauck	33
Gauting	33
Gebäudekomplex	33
Gegentoren	33
Geldhäuser	33
Germain	33
Gewohnheiten	33
Gin	33
Giro	33
Golling	33
Grip	33
Guatemala	33
Guy	33
Gärtnerei	33
Hafenstraße	33
Handelsschluss	33
Handicap	33
Hanno	33
Hauptziel	33
Headsets	33
Hefe	33
Henri	33
Hergang	33
Hernandez	33
Herrsching	33
Herzstillstand	33
Hilfsangebote	33
Hilfsgütern	33
Hilton	33
Hoffen	33
Homburger	33
Horrorfilm	33
Hubschraubern	33
Hunt	33
Häftling	33
Illustrationen	33
Impfstoffen	33
Infekt	33
Ingbert	33
Innensenatorin	33
Iraker	33
Ironman	33
Jacobs	33
Jagger	33
Jakub	33
Jedermann	33
Jener	33
Justice	33
Kaplan	33
Karlheinz	33
Kempen	33
Kernkraft	33
Kirchenchor	33
Kirchenkreis	33
Kirchgemeinde	33
Kissingen	33
Kleidern	33
Kleiderschrank	33
Klinsmann	33
Knaus	33
Kohlekraftwerke	33
Kolonialismus	33
Kolonien	33
Kommunale	33
Kontingent	33
Konvoi	33
Kral	33
Kramatorsk	33
Kreative	33
Kreisklasse	33
Kriegsschiffe	33
Krug	33
Kunststoffe	33
Kyffhäuserkreis	33
Könnt	33
Labels	33
Ladefläche	33
Landesligist	33
Landtages	33
Landweg	33
Lauer	33
Leeds	33
Lehrstellen	33
Leinefelde	33
Lenggries	33
Leonberg	33
Leoni	33
Leserin	33
Lieferengpässen	33
Lohnausgleich	33
Lohnerhöhungen	33
Lokalmatador	33
Luftballons	33
Lösen	33
Mahsa	33
Martha	33
Maßen	33
Meeresspiegel	33
Messestadt	33
Met	33
Misserfolg	33
Mitschuld	33
Mitstreitern	33
Mitwirkenden	33
Moses	33
Murray	33
Musikers	33
Möbeln	33
Müllner	33
Natalia	33
Nationalrats	33
Neheim	33
Neujahrstag	33
Neusser	33
Neuzulassungen	33
Nike	33
Nikotin	33
Nokia	33
Nordischen	33
Oblast	33
Odyssee	33
Offenbacher	33
Ohnmacht	33
Ordnungsdienst	33
Originals	33
Ortsbeirat	33
Ortschef	33
Ortslage	33
Ostdeutschen	33
Pan	33
Panthers	33
Passantin	33
Paypal	33
Pensionist	33
Pfoten	33
Pirelli	33
Politologe	33
Populisten	33
Portfolios	33
Preissteigerung	33
Presseerklärung	33
Privatjet	33
Privatkunden	33
Provision	33
Pößnecker	33
Randale	33
Ratifizierung	33
Rechnen	33
Records	33
Referentin	33
Regularien	33
Reizgas	33
Remo	33
Restkarten	33
Richters	33
Robotyne	33
Rodrigo	33
Romanze	33
Rotenburger	33
Rückstände	33
Saisonhälfte	33
Saisonziel	33
Saldo	33
Samidoun	33
Samstagen	33
Scharfe	33
Schicksale	33
Schlachthof	33
Schlossplatz	33
Schluck	33
Schlussquartal	33
Schnaps	33
Schriftführer	33
Schulstart	33
Schwamm	33
Schwelmer	33
Schwimmhalle	33
Seekirchen	33
Serienmeister	33
Singh	33
Skandalen	33
Skispringen	33
Smartbroker	33
Sonderpreis	33
Sonntags	33
Spezialeinheit	33
Split	33
Sportlichen	33
Staats	33
Stan	33
Statistikamt	33
Sternchen	33
Stipendium	33
Strache	33
Straelen	33
Susanna	33
Tabellendritten	33
Tageswert	33
Tiefs	33
Tierärzte	33
Titels	33
Tordifferenz	33
Town	33
Tracks	33
Transparente	33
Tsitsipas	33
Töten	33
Türme	33
Ulli	33
Umlaufbahn	33
Upgrades	33
Urlauberinnen	33
Utopie	33
Vatertag	33
Vatikans	33
Verdachtsfall	33
Verona	33
Vertrages	33
Vertraute	33
Verwandtschaft	33
Vorhinein	33
Wahlniederlage	33
Waldbrandgefahr	33
Wale	33
Warschauer	33
Warteschlangen	33
Weiterer	33
Weserstadion	33
Westphal	33
Wetterau	33
Winterschlaf	33
Woelke	33
Wohngebäuden	33
Wohnhäusern	33
Wurzel	33
Xanten	33
Xavier	33
Yen	33
Youtuber	33
Zauner	33
Zeitrahmen	33
Zentralschweiz	33
Zukunftsmusik	33
Zulagen	33
Zuwächse	33
Zweikämpfen	33
Zwischenbericht	33
Ökologie	33
Ökonomie	33
Abdul	32
Abfindung	32
Abfluss	32
Abfuhr	32
Abholung	32
Absolventinnen	32
Achern	32
Aids	32
Amazonas	32
Amerikanerin	32
Amtseinführung	32
Anfangszeit	32
Anklagebehörde	32
Anstrich	32
Antragstellung	32
Apollo	32
Arafat	32
Aufforderungen	32
Auslieferungen	32
Ausschnitte	32
Autogramme	32
Avengers	32
Azure	32
Bader	32
Bagdad	32
Bayreuther	32
Begrünung	32
Belarussen	32
Bestleistung	32
Beverly	32
Biene	32
Billa	32
Blessuren	32
Blind	32
Blutungen	32
Body	32
Boliden	32
Bot	32
Breaking	32
Buchmann	32
Bundespartei	32
Butscha	32
Cannstatter	32
Chen	32
Christensen	32
Cisco	32
Clan	32
Comic	32
Concept	32
Cousine	32
Cowboys	32
Customer	32
Dakar	32
Defekts	32
Deggendorf	32
Depots	32
Diesbezüglich	32
Dietz	32
Dinosaurier	32
Diskrepanz	32
Doc	32
Donner	32
Dunkle	32
Ebling	32
Eden	32
Edinburgh	32
Effektivität	32
Egg	32
Ehrennadel	32
Eifer	32
Eingriffen	32
Eingriffs	32
Einreichung	32
Einsatzzeit	32
Eleganz	32
Elfjährige	32
Ericsson	32
Ersatzbank	32
Erschwerend	32
Euskirchen	32
Exemplaren	32
Expo	32
Fachbereiche	32
Falschparker	32
Feuerwehrmänner	32
Filmmusik	32
Finanzmarkt	32
Finanzsektor	32
Flachschuss	32
Flaute	32
Flugzeugabsturz	32
Fortbildungen	32
Fortunas	32
Foulspiel	32
Freiräume	32
Freudenstadt	32
Führerscheine	32
Gap	32
Gasverbrauch	32
Gebäudesektor	32
Gedankengut	32
Geldbuße	32
Gerichtsurteil	32
Gespann	32
Gewinns	32
Gilt	32
Gitarren	32
Gleichgesinnten	32
Goecke	32
Gomez	32
Grundrecht	32
Grünau	32
Gründonnerstag	32
Guardians	32
Harvey	32
Haseloff	32
Heimatmuseum	32
Heimen	32
Hennef	32
Henssler	32
Herkunftsland	32
Herzensprojekt	32
Hilfeleistung	32
Hilfreich	32
Hilft	32
Hinten	32
Hinterland	32
Hochrechnung	32
Hochsaison	32
Honorare	32
Horvath	32
Hotspots	32
Hängepartie	32
Indigene	32
Innenräume	32
Interaktionen	32
Inzidenz	32
Irrtum	32
Janssen	32
Jogginghose	32
Johan	32
Jona	32
Juroren	32
Kaltfront	32
Kamp	32
Kekse	32
Kiss	32
Klettern	32
Klimastreik	32
Kluft	32
Knappheit	32
Knossi	32
Kolumnist	32
Konkurrentin	32
Kopien	32
Kreutzer	32
Kritikpunkte	32
Kritische	32
Kuchl	32
Kursplus	32
Küchenmesser	32
Lachs	32
Ladeleistung	32
Ladens	32
Landebahn	32
Landeschef	32
Landesgrenzen	32
Landesligisten	32
Law	32
Leck	32
Lederer	32
Letmathe	32
Lies	32
Ligaspiel	32
Limbach	32
Linderung	32
Linsen	32
Living	32
Lockerung	32
Lubmin	32
Maar	32
Magenta	32
Magnet	32
Malerin	32
Managements	32
Mancher	32
Mandalorian	32
Manufaktur	32
Massa	32
Matratze	32
Mehrausgaben	32
Menschenrechten	32
Merck	32
Mihambo	32
Mikro	32
Mister	32
Mittäter	32
Mobiliar	32
Montabaur	32
Moor	32
Morales	32
Moscheen	32
Motorroller	32
Motorrädern	32
Musicals	32
Nachwirkungen	32
Nadeln	32
Nahversorger	32
Narben	32
Neffen	32
Neid	32
Nervenkitzel	32
Niederlassungen	32
Niederlechner	32
Nordost	32
Nutzfahrzeuge	32
Oleg	32
Operette	32
Orcas	32
Ostschweizer	32
Pack	32
Palais	32
Paletten	32
Paragrafen	32
Parasiten	32
Partystimmung	32
Pestiziden	32
Pfadfinder	32
Pfalz	32
Pfister	32
Pflanzenarten	32
Pflegeheime	32
Pharmaindustrie	32
Pianistin	32
Pirna	32
Pokalfinale	32
Poster	32
Prestige	32
Profiliga	32
Protestmarsch	32
Raubes	32
Rechtsgrundlage	32
Rednerpult	32
Referee	32
Reflex	32
Regeneration	32
Rehabilitation	32
Revival	32
Rheinberg	32
Richards	32
Rob	32
Room	32
Routiniers	32
Rowling	32
Rückschlüsse	32
Sachschadens	32
Saisonabschluss	32
Sammer	32
Schadsoftware	32
Schaefer	32
Scheinbar	32
Schlauch	32
Schlimmes	32
Schmankerl	32
Schneller	32
Schrader	32
Schrei	32
Schulstraße	32
Schutzplanke	32
Schwandorf	32
Schweinfurt	32
Schwyz	32
Seitenhieb	32
Selbstläufer	32
Seminar	32
Senatoren	32
Senden	32
Servette	32
Setzt	32
Showcase	32
Slogans	32
Soft	32
Somalia	32
Sonnensystem	32
Sounds	32
Source	32
Spezifikationen	32
Sponsoring	32
Spülmaschine	32
Stadtgeschichte	32
Stadtpräsident	32
Stalin	32
Startup	32
Stauden	32
Stimmungslage	32
Stromausfälle	32
Stromleitungen	32
Stromproduktion	32
Stromspeicher	32
Stöckl	32
Stühlen	32
Stützen	32
Sundern	32
Symphonie	32
Süßes	32
Tanne	32
Tatendrang	32
Tathergang	32
Techno	32
Teilnehmerzahl	32
Telegraph	32
Tennengau	32
Tennessee	32
Tessin	32
Thalia	32
Thuner	32
Tick	32
Tiefbau	32
Tierrettung	32
Tietz	32
Titz	32
Torverhältnis	32
Toulouse	32
Traumschiff	32
Tuchels	32
Tüte	32
Tüten	32
Uber	32
Umfahrung	32
Umfelds	32
Unachtsamkeit	32
Ungleichgewicht	32
Unmengen	32
Unreal	32
Untere	32
Unterfranken	32
Unterland	32
Unwetters	32
Uschi	32
Val	32
Verkehrsunfalls	32
Verschlüsselung	32
Visualisierung	32
Vollbremsung	32
Vollmer	32
Vorherrschaft	32
Vorstoss	32
Vätern	32
Völkerrechts	32
Wachstumskurs	32
Walk	32
Warntag	32
Wasserknappheit	32
Wattwil	32
Weidener	32
Weinbau	32
Weiser	32
Weißmann	32
Weltbevölkerung	32
Weltpremiere	32
Weltreise	32
Westdeutschen	32
Wildschweine	32
Wohnungssuche	32
Wortlaut	32
Wright	32
Wären	32
Wörth	32
Zeitstrafe	32
Zweifelsfall	32
Zählbares	32
Zäsur	32
Ähnlichkeiten	32
Abschwung	31
Abt	31
Achtsamkeit	31
Adipositas	31
Affront	31
Ahmad	31
Allergie	31
Amphibien	31
Anbaufläche	31
Anderes	31
Anfangsverdacht	31
Anlegen	31
Anlegerinnen	31
Anschlags	31
Anschliessend	31
Arlberg	31
Artefakte	31
Aryna	31
Aserbaidschans	31
Ateliers	31
Atlantiks	31
Attendorn	31
Auffallend	31
Aufgeben	31
Augenzeuge	31
Ausbaus	31
Backblech	31
Bahnhofsviertel	31
Bauhaus	31
Baumeister	31
Bausubstanz	31
Begebenheiten	31
Beginnen	31
Benno	31
Benutzung	31
Berufsgruppen	31
Bescherung	31
Betonung	31
Betrachtet	31
Betrugsmaschen	31
Bewunderung	31
Blutspende	31
Bombendrohung	31
Boniface	31
Breisgau	31
Brüste	31
Bugs	31
Building	31
Busses	31
Busunternehmen	31
Bäche	31
Bürokratieabbau	31
Championship	31
Children	31
Chirurgen	31
Cindy	31
Coaching	31
Communications	31
Creator	31
Cross	31
Currywurst	31
Cyberangriffe	31
Darna	31
Dehoga	31
Dekade	31
Delivery	31
Denker	31
Denkmals	31
Diagnostik	31
Dog	31
Dolphins	31
Domain	31
Dorthin	31
Dulig	31
Durchgangs	31
Ebreichsdorf	31
Eingeladen	31
Einstimmung	31
Einteilung	31
Einzugsgebiet	31
Eisenberg	31
Emden	31
Endgeräte	31
Entfernungen	31
Enthusiasmus	31
Entspannen	31
Entwickelt	31
Equal	31
Erlaubt	31
Fahrzeugseite	31
Fastnacht	31
Fernbedienung	31
Festgeld	31
Finanzielle	31
Firefox	31
Fleischerei	31
Florence	31
Flüssigkeiten	31
Freier	31
Friedhelm	31
Frühstart	31
Fugen	31
Funktionär	31
Fürstin	31
Galant	31
Gaspedal	31
Gefrierpunkt	31
Geldtransporter	31
Genozid	31
Gern	31
Gertrud	31
Gesamtsumme	31
Geschehnissen	31
Geschäftsjahres	31
Get	31
Getreides	31
Gewohnheit	31
Gewürze	31
Glied	31
Gonzalez	31
Granate	31
Grizzlys	31
Gruppensieg	31
Gräser	31
Haien	31
Hardliner	31
Hassrede	31
Hauptaufgabe	31
Hauptwache	31
Heimteam	31
Hering	31
Hermine	31
Hertz	31
Hildebrand	31
Hills	31
Hochsommer	31
Hochwassers	31
Homosexuelle	31
Hoppe	31
Hotellerie	31
Hummel	31
Huth	31
Häme	31
Impact	31
Individuen	31
Inka	31
Insekt	31
Interimstrainer	31
Italienisch	31
Jans	31
Jay	31
Jeep	31
Kaderplanung	31
Kamada	31
Kampfgeist	31
Kantonalbank	31
Kantor	31
Kapellen	31
Karsamstag	31
Kart	31
Kaufoption	31
Kellern	31
Kies	31
Kleinkindern	31
Klotz	31
Kometen	31
Kommunalen	31
Kompensation	31
Kontraste	31
Konventionen	31
Koordinierung	31
Kranken	31
Krauss	31
Kroaten	31
Kurzfilm	31
Käufern	31
Lagebericht	31
Landesgrenze	31
Landratswahl	31
Lanka	31
Lebensende	31
Lebensweise	31
Lebenszyklus	31
Leitha	31
Lesart	31
Leukämie	31
Lindenberg	31
Lobes	31
Logan	31
Lüftung	31
Mader	31
Mainboard	31
Mammutaufgabe	31
Managed	31
Marian	31
Matratzen	31
Medizincheck	31
Mehreinnahmen	31
Meisterin	31
Militärblogger	31
Milliardäre	31
Mitnehmen	31
Moosburg	31
Musikanten	31
Mythologie	31
Mühlhäuser	31
Narrenzunft	31
Neo	31
Neulinge	31
Norwegens	31
Oeynhausen	31
Offensivmann	31
Oil	31
Olmo	31
Orbit	31
Organ	31
Ostdeutsche	31
Ostereier	31
Parkinson	31
Parole	31
Parookaville	31
Pate	31
Perfekt	31
Plane	31
Plans	31
Pokalsieg	31
Portionen	31
Posch	31
Pragmatismus	31
Preisklasse	31
Privatjets	31
Probezeit	31
Projektleiterin	31
Protein	31
Provider	31
Prozession	31
Querelen	31
Querschnitt	31
Raketenangriffe	31
Rastatt	31
Rats	31
Ratzinger	31
Raumtemperatur	31
Reanimation	31
Rechtschreibung	31
Reduction	31
Regional	31
Reiseziele	31
Rennwochenende	31
Repräsentanten	31
Resort	31
Rezeption	31
Riesentorlauf	31
Ringstraße	31
Ritt	31
Rituale	31
Rockband	31
Romy	31
Ruhnert	31
Rückflug	31
Rücknahme	31
Rütter	31
Sachleistungen	31
Sardinien	31
Schaum	31
Schmiede	31
Schnabl	31
Schotter	31
Schranke	31
Schreie	31
Schubladen	31
Schutzraum	31
Schwanz	31
Seidel	31
Sekretär	31
Selma	31
Serbiens	31
Servern	31
Sheeran	31
Skarke	31
Sonnenblumen	31
Sozialamt	31
Speck	31
Spitz	31
Spitzenteam	31
Spitzname	31
Sprachmodelle	31
Staatsfonds	31
Stadtviertel	31
Standstreifen	31
Startplätze	31
Steel	31
Steinheim	31
Stellplätzen	31
Sticker	31
Stimmkreis	31
Stipendien	31
Strafraumgrenze	31
Strapazen	31
Straßenzüge	31
Strömungen	31
Studiengang	31
Städtetag	31
Stübgen	31
Stückzahlen	31
Stürze	31
Suppen	31
Supreme	31
Tauernautobahn	31
Theatergruppe	31
Theis	31
Thielemann	31
Thompson	31
Tierpfleger	31
Tischtennis	31
Torres	31
Tracker	31
Traurigkeit	31
Travemünder	31
Uhrzeiten	31
Umarmung	31
Umweltausschuss	31
Unbehagen	31
Ungewöhnlich	31
Unterwelt	31
Usern	31
Verborgenen	31
Verkaufsstart	31
Verkäufen	31
Verkürzung	31
Verurteilte	31
Verurteilungen	31
Vladimir	31
Voll	31
Vollen	31
Vorgängern	31
Vorlesungen	31
Wahlperiode	31
Wasserwerfer	31
Weigerung	31
Weiterbetrieb	31
Wellness	31
Werktag	31
Wichtiges	31
Wiederbeginn	31
Wiegert	31
Wildungen	31
Wilke	31
Windeln	31
Windeseile	31
Wohnmobile	31
Wood	31
Zeitungsbericht	31
Zielort	31
Zingler	31
Zinsschritt	31
Zivilschutz	31
Zuwanderer	31
Abenteurer	30
Abgründe	30
Abspaltung	30
Abweichung	30
Admira	30
Adventsmarkt	30
Akrobatik	30
Aktualität	30
Akustik	30
Aleksander	30
Altbauten	30
Anastasia	30
Anwaltskanzlei	30
Arbeitsgruppen	30
Archäologie	30
Armaturenbrett	30
Arolsen	30
Asfinag	30
Ass	30
Assistant	30
Asthma	30
Atmos	30
Atmung	30
Aufstehen	30
Ausbrüche	30
Ausgezeichnet	30
Autoreifen	30
Ballverlust	30
Barriere	30
Bauunternehmer	30
Bauwerks	30
Beauftragte	30
Belit	30
Benny	30
Bereichsleiter	30
Bertelsmann	30
Berufstätige	30
Beuth	30
Beweisen	30
Bikes	30
Bildfläche	30
Binde	30
Bittencourt	30
Bornheim	30
Boxenstopp	30
Braunkohle	30
Braunschweigs	30
Bretter	30
Brügge	30
Brühe	30
Bully	30
Bönener	30
Casper	30
Casting	30
Cavill	30
Challenger	30
Chirurgie	30
Cities	30
Coop	30
Coronazeit	30
Cybertruck	30
Dacia	30
Daum	30
Debütalbum	30
Denkmäler	30
Destinationen	30
Diener	30
Doktorarbeit	30
Dramatische	30
Drink	30
Dämonen	30
Ehemalige	30
Eigentümerinnen	30
Einsparung	30
Eishalle	30
Ekaterina	30
Elektriker	30
Emmy	30
Ems	30
Endkunden	30
Energieberater	30
Enthaltung	30
Erfolgsrezept	30
Ergänzend	30
Erinnern	30
Erwachsener	30
Erzeugerpreise	30
Eschweger	30
Esslöffel	30
Etappensieg	30
Eurowings	30
Evonik	30
Faber	30
Fahrerlager	30
Fahrverhalten	30
Faible	30
Fehlpass	30
Fernandes	30
Fernsehens	30
Finsternis	30
Flash	30
Fortschritten	30
Friede	30
Full	30
Fußballverein	30
Fähren	30
Gastgeberin	30
Gebote	30
Gegensätze	30
Geisler	30
Geistlichen	30
Geliebten	30
Gemeinsamen	30
Genie	30
Genua	30
Georgen	30
Geröll	30
Gesamtweltcup	30
Gesunde	30
Gigawattstunden	30
Greenwashing	30
Großprojekte	30
Gründerinnen	30
Grünheide	30
Göbel	30
Haftbefehls	30
Handwerks	30
Hauke	30
Hauptkamera	30
Hausherr	30
Heat	30
Heimrecht	30
Hektik	30
Hell	30
Hero	30
Hess	30
Hilferuf	30
Hornisse	30
Hunderttausend	30
Hörl	30
Hückeswagen	30
Hünxe	30
Industries	30
Inflationsdaten	30
Inneres	30
Intrigen	30
Jamaika	30
Jasper	30
Jeffrey	30
Jelinek	30
Kalenderwoche	30
Kamerun	30
Karina	30
Kassiererin	30
Kerosin	30
Kitchen	30
Kittel	30
Klöckner	30
Knight	30
Knut	30
Knöpfe	30
Konsistenz	30
Krischer	30
Kristersson	30
Krähen	30
Kulturverein	30
Kundendaten	30
Kunstgeschichte	30
Kuppel	30
Labour	30
Lane	30
Lauren	30
Laurin	30
Lebensretter	30
Legt	30
Lehrkraft	30
Leistungssport	30
Leiters	30
Lennep	30
Levi	30
Lex	30
Lichtenau	30
Lichterketten	30
Lieferumfang	30
Lifestyle	30
Lindenstraße	30
Lira	30
Lou	30
Low	30
Lux	30
Löschung	30
Mahler	30
Maljar	30
Mannen	30
Mareike	30
Marktmacht	30
Maschinenbauer	30
Massnahme	30
Maul	30
Medicine	30
Mehlspeisen	30
Meile	30
Messerstichen	30
Meuterei	30
Mieterhöhungen	30
Milieus	30
Milligramm	30
Minnesota	30
Mitchell	30
Mitspracherecht	30
Mittelmeerraum	30
Mob	30
Mohammad	30
Motorola	30
Mountainbike	30
Mutationen	30
Mühlviertel	30
Nachfahren	30
Nachhaltige	30
Nachsatz	30
Nachwuchses	30
Nationalismus	30
Nebenrolle	30
Neuköllner	30
Nieren	30
Nächstenliebe	30
Ohrfeige	30
Originale	30
Ostseeküste	30
Patenschaft	30
Pausenpfiff	30
Pedelecs	30
Peer	30
Peitinger	30
Pfeiler	30
Platin	30
Platzierungen	30
Plettenberg	30
Pohl	30
Polizeiposten	30
Pony	30
Portugiesen	30
Preisauftrieb	30
Product	30
Radfahrende	30
Rage	30
Ramsau	30
Ramy	30
Rankweil	30
Regenbogen	30
Regulierungen	30
Rekordniveau	30
Reservierungen	30
Rettungseinsatz	30
Rettungswache	30
Rhynern	30
Rollerfahrer	30
Rouven	30
Ryerson	30
Rüsselsheim	30
Sahara	30
Saisonverlauf	30
Salate	30
Salesforce	30
Schlachten	30
Schlagwort	30
Schlichtung	30
Schlitten	30
Schröders	30
Schulalltag	30
Schwule	30
Schwäbischen	30
Schüller	30
Schützenkönig	30
Seenot	30
Segnung	30
Sergei	30
Servus	30
Shakespeares	30
Shani	30
Sheffield	30
Shoah	30
Siegerstraße	30
Sinti	30
Sonnenaufgang	30
Sonnensystems	30
Soziologie	30
Spalt	30
Spielanteile	30
Spielgeräte	30
Sprichwort	30
Spritze	30
Stadtbezirk	30
Stahlindustrie	30
Stakeholder	30
Steiger	30
Steinhart	30
Stellt	30
Stendal	30
Stiller	30
Strombedarf	30
Stromrechnung	30
Stuart	30
Studienautoren	30
Stürmen	30
Sultan	30
Suter	30
Sünde	30
Tabellenzweite	30
Tadej	30
Tamsweg	30
Taskforce	30
Terabyte	30
Thiemann	30
This	30
Todd	30
Torgefahr	30
Track	30
Tristan	30
Trocknen	30
Trumpf	30
Tränengas	30
Turnhallen	30
Turniersieg	30
Uckermark	30
Ullmann	30
Umrüstung	30
Umsatzrückgang	30
Umschlag	30
Umverteilung	30
Unheil	30
Unternehmungen	30
Unterscheidung	30
Unze	30
Urnengang	30
Veranstalters	30
Verbrennen	30
Vergleicht	30
Verschmutzung	30
Verstehen	30
Verwenden	30
Verwirklichung	30
Videospielen	30
Viererkette	30
Viessmann	30
Vollständigkeit	30
Vorgesetzte	30
Völkermarkt	30
Wallace	30
Wallis	30
Wanne	30
Wartelisten	30
Waschmaschinen	30
Wehrbeauftragte	30
Wepper	30
Werneke	30
Wespen	30
Westautobahn	30
Westfälischen	30
Wienerwald	30
Winterspiele	30
Wohnfläche	30
Wonder	30
Wunsiedel	30
Wächter	30
Wöber	30
Yves	30
Zalazar	30
Zerfall	30
Zink	30
Zufrieden	30
Zukünftig	30
Zuschüssen	30
Zweibrücker	30
Öle	30
Österreichweit	30
Überprüfungen	30
Überresten	30