ANTWORT	LABEL	SITELINKS	KLASSE	BESCHREIBUNG
FRANKREICH	Frankreich	428	Staat|Land	Staat in Westeuropa mit Überseegebieten
TUERKEI	Türkei	425	Staat|Land	Staat in Südosteuropa und Vorderasien
RUSSLAND	Russland	421	Staat|Land	Staat in Osteuropa und Nordasien
JAPAN	Japan	419	Staat|Land	Inselstaat in Ostasien
ITALIEN	Italien	409	Staat|Land	Staat in Südeuropa
DEUTSCHLAND	Deutschland	405	Staat|Land	Staat in Mitteleuropa
FINNLAND	Finnland	403	Staat|Land	Staat in Nordeuropa
INDIEN	Indien	403	Staat|Land	Staat in Südasien
MEXIKO	Mexiko	401	Staat|Land	Staat in Nordamerika
AUSTRALIEN	Australien	399	Staat|Land	Staat in Ozeanien
KANADA	Kanada	398	Staat|Land	Staat in Nordamerika
SPANIEN	Spanien	396	Staat|Land	Staat in Südeuropa, mit Territorium in Afrika
ENGLISCH	Englisch	396	Sprache	westgermanische Sprache
NORWEGEN	Norwegen	393	Staat|Land	Staat in Nordeuropa
POLEN	Polen	391	Staat|Land	Staat in Mitteleuropa
AEGYPTEN	Ägypten	391	Staat|Land	Staat im Nordosten von Afrika und Südwesten von Asien
UKRAINE	Ukraine	389	Staat|Land	Staat in Osteuropa
SCHWEIZ	Schweiz	387	Staat|Land	Staat in Mitteleuropa
BRASILIEN	Brasilien	387	Staat|Land	Staat in Südamerika
ALBANIEN	Albanien	387	Staat|Land	Staat in Südosteuropa
BELGIEN	Belgien	383	Staat|Land	föderaler Staat in Westeuropa
ISRAEL	Israel	380	Staat|Land	Staat in Vorderasien
CHILE	Chile	380	Staat|Land	Staat in Südamerika
GRIECHENLAND	Griechenland	378	Staat|Land	Staat in Südosteuropa
IRAN	Iran	376	Staat|Land	Staat in Vorderasien
AFRIKA	Afrika	375	Ort	Kontinent auf der Nord- und Südhalbkugel der Erde
ALGERIEN	Algerien	374	Staat|Land	Staat in Nordafrika
NIEDERLANDE	Niederlande	374	Land	eines der vier autonomen Länder des Königreiches der Niederlande; mit Gebieten in der Karibik
OESTERREICH	Österreich	372	Staat|Land	Staat in Mitteleuropa
ARGENTINIEN	Argentinien	372	Staat|Land	Staat in Südamerika
PORTUGAL	Portugal	371	Staat|Land	Staat in Südwesteuropa
SCHWEDEN	Schweden	370	Staat|Land	Staat in Nordeuropa
VIETNAM	Vietnam	369	Staat|Land	Land in Südostasien
DAENEMARK	Dänemark	369	Land	Staat in Nordeuropa und Nordamerika
SUEDAFRIKA	Südafrika	368	Staat|Land	Staat im Süden Afrikas
KOLUMBIEN	Kolumbien	367	Staat|Land	Staat in Südamerika
INDONESIEN	Indonesien	366	Staat|Land	Inselstaat in Südostasien und Ozeanien
AFGHANISTAN	Afghanistan	362	Staat|Land	Staat in Südmittelasien
BULGARIEN	Bulgarien	361	Staat|Land	Staat in Südosteuropa
ASERBAIDSCHAN	Aserbaidschan	361	Staat|Land	Staat in Vorderasien
UNGARN	Ungarn	358	Staat|Land	Staat in Mitteleuropa
BELARUS	Belarus	358	Staat|Land	Staat in Osteuropa
KROATIEN	Kroatien	356	Staat|Land	Staat in Südosteuropa
LONDON	London	356	Stadt	Hauptstadt und bevölkerungsreichste Stadt des Vereinigten Königreichs
DEUTSCH	Deutsch	356	Sprache	westgermanische Sprache
PAKISTAN	Pakistan	355	Staat|Land	Staat im nordwestlichen indischen Subkontinent in Südasien
THAILAND	Thailand	355	Staat|Land	Staat in Südostasien
SUEDKOREA	Südkorea	355	Staat|Land	Staat in Ostasien
ISLAND	Island	355	Staat|Land	Inselstaat im äußersten Nordwesten Europas
TSCHECHIEN	Tschechien	355	Staat|Land	Staat in Mitteleuropa
ESTLAND	Estland	354	Staat|Land	Staat im Baltikum, Nordeuropa
ARMENIEN	Armenien	353	Staat|Land	Staat in Vorderasien
LITAUEN	Litauen	352	Staat|Land	Staat im Nordosten Europas
SERBIEN	Serbien	352	Staat|Land	Binnenstaat in Südosteuropa
FRANZOESISCH	Französisch	352	Sprache	romanische Sprache
SPANISCH	Spanisch	351	Sprache	romanische Sprache, die vor allem in Spanien und vielen Ländern Lateinamerikas gesprochen wird
IRAK	Irak	350	Staat|Land	Staat in Westasien
SAUDIARABIEN	Saudi-Arabien	350	Staat|Land	Staat in Vorderasien
KASACHSTAN	Kasachstan	350	Staat|Land	Staat in Zentralasien
NEUSEELAND	Neuseeland	349	Staat|Land	Inselstaat im südlichen Pazifik
NIGERIA	Nigeria	349	Staat|Land	Staat in Westafrika
BANGLADESCH	Bangladesch	348	Staat|Land	Staat am östlichen Rand des indischen Subkontinents in Südasien
RUMAENIEN	Rumänien	348	Staat|Land	Staat in Südosteuropa
GEORGIEN	Georgien	348	Staat|Land	Staat im Kaukasus
AETHIOPIEN	Äthiopien	347	Staat|Land	Binnenstaat in Ostafrika
JESUSCHRISTUS	Jesus Christus	346	Spielzeug	zentrale Person des Christentums
VENEZUELA	Venezuela	344	Staat|Land	Staat in Südamerika an der Karibikküste
ROM	Rom	344	Großstadt	Haupt- und bevölkerungsreichste Stadt Italiens
IRLAND	Irland	342	Staat|Land	Staat im Nordwesten Europas, der fünf Sechstel der Insel Irland umfasst
VATIKANSTADT	Vatikanstadt	342	Staat|Land	Kleinstaat in Südeuropa
SLOWAKEI	Slowakei	341	Staat|Land	Staat in Mittelosteuropa
BARACKOBAMA	Barack Obama	340	Spielzeug	44. Präsident der Vereinigten Staaten (2009–2017)
MALAYSIA	Malaysia	339	Staat|Land	Staat in Südostasien
KENIA	Kenia	337	Staat|Land	Staat in Ostafrika
MOSKAU	Moskau	337	Großstadt	Hauptstadt und bevölkerungsreichste Stadt Russlands
SYRIEN	Syrien	336	Staat|Land	Staat in Vorderasien
LETTLAND	Lettland	336	Staat|Land	Staat im Baltikum
LUXEMBURG	Luxemburg	335	Staat|Land	Staat in Westeuropa
PHILIPPINEN	Philippinen	334	Staat|Land	Inselstaat in Asien
MAROKKO	Marokko	334	Staat|Land	Staat in Nordafrika
SUDAN	Sudan	334	Staat|Land	Staat in Nordostafrika
DONALDTRUMP	Donald Trump	334	Spielzeug	45. und 47. Präsident der Vereinigten Staaten
ANDORRA	Andorra	333	Staat|Land	Kleinstaat in Europa
SINGAPUR	Singapur	333	Staat|Großstadt|Stadt|Land	Stadtstaat in Südostasien
PERU	Peru	333	Staat|Land	Staat in Südamerika
LIBYEN	Libyen	333	Staat|Land	Staat in Nordafrika
SLOWENIEN	Slowenien	331	Staat|Land	Staat in Mitteleuropa
MOLDAU	Moldau	331	Staat|Land	Staat in Südosteuropa
KAMBODSCHA	Kambodscha	330	Staat|Land	Staat in Südostasien
LIBANON	Libanon	329	Staat|Land	Staat in Vorderasien
TUNESIEN	Tunesien	328	Staat|Land	Staat in Nordafrika
ADOLFHITLER	Adolf Hitler	328	Spielzeug	Deutscher Politiker, von 1933 bis 1945 Diktator des Deutschen Reiches
MALTA	Malta	327	Staat|Land	Inselstaat in Südeuropa
NORDMAZEDONIEN	Nordmazedonien	326	Staat|Land	Binnenstaat in Südosteuropa
SOMALIA	Somalia	326	Staat|Land	Staat in Ostafrika
GHANA	Ghana	325	Staat|Land	Staat in Westafrika
ZYPERN	Zypern	325	Staat|Land	Inselstaat im östlichen Mittelmeer
URUGUAY	Uruguay	324	Staat|Land	Staat in Südamerika
NEPAL	Nepal	323	Staat|Land	Staat am nordöstlichen Rand des indischen Subkontinents in Südasien
ANGOLA	Angola	323	Staat|Land	Staat in Südwestafrika
MONTENEGRO	Montenegro	323	Staat|Land	Staat in Südosteuropa
MUSIK	Musik	323	Fachgebiet	Kunstgattung, deren Werke aus organisierten Schallereignissen bestehen
MICHAELJACKSON	Michael Jackson	322	Spielzeug	US-amerikanischer Musiker (1958–2009)
MONACO	Monaco	321	Staat|Land	Kleinststaat in Südeuropa
MADAGASKAR	Madagaskar	321	Staat|Land	Inselstaat vor der Küste des Südöstlichen Afrikas, im Indischen Ozean
MONGOLEI	Mongolei	321	Staat|Land	Staat in Ostasien
TIER	Tier	321	Taxon	Gruppe von eukaryotischen, heterotrophen, mehrzelligen, gewebebewohnenden Organismen
RUSSISCH	Russisch	321	Sprache	ostslawische Sprache
ALBERTEINSTEIN	Albert Einstein	321	Spielzeug	theoretischer Physiker (1879–1955); Entwickler der Relativitätstheorie, Nobelpreis für Physik 1922
TANSANIA	Tansania	320	Staat|Land	Staat in Ostafrika
SIMBABWE	Simbabwe	320	Staat|Land	Staat im südlichen Afrika
KIRGISISTAN	Kirgisistan	319	Staat|Land	Staat in Zentralasien
ARISTOTELES	Aristoteles	319	Spielzeug	klassischer griechischer Philosoph
MYANMAR	Myanmar	317	Staat|Land	Staat in Südostasien
TSCHAD	Tschad	317	Staat|Land	Binnenstaat in Zentralafrika
JEMEN	Jemen	316	Staat|Land	Staat in Vorderasien
LIECHTENSTEIN	Liechtenstein	316	Staat|Land	Fürstentum und Kleinstaat in Mitteleuropa
ANTARKTIKA	Antarktika	316	Ort	terrestrischer Kontinent auf der Südhalbkugel
LAOS	Laos	315	Staat|Land	Binnenstaat in Südostasien
ECUADOR	Ecuador	315	Staat|Land	Staat in Südamerika
NAMIBIA	Namibia	315	Staat|Land	Staat im südlichen Afrika
JORDANIEN	Jordanien	314	Staat|Land	Staat in Vorderasien
TAIWAN	Taiwan	314	Staat	Inselstaat in Ostasien
BOTSWANA	Botswana	314	Staat|Land	Staat im südlichen Afrika
KAMERUN	Kamerun	314	Staat|Land	Staat in Zentralafrika
SANMARINO	San Marino	314	Staat|Land	Staat in Südeuropa
BOLIVIEN	Bolivien	313	Staat|Land	Staat in Südamerika
KONFUZIUS	Konfuzius	313	Spielzeug	chinesischer Lehrer, Politiker und Philosoph
MALI	Mali	312	Staat|Land	Staat in Westafrika
ELFENBEINKUESTE	Elfenbeinküste	312	Staat|Land	Staat in Afrika
KUBA	Kuba	312	Staat|Land	Inselstaat in der Karibik
UGANDA	Uganda	312	Staat|Land	Staat in Ostafrika
KARLMARX	Karl Marx	312	Spielzeug	deutscher Philosoph, Ökonom und Journalist (1818–1883)
NORDKOREA	Nordkorea	311	Staat|Land	Staat in Ostasien
PARAGUAY	Paraguay	311	Staat|Land	Staat in Südamerika
ARABISCH	Arabisch	310	Sprache	semitische Sprache
USBEKISTAN	Usbekistan	309	Staat|Land	Staat in Zentralasien
SAMBIA	Sambia	309	Staat|Land	Staat im südlichen Afrika
BURKINAFASO	Burkina Faso	309	Staat|Land	Staat in Westafrika
SRILANKA	Sri Lanka	308	Staat|Land	Inselstaat südöstlich des indischen Subkontinents in Südasien
BENIN	Benin	308	Staat|Land	Staat in Westafrika
ERITREA	Eritrea	308	Staat|Land	Staat in Ostafrika
SENEGAL	Senegal	308	Staat|Land	Staat in Westafrika
LATEIN	Latein	308	Sprache	indogermanische Sprache
TADSCHIKISTAN	Tadschikistan	307	Staat|Land	Staat in Zentralasien
BAHRAIN	Bahrain	306	Staat|Land	Staat in Vorderasien
CHEMIE	Chemie	306	Fachgebiet	Naturwissenschaft von Aufbau, Eigenschaften und Umwandlung von Stoffen
KUWAIT	Kuwait	305	Staat|Land	Staat in Vorderasien
PEKING	Peking	305	Großstadt|Stadt	Hauptstadt der Volksrepublik China
BHUTAN	Bhutan	304	Staat|Land	Staat im Himalaya in Südasien
MAURETANIEN	Mauretanien	304	Staat|Land	Staat in Nordwestafrika
RELIGION	Religion	304	Fachgebiet	Glaube mit metaphysischem oder transzendentem Inhalt
ITALIENISCH	Italienisch	304	Sprache	romanische Sprache
RONALDREAGAN	Ronald Reagan	304	Spielzeug	US-amerikanischer Schauspieler und Politiker, 40. Präsident der Vereinigten Staaten
RUANDA	Ruanda	303	Staat|Land	Staat in Ostafrika
HONGKONG	Hongkong	303	Großstadt|Stadt	Metropole und Sonderverwaltungszone an der Südküste der Volksrepublik China
ISAACNEWTON	Isaac Newton	303	Spielzeug	englischer Naturforscher und Verwaltungsbeamter
COSTARICA	Costa Rica	302	Staat|Land	Staat in Zentralamerika
PANAMA	Panama	302	Staat|Land	Staat in Mittelamerika
TOGO	Togo	302	Staat|Land	Staat in Westafrika
BURUNDI	Burundi	302	Staat|Land	Staat in Ostafrika
NIGER	Niger	302	Staat|Land	Staat in Westafrika
TOKIO	Tokio	302	Großstadt	Hauptstadt und größte Stadt Japans
PLATON	Platon	302	Spielzeug	antiker griechischer Philosoph
GUINEA	Guinea	301	Staat|Land	Staat in Westafrika
MOSAMBIK	Mosambik	301	Staat|Land	Staat in Südostafrika
REPUBLIKKONGO	Republik Kongo	300	Staat|Land	Staat in Zentralafrika, Hauptstadt Brazzaville
DSCHIBUTI	Dschibuti	300	Staat|Land	Staat in Ostafrika
GAMBIA	Gambia	300	Staat|Land	Kleinstaat in Westafrika
TURKMENISTAN	Turkmenistan	299	Staat|Land	Staat in Zentralasien
HONDURAS	Honduras	298	Staat|Land	Staat in Mittelamerika
BRUNEI	Brunei	298	Staat|Land	Staat in Asien auf der Insel Borneo
GUINEABISSAU	Guinea-Bissau	298	Staat|Land	Staat in Westafrika
MALAWI	Malawi	298	Staat|Land	Staat in Südostafrika
JERUSALEM	Jerusalem	298	Stadt	Stadt in den judäischen Bergen
JAPANISCH	Japanisch	298	Sprache	ostasiatische Sprache
COMPUTER	Computer	298	Maschine	Apparat, der mithilfe einer programmierbaren Rechenvorschrift Daten verarbeiten kann
OMAN	Oman	297	Staat|Land	Staat im Osten der Arabischen Halbinsel am Arabischen Meer
FUSSBALL	Fußball	296	Sportart|Spiel	Ballsportart zweier Mannschaften mit je elf Spielern
PORTUGIESISCH	Portugiesisch	296	Sprache	romanische Sprache, die von der Iberischen Halbinsel stammt
ABRAHAMLINCOLN	Abraham Lincoln	296	Spielzeug	16. Präsident der Vereinigten Staaten von 1861 bis 1865 (1809–1865)
GABUN	Gabun	295	Staat|Land	Staat in Westafrika
VOEGEL	Vögel	295	Taxon	Unterklasse der Wirbeltiere
NELSONMANDELA	Nelson Mandela	295	Spielzeug	südafrikanischer Freiheitskämpfer, Präsident Südafrikas, Friedensnobelpreisträger (1918–2013)
SIERRALEONE	Sierra Leone	294	Staat|Land	Staat in Westafrika
HELSINKI	Helsinki	293	Großstadt|Stadt	Hauptstadt von Finnland
LIBERIA	Liberia	292	Staat|Land	Staat in Westafrika
HAITI	Haiti	291	Staat|Land	Staat in der Karibik
OSTTIMOR	Osttimor	291	Staat|Land	Staat in Südostasien
KATAR	Katar	290	Staat|Land	Staat in Vorderasien
KAPVERDE	Kap Verde	290	Staat|Land	afrikanischer Inselstaat
ISTANBUL	Istanbul	290	Großstadt	bevölkerungsreichste Stadt der Türkei
MOHAMMED	Mohammed	290	Spielzeug	Gründer des Islam (ca. 570–632)
MALEDIVEN	Malediven	289	Staat|Land	Inselstaat im Indischen Ozean
ATHEN	Athen	289	Großstadt	Hauptstadt von Griechenland
SURINAME	Suriname	288	Staat|Land	Staat in Südamerika
WARSCHAU	Warschau	288	Großstadt|Stadt	Hauptstadt und bevölkerungsreichste Stadt Polens
ELSALVADOR	El Salvador	287	Staat|Land	Staat in Zentralamerika
GUYANA	Guyana	286	Staat|Land	Staat in Südamerika
ESWATINI	Eswatini	286	Staat|Land	Königreich im südlichen Afrika
PAPUANEUGUINEA	Papua-Neuguinea	285	Staat|Land	Staat in Südostasien und Ozeanien
KOMOREN	Komoren	284	Staat|Land	Inselstaat im Indischen Ozean
EDIRNE	Edirne	284	Großstadt|Stadt	Zentraler Bezirk und Großstadt in der Provinz Edirne, Türkei
HAUSPFERD	Hauspferd	284	Taxon	domestizierte Form des Wildpferdes
MAURITIUS	Mauritius	283	Staat|Land	Inselstaat im Indischen Ozean
KOSOVO	Kosovo	283	Staat|Land	Staat in Südosteuropa
AMSTERDAM	Amsterdam	283	Großstadt|Stadt	Hauptstadt und bevölkerungsreichste Stadt der Niederlande
ESPERANTO	Esperanto	283	Sprache	internationale Plansprache von Ludwik Lejzer Zamenhof
NICARAGUA	Nicaragua	282	Staat|Land	souveräner Staat in Zentralamerika
JAMAIKA	Jamaika	281	Staat|Land	Inselstaat in der Karibik
GUATEMALA	Guatemala	281	Staat|Land	Staat in Zentralamerika
SUEDSUDAN	Südsudan	281	Staat|Land	Staat in Ostafrika
BELIZE	Belize	281	Staat|Land	Staat in Zentralamerika
KORAN	Koran	281	Literarisches Werk	religiöses Hauptwerk des Islam
BAHAMAS	Bahamas	280	Staat|Land	Inselstaat im Atlantik, Teil der Westindischen Inseln
LESOTHO	Lesotho	280	Staat|Land	Staat im südlichen Afrika
FIDSCHI	Fidschi	280	Staat|Land	Inselstaat im Südpazifik
TIRANA	Tirana	280	Stadt	Hauptstadt von Albanien
STOCKHOLM	Stockholm	279	Großstadt|Stadt	Hauptstadt von Schweden
BOGOTA	Bogotá	279	Großstadt	Hauptstadt Kolumbiens und des Departamento de Cundinamarca
CHARLESDARWIN	Charles Darwin	279	Spielzeug	britischer Naturforscher, Begründer der modernen Evolutionstheorie (1809–1882)
JOSEFSTALIN	Josef Stalin	279	Spielzeug	sowjetischer Diktator, Generalsekretär des ZK der Bolschewiki und KPdSU (1878–1953)
SEYCHELLEN	Seychellen	278	Staat|Land	Inselstaat im Indischen Ozean
CHICAGO	Chicago	278	Großstadt	bevölkerungsreichste Stadt des US-Bundesstaats Illinois
JOEBIDEN	Joe Biden	278	Spielzeug	46. Präsident der Vereinigten Staaten von Amerika von 2021 bis 2025
GOLD	Gold	277	Chemisches Element	Edelmetall, chemisches Element mit dem Symbol Au und der Ordnungszahl 79
BARBADOS	Barbados	276	Staat|Land	Inselstaat im Atlantik und Teil der Kleinen Antillen
SOKRATES	Sokrates	276	Spielzeug	antiker griechischer Philosoph
LOEWE	Löwe	274	Taxon	Art der Gattung Eigentliche Großkatzen (Panthera)
SANKTPETERSBURG	Sankt Petersburg	273	Großstadt	zweitgrößte Stadt Russlands
HOMER	Homer	271	Spielzeug	mutmaßlicher Autor der Ilias und Odyssee
DANTEALIGHIERI	Dante Alighieri	271	Spielzeug	florentinischer Dichter und Philosoph (1265–1321)
SCHACH	Schach	270	Brettspiel|Sportart|Spiel	Strategiespiel für zwei Personen
GALILEOGALILEI	Galileo Galilei	270	Spielzeug	italienischer Philosoph, Mathematiker, Physiker und Astronom (1564–1642)
PERSISCH	Persisch	269	Fachgebiet|Sprache	iranische Amtssprache, Farsi, Neupersisch
VICTORHUGO	Victor Hugo	269	Spielzeug	französischer Poet und Autor (1802–1885)
PRAG	Prag	268	Großstadt	Hauptstadt und bevölkerungsreichste Stadt Tschechiens
PFLANZEN	Pflanzen	268	Taxon	eukaryotischer Organismus, der meist in der Lage ist, Photosynthese zu betreiben
SYDNEY	Sydney	266	Großstadt|Stadt	Hauptstadt von New South Wales, Australien
NAOERO	Naoero	265	Staat|Land	Inselstaat im Pazifischen Ozean
CHINESISCH	Chinesisch	265	Sprache	Primärzweig der sinotibetischen Sprachfamilie
PABLOPICASSO	Pablo Picasso	265	Spielzeug	spanischer Maler, Grafiker und Bildhauer (1881–1973)
DOMINICA	Dominica	264	Staat|Land	Inselstaat in der östlichen Karibik
VANUATU	Vanuatu	264	Staat|Land	Inselstaat im Südpazifik
GRIECHISCH	Griechisch	264	Sprache	indogermanische Sprache
FACEBOOK	Facebook	263	Website|Soziales Netzwerk|Spielzeug|Suchmaschine|Online-Community|Große Plattform	soziales Netzwerk
BANGKOK	Bangkok	262	Großstadt|Stadt	Hauptstadt und bevölkerungsreichste Stadt Thailands
HEBRAEISCH	Hebräisch	262	Sprache	nordwestsemitische Sprache
CHARLIECHAPLIN	Charlie Chaplin	262	Spielzeug	britischer Schauspieler und Filmregisseur
SAMOA	Samoa	261	Staat|Land	Inselstaat in Ozeanien
KAIRO	Kairo	261	Großstadt	Hauptstadt von Ägypten
TONGA	Tonga	260	Staat|Land	Inselstaat im Südpazifik
CURITIBA	Curitiba	260	Großstadt	Großstadt in Brasilien, Hauptstadt des Bundesstaates Paraná
MEXIKOSTADT	Mexiko-Stadt	260	Großstadt|Stadt	Hauptstadt und bevölkerungsreichste Stadt Mexikos
KYTO	Kyōto	260	Großstadt	japanische Großstadt
SEOUL	Seoul	259	Stadt	Hauptstadt von Südkorea
MICHELANGELO	Michelangelo	259	Spielzeug	italienischer Bildhauer, Maler, Baumeister und Dichter (1475–1564)
MARTINLUTHER	Martin Luther	259	Spielzeug	deutscher Theologe, Autor und Urheber der Reformation
PALAU	Palau	257	Staat|Land	Inselstaat im Pazifischen Ozean
GESUNDHEIT	Gesundheit	257	Fachgebiet	Zustand des vollständigen körperlichen, geistigen und sozialen Wohlergehens
BROT	Brot	256	Gericht/Lebensmittel	Nahrungsmittel, das aus Mehl, Wasser und weiteren Zutaten gebacken wird
SOPAULO	São Paulo	256	Großstadt|Stadt	bevölkerungsreichste Stadt des amerikanischen Kontinents und Hauptstadt des gleichnamigen brasilianischen Bundesstaats
VOLTAIRE	Voltaire	256	Spielzeug	Autor, Historiker und Philosoph der französischen und europäischen Aufklärung (1694–1778)
GROENLAND	Grönland	255	Land	autonomer Teil des Königreichs Dänemark und größte Insel der Erde
ELISABETHII	Elisabeth II.	255	Spielzeug	Königin des Vereinigten Königreiches von Großbritannien und Nordirland (1926–2022)
RENEDESCARTES	René Descartes	254	Spielzeug	französischer Philosoph, Mathematiker und Naturwissenschaftler
TUVALU	Tuvalu	253	Staat|Land	Inselstaat im Pazifischen Ozean
EISEN	Eisen	253	Chemisches Element	chemisches Element mit dem Symbol Fe und der Ordnungszahl 26
SCHWEDISCH	Schwedisch	253	Sprache	nordgermanische Sprache, in Schweden und Finnland gesprochen
POLNISCH	Polnisch	253	Sprache	indogermanische Sprache aus der westslawischen Gruppe, die in Polen gesprochen wird
SIGMUNDFREUD	Sigmund Freud	253	Spielzeug	österreichischer Begründer der Psychoanalyse
IMMANUELKANT	Immanuel Kant	253	Spielzeug	deutscher Philosoph der Aufklärung (1724–1804)
MARKTWAIN	Mark Twain	252	Spielzeug	US-amerikanischer Schriftsteller
GRENADA	Grenada	251	Staat|Land	Inselstaat in der Karibik
SHANGHAI	Shanghai	251	Großstadt	bevölkerungsreichste Stadt der Volksrepublik China
BAGDAD	Bagdad	251	Großstadt	Hauptstadt des Irak
ARCHITEKTUR	Architektur	251	Fachgebiet	Auseinandersetzung des Menschen mit gebautem Raum
CHARLESDICKENS	Charles Dickens	250	Spielzeug	englischer Schriftsteller (1812–1870)
KIRIBATI	Kiribati	249	Staat|Land	Inselstaat im Pazifik
TUERKISCH	Türkisch	249	Sprache	in der Türkei überwiegend gesprochene Sprache
MARIECURIE	Marie Curie	248	Spielzeug	in Frankreich lebende polnische Physikerin, zweifache Nobelpreisträgerin
MAIS	Mais	247	Taxon|Spielzeug	Getreideart der Gattung Zea
NIL	Nil	247	Fluss	Strom in Afrika und längster Fluss der Erde
SALVADORDAL	Salvador Dalí	247	Spielzeug	spanischer Maler, Grafiker, Schriftsteller, Bildhauer und Bühnenbildner (1904–1989)
KOPENHAGEN	Kopenhagen	246	Großstadt|Stadt	Hauptstadt von Dänemark
BARCELONA	Barcelona	246	Stadt	Stadt in Katalonien in Spanien
ARCHIMEDES	Archimedes	246	Spielzeug	antiker griechischer Mathematiker, Physiker und Ingenieur
YOUTUBE	YouTube	245	Website|Videostreaming|Videoportal|Online-Community	US-amerikanisches Internet-Videoportal; Tochtergesellschaft von Google
THEBEATLES	The Beatles	245	Musikgruppe	englische Poprockband
SALOMONEN	Salomonen	245	Staat|Land	Inselstaat im Südwesten des Pazifiks
OSLO	Oslo	245	Großstadt	Hauptstadt von Norwegen
HUHN	Huhn	245	Taxon|Spielzeug	Haustier, Zuchtform des Bankivahuhns
VERGIL	Vergil	245	Spielzeug	römischer Dichter
AUGUSTUS	Augustus	245	Spielzeug	erster römischer Kaiser
BILLGATES	Bill Gates	243	Spielzeug	US-amerikanischer Unternehmer, Programmierer und Mäzen
DAMASKUS	Damaskus	242	Großstadt|Stadt	Hauptstadt von Syrien
FRANZKAFKA	Franz Kafka	242	Spielzeug	österreichisch-tschechischer Schriftsteller (1883–1924)
MUENCHEN	München	241	Großstadt	Landeshauptstadt des Freistaates Bayern, Deutschland
ANKARA	Ankara	241	Stadt	Hauptstadt der Türkei
MARILYNMONROE	Marilyn Monroe	241	Spielzeug	US-amerikanische Filmschauspielerin, Sängerin und Fotomodell (1926–1962)
BRUESSEL	Brüssel	240	Großstadt	Gemeinde in der Region Brüssel-Hauptstadt und Hauptstadt Belgiens
SANFRANCISCO	San Francisco	238	Großstadt	Metropole im US-Bundesstaat Kalifornien
DUBLIN	Dublin	238	Großstadt	Hauptstadt und bevölkerungsreichste Stadt Irlands
NAIROBI	Nairobi	238	Großstadt	Hauptstadt von Kenia
VALPARASO	Valparaíso	238	Großstadt	Stadt in Chile
WASSERSTOFF	Wasserstoff	238	Chemisches Element	chemisches Element mit dem Symbol H und der Ordnungszahl 1
SILBER	Silber	238	Chemisches Element	chemisches Element mit dem Symbol Ag und der Ordnungszahl 47, Edelmetall
BUKAREST	Bukarest	237	Großstadt	Hauptstadt Rumäniens
AMEISEN	Ameisen	237	Taxon	Familie der Ordnung Hautflügler (Hymenoptera)
MOUNTEVEREST	Mount Everest	237	Berg	höchster Berg der Erde
JIMMYWALES	Jimmy Wales	237	Spielzeug	US-amerikanischer Unternehmer und Mitbegründer von Wikipedia
MARSHALLINSELN	Marshallinseln	236	Staat|Land	Inselstaat im westlichen Pazifischen Ozean
TIGER	Tiger	236	Taxon	Art der Gattung Eigentliche Großkatzen (Panthera)
STLUCIA	St. Lucia	235	Staat|Land	Inselstaat in der Karibik
SHAKIRA	Shakira	235	Spielzeug	kolumbianische Sängerin
SAUERSTOFF	Sauerstoff	234	Chemisches Element	chemisches Element mit dem Symbol O und der Ordnungszahl 8
MINSK	Minsk	232	Großstadt	Hauptstadt und größte Stadt von Belarus
MAOZEDONG	Mao Zedong	232	Spielzeug	chinesischer Diktator, Revolutionär und Vorsitzender der Kommunistischen Partei Chinas (1893–1976)
NGHI	Đồng Hới	231	Großstadt	Hauptstadt der Provinz Quảng Bình in Zentral-Vietnam
OTTAWA	Ottawa	231	Großstadt	Bundeshauptstadt Kanadas
SAEUGETIERE	Säugetiere	231	Taxon	Klasse der Wirbeltiere (Vertebrata)
STEVEJOBS	Steve Jobs	231	Spielzeug	US-amerikanischer Unternehmer und Mitgründer von Apple (1955–2011)
TALLINN	Tallinn	230	Großstadt	Hauptstadt von Estland
VENEDIG	Venedig	230	Großstadt|Stadt	Stadt im Nordosten Italiens
BELGRAD	Belgrad	230	Großstadt|Stadt	Hauptstadt und größte Stadt der Republik Serbien
HAMBURG	Hamburg	230	Großstadt	Stadt und Land der Bundesrepublik Deutschland
MUMBAI	Mumbai	230	Stadt	bevölkerungsreichste Stadt Indiens und Hauptstadt des indischen Bundesstaats Maharashtra
OEKOLOGIE	Ökologie	230	Fachgebiet	Wissenschaft des Zusammenwirkens lebendiger Organismen mit sich und der Umwelt
VILNIUS	Vilnius	229	Großstadt|Stadt	Hauptstadt von Litauen
KUPFER	Kupfer	229	Chemisches Element	chemisches Element mit dem Symbol Cu und der Ordnungszahl 29
UKRAINISCH	Ukrainisch	229	Sprache	ostslawische Sprache
CONCEPCIN	Concepción	228	Großstadt	Stadt in Chile
TIFLIS	Tiflis	227	Großstadt|Stadt	Hauptstadt und größte Stadt Georgiens
CHEGUEVARA	Che Guevara	227	Spielzeug	argentinischer Mediziner, marxistischer Revolutionär (1928–1967)
MAILAND	Mailand	226	Großstadt|Stadt	zweitgrößte Stadt Italiens, Hauptstadt der Lombardei
BRATISLAVA	Bratislava	226	Großstadt|Stadt	Hauptstadt der Slowakei
BRASLIA	Brasília	226	Großstadt	Hauptstadt von Brasilien und Sitz des Bundesdistrikts
HAUSSCHWEIN	Hausschwein	226	Taxon	domestizierte Tierart, Haustier
MOLIERE	Molière	226	Spielzeug	französischer Schauspieler, Theaterdirektor und Dramatiker (1622–1673)
PALAESTINA	Palästina	225	Staat|Land	Staat in Vorderasien
RIGA	Riga	225	Großstadt	Hauptstadt von Lettland
MACAU	Macau	225	Großstadt	Sonderverwaltungszone an der Südküste der Volksrepublik China
FINNISCH	Finnisch	225	Sprache	finno-ugrische Sprache
LIONELMESSI	Lionel Messi	225	Spielzeug	argentinischer Fußballspieler
THOMASJEFFERSON	Thomas Jefferson	225	Spielzeug	dritter Präsident der Vereinigten Staaten (1801–1809)
TORONTO	Toronto	224	Großstadt|Stadt	bevölkerungsreichste Stadt Kanadas und Hauptstadt der Provinz Ontario
WOLF	Wolf	224	Taxon|Spielzeug	Art der Gattung Wolfs- und Schakalartige (Canis)
CORBINBLEU	Corbin Bleu	224	Spielzeug	US-amerikanischer Schauspieler, Sänger, Tänzer und Model
ADAMSMITH	Adam Smith	224	Spielzeug	schottischer Moralphilosoph, Aufklärer und Begründer der klassischen Nationalökonomie
KABUL	Kabul	223	Stadt	Hauptstadt von Afghanistan
BILLCLINTON	Bill Clinton	223	Spielzeug	42. Präsident der Vereinigten Staaten von Amerika
OSCARWILDE	Oscar Wilde	223	Spielzeug	irischer Schriftsteller
GIBRALTAR	Gibraltar	222	Stadt	britisches Überseegebiet an der Südspitze der Iberischen Halbinsel
INSEKTEN	Insekten	222	Taxon	artenreichste Klasse im Stamm Gliederfüßer (Arthropoda)
BAEREN	Bären	222	Taxon	Familie der Ordnung Raubtiere (Carnivora)
TSCHECHISCH	Tschechisch	222	Sprache	westslawische Sprache der indogermanischen Sprachfamilie
ELEFANT	Elefant	221	Taxon	rüsseltragender Großsäuger
HONIG	Honig	221	Spielzeug	von Bienen hergestelltes Lebensmittel, wird aus Blütennektar gewonnen
URDU	Urdu	220	Sprache	indoarische Sprache
ANGELAMERKEL	Angela Merkel	220	Spielzeug	deutsche Politikerin (CDU), 8. Bundeskanzlerin der Bundesrepublik Deutschland
DUBAI	Dubai	219	Großstadt|Stadt	bevölkerungsreichste Stadt der Vereinigten Arabischen Emirate und Hauptstadt des gleichnamigen Emirats
LIMA	Lima	219	Großstadt|Stadt	Hauptstadt und bevölkerungsreichste Stadt Perus
KOREANISCH	Koreanisch	219	Sprache	hauptsächlich in Nord- und Südkorea gesprochene Sprache
NEILARMSTRONG	Neil Armstrong	219	Spielzeug	US-amerikanischer Astronaut und erster Mensch auf dem Mond
NIKOLATESLA	Nikola Tesla	219	Spielzeug	Erfinder und Forscher im Bereich Elektrotechnik (1856-1943)
SARAJEVO	Sarajevo	218	Großstadt|Stadt	Hauptstadt von Bosnien und Herzegowina
ZAGREB	Zagreb	218	Großstadt	Hauptstadt und bevölkerungsreichste Stadt Kroatiens
GEOLOGIE	Geologie	218	Fachgebiet	Wissenschaft von der Entwicklung und vom Aufbau der Erde
KOHLENSTOFF	Kohlenstoff	218	Chemisches Element	chemisches Element mit dem Symbol C und der Ordnungszahl 6
FRANOISHOLLANDE	François Hollande	218	Spielzeug	Jurist, französischer Politiker, Staatspräsident 2012–2017
BASKETBALL	Basketball	217	Sportart	Ball- und Mannschaftssportart
REYKJAVK	Reykjavík	217	Großstadt|Stadt	Hauptstadt Islands
KAPSTADT	Kapstadt	217	Großstadt	Stadt im Westkap, Südafrika
HAUSZIEGE	Hausziege	217	Taxon	domestiziert, landwirtschaftliches Nutztier
AMAZONAS	Amazonas	217	Fluss	Strom im nördlichen Südamerika und wasserreichster Fluss der Erde
KATALANISCH	Katalanisch	217	Sprache	romanische Sprache, wird vor allem in Katalonien, Valencia und auf den Balearen gesprochen
WALTDISNEY	Walt Disney	217	Spielzeug	US-amerikanischer Animator, Produzent, Regisseur, Drehbuchautor, Synchronsprecher und Unternehmer, Gründer der Walt Disney Company (1901–1966)
BOSTON	Boston	216	Großstadt	Hauptstadt des US-Bundesstaats Massachusetts
ASTANA	Astana	216	Großstadt	Hauptstadt von Kasachstan
CARACAS	Caracas	216	Großstadt|Stadt	Hauptstadt Venezuelas
ELVISPRESLEY	Elvis Presley	216	Spielzeug	US-amerikanischer Sänger und Schauspieler (1935–1977)
OSASCO	Osasco	215	Großstadt	Stadt in Brasilien
FLORENZ	Florenz	214	Großstadt	Hauptstadt der Toskana, Italien
SOPHOKLES	Sophokles	214	Spielzeug	klassischer griechischer Dichter
CANBERRA	Canberra	213	Großstadt|Stadt	Hauptstadt Australiens
KUALALUMPUR	Kuala Lumpur	213	Großstadt|Stadt	Hauptstadt und bevölkerungsreichste Stadt Malaysias
BEIRUT	Beirut	213	Großstadt	Hauptstadt des Libanon
ALGIER	Algier	213	Stadt	Hauptstadt von Algerien
DAENISCH	Dänisch	213	Sprache	nordgermanische Sprache
LAOZI	Laozi	213	Spielzeug	chinesischer Philosoph
LOUISPASTEUR	Louis Pasteur	213	Spielzeug	französischer Chemiker und Mikrobiologe (1822-1895)
TENNIS	Tennis	212	Sportart	Sportart eines Rückschlagspieles
JEREWAN	Jerewan	212	Großstadt	Hauptstadt Armeniens
GEORGEORWELL	George Orwell	212	Spielzeug	britischer Schriftsteller, Essayist und Journalist (1903–1950)
MARCOPOLO	Marco Polo	212	Spielzeug	venezianischer Händler und Asienreisender
GOOGLE	Google	211	Onlinedienst|Unternehmen|Börsenunternehmen	US-amerikanisches multinationales Technologieunternehmen, eine Tochtergesellschaft von Alphabet Inc.
KAESE	Käse	210	Gericht/Lebensmittel	festes Milcherzeugnis
GEMUESE	Gemüse	210	Gericht/Lebensmittel	roh oder gekocht essbare Pflanzenteile geringer Süße und hohen Wassergehalts
MELBOURNE	Melbourne	210	Großstadt|Stadt	Hauptstadt von Victoria, Australien
WEBSPINNEN	Webspinnen	210	Taxon	Ordnung der Klasse Spinnentiere (Arachnida)
ALUMINIUM	Aluminium	210	Chemisches Element	chemisches Element mit dem Symbol Al und der Ordnungszahl 13
SWAHILI	Swahili	210	Sprache	Bantusprache, verbreitet in Ostafrika
RUMAENISCH	Rumänisch	210	Sprache	Ostromanische Sprache, Amtssprache in Rumänien
ZUCKER	Zucker	210	Spielzeug	süß schmeckendes Lebensmittel
ATLANTA	Atlanta	209	Großstadt	Hauptstadt und bevölkerungsreichste Stadt des US-Bundesstaats Georgia
PILZE	Pilze	209	Taxon	Organismus, der sowohl tierische als auch pflanzliche Eigenschaften hat
JOHNLOCKE	John Locke	209	Spielzeug	englischer Philosoph und Vordenker der Aufklärung, definierte das Widerstandsrecht
PYTHAGORAS	Pythagoras	209	Spielzeug	griechischer Philosoph und Mathematiker
AIDS	AIDS	209	Krankheit	Krankheit, die schrittweise das Immunsystem zerstört
ALTWELTKAMELE	Altweltkamele	208	Taxon	Gattung der Familie Kamele (Camelidae)
TOMATE	Tomate	208	Taxon|Spielzeug	Art der Gattung Nachtschatten (Solanum)
KALENDER	Kalender	208	Fachgebiet	Übersicht über die Tage, Wochen und Monate eines Jahres
HELIUM	Helium	208	Chemisches Element	chemisches Element mit dem Symbol He und der Ordnungszahl 2
UNGARISCH	Ungarisch	208	Sprache	ugrische Sprache der uralischen Sprachfamilie
DSCHINGISKHAN	Dschingis Khan	208	Spielzeug	Khan der Mongolen, der weite Teile Zentralasiens und Nordchinas eroberte (1162–1227)
ERNESTHEMINGWAY	Ernest Hemingway	208	Spielzeug	US-amerikanischer Schriftsteller, Reporter und Kriegsberichterstatter
BERN	Bern	207	Großstadt|Stadt	Stadt in der Schweiz, Hauptstadt des Kantons Bern und De-facto-Hauptstadt der Schweiz
NEAPEL	Neapel	207	Großstadt|Stadt	italienische Großstadt
FEMINISMUS	Feminismus	207	Beruf	Bewegungen mit dem Ziel, Gleichberechtigung von Frauen herzustellen und zu verteidigen
JAMESJOYCE	James Joyce	207	Spielzeug	irischer Schriftsteller (1882–1941)
LJUBLJANA	Ljubljana	206	Großstadt|Stadt	Hauptstadt von Slowenien
MANILA	Manila	206	Großstadt	Hauptstadt der Republik der Philippinen
RICHARDWAGNER	Richard Wagner	206	Spielzeug	deutscher Komponist, Schriftsteller, Regisseur und Dirigent (1813–1883)
FIDELCASTRO	Fidel Castro	206	Spielzeug	Regierungschef und Staatspräsident Kubas
KARATSCHI	Karatschi	205	Großstadt	Stadt in Pakistan und Hauptstadt der Provinz Sindh
BOTANIK	Botanik	205	Fachgebiet	sich mit der Erforschung der Pflanzen beschäftigendes Teilgebiet der Biologie
STICKSTOFF	Stickstoff	205	Chemisches Element	chemisches Element mit dem Symbol N und der Ordnungszahl 7
ALBERTCAMUS	Albert Camus	205	Spielzeug	französischer Schriftsteller, Philosoph und Journalist
KREBS	Krebs	205	Krankheit	Gruppe bösartiger Tumorerkrankungen
NIKOSIA	Nikosia	204	Großstadt	Hauptstadt von Zypern
MARLENEDIETRICH	Marlene Dietrich	203	Spielzeug	deutsch-amerikanische Schauspielerin und Sängerin (1901–1992)
EUKLID	Euklid	203	Spielzeug	griechischer Mathematiker
JANEAUSTEN	Jane Austen	203	Spielzeug	britische Schriftstellerin (1775 - 1817)
HANOI	Hanoi	202	Großstadt	Hauptstadt Vietnams
NORWEGISCH	Norwegisch	202	Sprache	nordgermanische Sprache, in Norwegen gesprochen
KROATISCH	Kroatisch	202	Sprache	südslawische Sprache
BENGALISCH	Bengalisch	202	Sprache	Sprache in Bangladesch und Indien
MATSUOBASH	Matsuo Bashō	202	Spielzeug	japanischer Dichter
HENRYFORD	Henry Ford	202	Spielzeug	US-amerikanischer Gründer des Automobilherstellers Ford Motor Company
SPEISESALZ	Speisesalz	201	Spielzeug	für die menschliche Ernährung als Würzmittel verwendete Salz
BENITOMUSSOLINI	Benito Mussolini	201	Spielzeug	faschistischer Diktator Italiens
OVID	Ovid	201	Spielzeug	römischer Dichter
STEPHENHAWKING	Stephen Hawking	201	Spielzeug	britischer theoretischer Physiker (1942–2018)
LINUX	Linux	200	Software	freie, unix-ähnliche Betriebssysteme, einschließlich GNU/Linux und Android
GENF	Genf	200	Großstadt	Stadt und politische Gemeinde sowie Hauptort des gleichnamigen Kantons in der Schweiz
ACCRA	Accra	200	Großstadt|Stadt	Hauptstadt von Ghana
PJOENGJANG	Pjöngjang	200	Großstadt|Stadt	Hauptstadt Nordkoreas
DONAU	Donau	200	Fluss	zweitgrößter Strom und größter Meereszufluss Europas, fließt ins Schwarze Meer
ARUBA	Aruba	200	Land	Insel in der Karibik, eines der vier autonomen Länder des Königreiches der Niederlande
FREDERICCHOPIN	Frédéric Chopin	200	Spielzeug	polnischer Komponist, Pianist und Klavierpädagoge
BENEDIKTXVI	Benedikt XVI.	200	Spielzeug	265. Papst der römisch-katholischen Kirche
FRIDAKAHLO	Frida Kahlo	200	Spielzeug	mexikanische Malerin (1907–1954)
JIMMYCARTER	Jimmy Carter	200	Spielzeug	US-amerikanischer Politiker; 39. Präsident der Vereinigten Staaten von 1977 bis 1981 (1924–2024)
LECORBUSIER	Le Corbusier	200	Spielzeug	schweizerisch-französischer Architekt, Stadtplaner, Maler, Zeichner, Bildhauer und Möbeldesigner (1886–1965)
MUTTERTERESA	Mutter Teresa	200	Spielzeug	katholische Ordensschwester, Missionarin und Heilige; Friedensnobelpreisträgerin
FRIEDRICHENGELS	Friedrich Engels	200	Spielzeug	deutscher Philosoph, Soziologe und Ökonom (1820–1895)
PAPST	Papst	200	Spielzeug	Bischof von Rom und Oberhaupt der römisch-katholischen Kirche
ABUJA	Abuja	199	Großstadt|Stadt	Hauptstadt von Nigeria
HAVANNA	Havanna	199	Stadt	Hauptstadt der Republik Kuba
ZWIEBEL	Zwiebel	199	Taxon	Art der Gattung Lauch (Allium)
NEUESTESTAMENT	Neues Testament	199	Schriftwerk	Sammlung von 27 Schriften des Urchristentums, auf die sich alle Christen beziehen
SYLHETI	Sylheti	199	Sprache	Sprache
HERODOT	Herodot	199	Spielzeug	antiker griechischer Geschichtsschreiber, Geograph und Völkerkundler
DINOSAURIER	Dinosaurier	198	Taxon	Klade der Archosaurier-Reptilien (Archosauria)
KARTOFFEL	Kartoffel	198	Taxon	Art der Gattung Nachtschatten (Solanum)
LIBAI	Li Bai	198	Spielzeug	chinesischer Dichter der Tang-Dynastie
LYON	Lyon	197	Großstadt	Hauptstadt der Region Auvergne-Rhône-Alpes und des Départements Rhône in Südfankreich, am Zusammenfluss von Rhône und Saône gelegen
LASVEGAS	Las Vegas	197	Großstadt	größte Stadt im US-Bundesstaat Nevada
VIREN	Viren	197	Taxon	biochemische infektiöse Strukturen
AFRIKAANS	Afrikaans	197	Sprache	westgermanische Sprache in Südafrika und Namibia
HILLARYCLINTON	Hillary Clinton	197	Spielzeug	US-amerikanische Politikerin und ehemalige Außenministerin
LADYGAGA	Lady Gaga	197	Spielzeug	US-amerikanische Sängerin, Schauspielerin und Songwriterin
AGATHACHRISTIE	Agatha Christie	197	Spielzeug	britische Schriftstellerin (1890–1976)
KATHMANDU	Kathmandu	196	Großstadt|Stadt	Hauptstadt Nepals
SKOPJE	Skopje	196	Großstadt	Hauptstadt Nordmazedoniens
TAIPEH	Taipeh	196	Großstadt|Stadt	Hauptstadt der Republik China (Taiwan)
STECHMUECKEN	Stechmücken	196	Taxon	Familie der Ordnung Zweiflügler (Diptera)
BULGARISCH	Bulgarisch	196	Sprache	südslawische Sprache
ESTNISCH	Estnisch	196	Sprache	finno-ugrische Sprache
QINSHIHUANGDI	Qin Shihuangdi	196	Spielzeug	Gründer der chinesischen Qin-Dynastie sowie des chinesischen Kaiserreiches
CARPENTERS	Carpenters	195	Musikgruppe	US-amerikanisches Gesangs-Duo
GUAM	Guam	195	Insel	Insel im Pazifik, Außengebiet der Vereinigten Staaten
ISLAMABAD	Islamabad	195	Großstadt	Hauptstadt Pakistans
SCHWEFEL	Schwefel	195	Chemisches Element	chemisches Element mit dem Symbol S und der Ordnungszahl 16
FLUGZEUG	Flugzeug	195	Produkt	Luftfahrzeug, das schwerer als Luft ist und den zu seinem Fliegen nötigen dynamischen Auftrieb mit nicht-rotierenden Auftriebsflächen erzeugt
BLAISEPASCAL	Blaise Pascal	195	Spielzeug	französischer Mathematiker, Physiker, Literat, Theologe und Philosoph
RAFFAEL	Raffael	195	Spielzeug	italienischer Maler und Architekt (1483–1520)
STRASSBURG	Straßburg	194	Großstadt	Haupt- und größte Stadt der französischen Region Grand Est in der historischen Region Elsass
KISCHINAU	Kischinau	194	Großstadt|Stadt	Hauptstadt der Republik Moldau
AMMAN	Amman	194	Großstadt|Stadt	Hauptstadt Jordaniens
TASCHKENT	Taschkent	194	Stadt	Hauptstadt Usbekistans
FLEDERTIERE	Fledertiere	194	Taxon	Ordnung der Klasse Säugetiere (Mammalia)
LITHIUM	Lithium	194	Chemisches Element	chemisches Element mit dem Symbol Li und der Ordnungszahl 3
SARAHBERNHARDT	Sarah Bernhardt	194	Spielzeug	französische Schauspielerin
IRISCH	Irisch	193	Sprache	gälische Sprache
NICOLASSARKOZY	Nicolas Sarkozy	193	Spielzeug	ehem. Staatspräsident der Französischen Republik
MADONNA	Madonna	193	Spielzeug	US-amerikanische Sängerin
AVICENNA	Avicenna	193	Spielzeug	persischer Arzt, Naturwissenschaftler, Philosoph, Dichter, Jurist bzw. Faqīh, Mathematiker, Astronom, Alchemist, Musiktheoretiker und Politiker
HOUSTON	Houston	192	Großstadt	größte Stadt in Texas
EDINBURGH	Edinburgh	192	Großstadt|Stadt	Hauptstadt von Schottland, Vereinigtes Königreich
PODGORICA	Podgorica	192	Großstadt|Stadt	Hauptstadt Montenegros
PRETORIA	Pretoria	192	Großstadt	Hauptstadt Südafrikas
BLEI	Blei	192	Chemisches Element	giftiges chemisches Element mit dem Symbol Pb und der Ordnungszahl 82
JAWAHARLALNEHRU	Jawaharlal Nehru	192	Spielzeug	indischer Politiker, erster Ministerpräsident Indiens
ALFREDNOBEL	Alfred Nobel	192	Spielzeug	schwedischer Chemiker und Erfinder des Dynamits, Stifter des Nobelpreises (1833–1896)
HONOLULU	Honolulu	191	Großstadt	Hauptstadt von Hawaii
OBEZ	Łobez	191	Stadt	Stadt in Polen
BAKTERIEN	Bakterien	191	Taxon	Reich bzw. Domäne der Lebewesen
LEOPARD	Leopard	191	Taxon	Art der Gattung Eigentliche Großkatzen (Panthera)
ZINN	Zinn	191	Chemisches Element	chemisches Element mit dem Symbol Sn und der Ordnungszahl 50, Schwermetall
LEONHARDEULER	Leonhard Euler	191	Spielzeug	Schweizer Mathematiker, Physiker, Ingenieur und Philosoph (1707–1783)
ROALDAMUNDSEN	Roald Amundsen	191	Spielzeug	norwegischer Polarforscher
MARCELPROUST	Marcel Proust	191	Spielzeug	französischer Schriftsteller und Kritiker
EIFFELTURM	Eiffelturm	191	Turm	Eisenfachwerkturm auf dem Champs de Mars in Paris
QUEEN	Queen	190	Musikgruppe	britische Rockband
KOELN	Köln	190	Großstadt	Millionenmetropole am Rhein und bevölkerungsreichste Stadt Nordrhein-Westfalens
RHEIN	Rhein	190	Fluss	mitteleuropäischer Strom zur Nordsee
ROSALUXEMBURG	Rosa Luxemburg	190	Spielzeug	polnisch-deutsche marxistische Revolutionärin (1871–1919)
ALANTURING	Alan Turing	190	Spielzeug	britischer Logiker, Mathematiker, Kryptoanalytiker und maßgeblicher Theoretiker der Informatik und Computertheorie (1912–1954)
JULESVERNE	Jules Verne	190	Spielzeug	französischer Schriftsteller
WOODROWWILSON	Woodrow Wilson	190	Spielzeug	US-amerikanischer Politiker, 28. Präsident der Vereinigten Staaten (1913-1921)
RICHARDNIXON	Richard Nixon	190	Spielzeug	US-amerikanischer Politiker, 37. Präsident der Vereinigten Staaten
XIJINPING	Xi Jinping	190	Spielzeug	Generalsekretär der Kommunistischen Partei Chinas und Staatsoberhaupt der Volksrepublik China (* 1953)
SEATTLE	Seattle	189	Großstadt	Stadt im US-Bundesstaat Washington
RABAT	Rabat	189	Großstadt|Stadt	Hauptstadt von Marokko
LAGOS	Lagos	189	Großstadt|Stadt	bevölkerungsreichste Stadt in Nigeria
BELARUSSISCH	Belarussisch	189	Sprache	ostslawische Sprache
RUDYARDKIPLING	Rudyard Kipling	189	Spielzeug	britischer Schriftsteller und Dichter
KNOBLAUCH	Knoblauch	188	Taxon	Art der Gattung Lauch (Allium), Heilpflanze, Gewürzpflanze
SCHAUSPIELER	Schauspieler	188	Beruf	darstellender Künstler, der mit Sprache, Mimik oder Gestik eine Rolle verkörpert
NATRIUM	Natrium	188	Chemisches Element	chemisches Element mit dem Symbol Na und der Ordnungszahl 11
WOLGA	Wolga	188	Fluss	Strom zum Kaspischen Meer in Russland; größter Fluss Europas
WEIZEN	Weizen	188	Spielzeug	Gruppe ähnlicher Pflanzenarten der Süßgräser
FRANCISBACON	Francis Bacon	188	Spielzeug	englischer Philosoph, Staatsmann und Naturwissenschaftler
ELISABETHI	Elisabeth I.	188	Spielzeug	Königin von England (1558-1603)
ALFREDHITCHCOCK	Alfred Hitchcock	188	Spielzeug	britischer Filmregisseur (1899–1980)
NOAMCHOMSKY	Noam Chomsky	188	Spielzeug	US-amerikanischer Sprachwissenschaftler, Publizist und Aktivist
THEDOORS	The Doors	187	Musikgruppe	amerikanische Rockband
TRIPOLIS	Tripolis	187	Großstadt|Stadt	Hauptstadt von Libyen
AGABAT	Aşgabat	187	Großstadt	Hauptstadt Turkmenistans
JOHANNESBURG	Johannesburg	187	Großstadt|Stadt	bevölkerungsreichste Stadt Südafrikas und Hauptstadt der Provinz Gauteng
COOKINSELN	Cookinseln	187	Land	Inselstaat im Pazifik
ALBRECHTDUERER	Albrecht Dürer	187	Spielzeug	deutscher Maler und Graphiker (1471–1528)
HUGOCHAVEZ	Hugo Chávez	187	Spielzeug	venezolanischer Offizier, Politiker und ehemaliger Staatspräsident von Venezuela
JOHNADAMS	John Adams	187	Spielzeug	US-amerikanischer Politiker und zweiter Präsident der USA (1797–1801)
DIESIMPSONS	Die Simpsons	186	Animationsserie	US-amerikanische Zeichentrickserie
BISCHKEK	Bischkek	186	Großstadt	Hauptstadt und politischer, wirtschaftlicher und kultureller Mittelpunkt Kirgisistans
WELLINGTON	Wellington	186	Großstadt	Hauptstadt Neuseelands und eine zur Region Wellington zählende Verwaltungseinheit auf der Nordinsel von Neuseeland
LUANDA	Luanda	186	Großstadt|Stadt	Hauptstadt von Angola
ZITRONE	Zitrone	186	Taxon|Spielzeug	Art der Gattung Zitruspflanzen (Citrus)
EULEN	Eulen	186	Taxon	Ordnung der Klasse Vögel (Aves)
INDONESISCH	Indonesisch	186	Sprache	Amtssprache in Indonesien
NIELSBOHR	Niels Bohr	186	Spielzeug	dänischer Physiker und Nobelpreisträger
JAMESCOOK	James Cook	186	Spielzeug	britischer Seefahrer, Kartograf und Entdecker
JOHANNESKEPLER	Johannes Kepler	186	Spielzeug	deutscher Naturphilosoph, Mathematiker, Astronom, Astrologe, Optiker und evangelischer Theologe
DENVER	Denver	185	Großstadt	Stadt im US-Bundesstaat Colorado
KRAKAU	Krakau	185	Großstadt	Hauptstadt der Woiwodschaft Kleinpolen im Süden Polens
ROUBAIX	Roubaix	185	Stadt	Stadt in der Metropolregion Lille in Nordfrankreich
HAUSESEL	Hausesel	185	Taxon	Unterart aus der Familie der Pferde
QUECKSILBER	Quecksilber	185	Chemisches Element	chemisches Element mit dem Symbol Hg und der Ordnungszahl 80
LITAUISCH	Litauisch	185	Sprache	baltische Sprache innerhalb der Familie der indogermanischen Sprachen
ISLAENDISCH	Isländisch	185	Sprache	nordgermanische Sprache, auf Island gesprochen
JOHNLENNON	John Lennon	185	Spielzeug	britischer Musiker (1940–1980)
BERTRANDRUSSELL	Bertrand Russell	185	Spielzeug	britischer Mathematiker und Philosoph
STARWARS	Star Wars	184	Marke|Franchise	von George Lucas erdachtes Heldenepos; Filmfranchise
BORDEAUX	Bordeaux	184	Großstadt	südwestfranzösische Groß- und Universitätsstadt an der Garonne
ABUDHABI	Abu Dhabi	184	Stadt	Hauptstadt der Vereinigten Arabischen Emirate
BOBDYLAN	Bob Dylan	184	Spielzeug	US-amerikanischer Singer-Songwriter, Lyriker, Nobelpreisträger für Literatur
LEOTROTZKI	Leo Trotzki	184	Spielzeug	sowjetischer Revolutionär, Politiker und Gründer der Roten Armee (1879–1940)
APPLEINC	Apple Inc.	183	Unternehmen|Börsenunternehmen	US-amerikanisches Technologieunternehmen mit Hauptsitz in Cupertino, Kalifornien
DRESDEN	Dresden	183	Großstadt	Landeshauptstadt des Freistaates Sachsen, Deutschland
CHARTUM	Chartum	183	Großstadt|Stadt	Hauptstadt des Sudan
GUADALAJARA	Guadalajara	183	Großstadt	Millionenstadt in Mexiko
LIVERPOOL	Liverpool	183	Großstadt|Stadt	Großstadt in Nordwest-England an der Mersey-Mündung in die Irische See
KAMPALA	Kampala	183	Großstadt|Stadt	Hauptstadt von Uganda
DENHAAG	Den Haag	183	Stadt	Hauptstadt der Provinz Südholland, Parlaments- und Regierungssitz der Niederlande
FROSCHLURCHE	Froschlurche	183	Taxon	Ordnung der Klasse Amphibien (Amphibia)
UBUNTU	Ubuntu	183	Betriebssystem	Linux-Distribution auf Basis von Debian
CALCIUM	Calcium	183	Chemisches Element	chemisches Element mit dem Symbol Ca und der Ordnungszahl 20
LUDWIGXIV	Ludwig XIV.	183	Spielzeug	König von Frankreich und Navarra von 1643 bis 1715
MAXPLANCK	Max Planck	183	Spielzeug	deutscher Physiker, Nobelpreisträger (1858–1947)
MUHAMMADALI	Muhammad Ali	183	Spielzeug	US-amerikanischer Boxer, Bürgerrechtsaktivist und Philanthrop (1942–2016)
PELE	Pelé	183	Spielzeug	brasilianischer Fußballspieler (1940–2022)
BAIKALSEE	Baikalsee	183	Welterbe	See in Südsibirien, Russland; größter Gebirgssee Asiens
REUNION	Réunion	182	Insel	Insel und französisches Übersee-Département im Indischen Ozean
TUNIS	Tunis	182	Großstadt	Hauptstadt von Tunesien
STUTTGART	Stuttgart	182	Großstadt	Landeshauptstadt von Baden-Württemberg, Deutschland
ROSEN	Rosen	182	Taxon	Gattung der Familie Rosengewächse (Rosaceae)
BERYLLIUM	Beryllium	182	Chemisches Element	chemisches Element mit dem Symbol Be und der Ordnungszahl 4
SLOWAKISCH	Slowakisch	182	Sprache	westslawische Sprache der indogermanischen Sprachfamilie
ALBANISCH	Albanisch	182	Sprache	indogermanische Sprache
ARMENISCH	Armenisch	182	Sprache	indogermanische Sprache
MAXIMGORKI	Maxim Gorki	182	Spielzeug	russischer Schriftsteller (1868–1936)
VANCOUVER	Vancouver	181	Großstadt	Großstadt in der Provinz Britisch-Kolumbien, Kanada
VALLETTA	Valletta	181	Stadt	Hauptstadt Maltas
REPTILIEN	Reptilien	181	Taxon	Klasse der Wirbeltiere (Vertebrata)
GURKE	Gurke	181	Taxon	Art der Gattung Gurken (Cucumis)
ILIAS	Ilias	181	Literarisches Werk	griechisches Epos
JUDEN	Juden	181	Ethnie	Angehörige des Judentums als Volk und/oder als Religion
HENRIMATISSE	Henri Matisse	181	Spielzeug	französischer Maler und Bildhauer (1869–1954)
TURIN	Turin	180	Großstadt	Großstadt im Piemont, Norditalien
PHNOMPENH	Phnom Penh	180	Großstadt|Stadt	Hauptstadt Kambodschas
PHOENIX	Phoenix	180	Großstadt	Hauptstadt und bevölkerungsreichste Stadt des US-Bundesstaats Arizona
WUHAN	Wuhan	180	Großstadt	Hauptstadt der chinesischen Provinz Hubei
QUITO	Quito	180	Stadt	Hauptstadt von Ecuador, erstes kulturelles Erbe der Menschheit
TAUBEN	Tauben	180	Taxon	Familie der Klasse Vögel (Aves)
NEON	Neon	180	Chemisches Element	chemisches Element mit dem Symbol Ne und der Ordnungszahl 10
ZINK	Zink	180	Chemisches Element	chemisches Element mit dem Symbol Zn und der Ordnungszahl 30
MISSISSIPPI	Mississippi	180	Fluss	Fluss in den Vereinigten Staaten
TAMIL	Tamil	180	Sprache	dravidische Sprache
BASKISCH	Baskisch	180	Sprache	Sprache der spanisch-französischen Grenzregion Baskenland
MICHAELFARADAY	Michael Faraday	180	Spielzeug	englischer Naturforscher
JUSTINBIEBER	Justin Bieber	180	Spielzeug	kanadischer Popmusiker
MICKYMAUS	Micky Maus	179	Animierte Figur|Fernsehfigur|Comicfigur	Cartoon- und Comicfigur
GENUA	Genua	179	Großstadt	Großstadt im Nordwesten Italiens
LEHRER	Lehrer	179	Beruf	Person, deren Aufgabe es ist, Menschen beim Erwerb von Wissen, Kompetenzen und Werten zu assistieren
GANGES	Ganges	179	Fluss	Fluss in Indien und Bangladesch
ANDYWARHOL	Andy Warhol	179	Spielzeug	amerikanischer Grafiker, Künstler, Filmemacher und Verleger (1928–1987)
GEOFFREYCHAUCER	Geoffrey Chaucer	179	Spielzeug	englischer Schriftsteller und Dichter
GIUSEPPEVERDI	Giuseppe Verdi	179	Spielzeug	italienischer Komponist der Romantik (1813–1901)
MICROSOFT	Microsoft	178	Unternehmen|Börsenunternehmen	US-amerikanisches Technologieunternehmen mit Hauptsitz in Redmond, Washington
MAGNESIUM	Magnesium	178	Chemisches Element	chemisches Element mit dem Symbol Mg und der Ordnungszahl 12
NIUE	Niue	178	Land	mit Neuseeland assoziierte Insel und Land im Südpazifik
ALTESTESTAMENT	Altes Testament	178	Literarisches Werk	heilige Schriften des Judentums und Teil der Bibel
KOFIANNAN	Kofi Annan	178	Spielzeug	ghanaischer Diplomat und UN-Generalsekretär
LOUISARMSTRONG	Louis Armstrong	178	Spielzeug	US-amerikanischer Jazzmusiker, Trompeter und Sänger (1901–1971)
TAYLORSWIFT	Taylor Swift	178	Spielzeug	US-amerikanische Sängerin und Songwriterin
PERTH	Perth	177	Großstadt|Stadt	Hauptstadt von Westaustralien, Australien
DALLAS	Dallas	177	Großstadt	Stadt in Texas, Vereinigte Staaten
DAKAR	Dakar	177	Großstadt	Hauptstadt des Senegal
ASUNCIN	Asunción	177	Großstadt|Stadt	Hauptstadt von Paraguay
BAMAKO	Bamako	177	Stadt	Hauptstadt von Mali
JAZZ	Jazz	177	Musikgenre	Musikrichtung
SILICIUM	Silicium	177	Chemisches Element	chemisches Element mit dem Symbol Si und der Ordungszahl 14
KALIUM	Kalium	177	Chemisches Element	chemisches Element mit dem Symbol K und der Ordnungszahl 19
GEORGISCH	Georgisch	177	Sprache	südkaukasische Sprache, Amtssprache in Georgien
ERDOEL	Erdöl	177	Produkt	Stoffgemisch aus Kohlenwasserstoffen
AKIRAKUROSAWA	Akira Kurosawa	177	Spielzeug	japanischer Regisseur
ASHOKA	Ashoka	177	Spielzeug	Herrscher der altindischen Dynastie der Maurya
GERSTE	Gerste	177	Spielzeug	Art der Gattung Gerste (Hordeum)
ALEXANDRIA	Alexandria	176	Großstadt|Stadt	Hafenstadt an der Mittelmeerküste Ägyptens
DURRS	Durrës	176	Großstadt|Stadt	Hafenstadt in Albanien nahe Tirana
SCHRIFTSTELLER	Schriftsteller	176	Beruf	Person, die literarische Texte verfasst
ARZT	Arzt	176	Beruf	Heilberuf
URAN	Uran	176	Chemisches Element	chemisches Element mit dem Symbol U und der Ordnungszahl 92
MATTHAEUS	Matthäus	176	Schriftwerk	Buch des Neuen Testaments
MESSER	Messer	176	Werkzeug	Werkzeug mit einer Schneide oder Klinge
LECHWASA	Lech Wałęsa	176	Spielzeug	polnischer Gewerkschafter und Staatspräsident Polens (geb. 1943)
MARKAUREL	Mark Aurel	176	Spielzeug	römischer Kaiser und Philosoph (121-180)
KALIDASA	Kalidasa	176	Spielzeug	indischer Dichter
CHARLESIII	Charles III.	176	Spielzeug	König des Vereinigten Königreichs (seit 2022)
VICTORIA	Victoria	176	Spielzeug	Königin von Großbritannien und Irland (1837–1901), Kaiserin von Indien (1876–1901)
VIRGINIAWOOLF	Virginia Woolf	176	Spielzeug	britische Schriftstellerin
JAMESMADISON	James Madison	176	Spielzeug	US-amerikanischer Politiker
FREDDIEMERCURY	Freddie Mercury	176	Spielzeug	britischer Sänger, Songwriter und Musiker, Frontmann der Rockband Queen (1946–1991)
DETROIT	Detroit	175	Großstadt	Großstadt in Michigan, Vereinigte Staaten
PALERMO	Palermo	175	Großstadt|Stadt	Hauptstadt Siziliens
NIZZA	Nizza	175	Großstadt	französische Gemeinde in Alpes-Maritimes
NEWORLEANS	New Orleans	175	Großstadt	Stadt im US-Bundesstaat Louisiana
FLUOR	Fluor	175	Chemisches Element	chemisches Element mit dem Symbol F und der Ordnungszahl 9
PHOSPHOR	Phosphor	175	Chemisches Element	chemisches Element mit dem Symbol P und der Ordnungszahl 15
CHLOR	Chlor	175	Chemisches Element	chemisches Element mit dem Symbol Cl und der Ordnungszahl 17
LETTISCH	Lettisch	175	Sprache	baltische Sprache innerhalb der indogermanischen Sprachfamilie
SERBISCH	Serbisch	175	Sprache	Standardvarietät aus dem südslawischen Zweig der slawischen Sprachen
EMINEM	Eminem	175	Spielzeug	US-amerikanischer Rapper
SIMNBOLVAR	Simón Bolívar	175	Spielzeug	südamerikanischer Unabhängigkeitskämpfer
GERALDFORD	Gerald Ford	175	Spielzeug	US-amerikanischer Politiker, 38. Präsident der Vereinigten Staaten
SELENAGOMEZ	Selena Gomez	175	Spielzeug	US-amerikanische Sängerin und Schauspielerin
BEYONCE	Beyoncé	175	Spielzeug	US-amerikanische Sängerin
DIEGOMARADONA	Diego Maradona	175	Spielzeug	argentinischer Fußballspieler und -trainer (1960–2020)
DUESSELDORF	Düsseldorf	174	Großstadt	Landeshauptstadt von Nordrhein-Westfalen, Deutschland
TOULOUSE	Toulouse	174	Großstadt	französische Großstadt
SACRAMENTO	Sacramento	174	Großstadt	Hauptstadt des US-Bundesstaats Kalifornien
HARARE	Harare	174	Großstadt|Stadt	Hauptstadt von Simbabwe
WINDHOEK	Windhoek	174	Großstadt|Stadt	Hauptstadt von Namibia
GLASGOW	Glasgow	174	Großstadt|Stadt	Großstadt in Schottland
NARENDRAMODI	Narendra Modi	174	Spielzeug	Premierminister von Indien seit 2014
BRAZZAVILLE	Brazzaville	173	Großstadt|Stadt	Hauptstadt der Republik Kongo
SANAA	Sanaa	173	Großstadt|Stadt	Hauptstadt Jemens
BOR	Bor	173	Chemisches Element	chemisches Element mit dem Symbol B und der Ordnungszahl 5
INDIRAGANDHI	Indira Gandhi	173	Spielzeug	Ehemalige Premierministerin Indiens
FRANZSCHUBERT	Franz Schubert	173	Spielzeug	österreichischer Komponist
RAFAELCORREA	Rafael Correa	173	Spielzeug	ecuadorianischer Wirtschaftswissenschaftler, Politiker und ehemaliger Präsident Ecuadors
GROSSBRITANNIEN	Großbritannien	172	Insel	Insel in Europa
HANNOVER	Hannover	172	Großstadt	Hauptstadt von Niedersachsen, Deutschland
DANZIG	Danzig	172	Großstadt	Hauptstadt der Woiwodschaft Pommern im Norden von Polen
DICHTER	Dichter	172	Beruf	Schriftsteller, der Gedichte schreibt
THAILAENDISCH	Thailändisch	172	Sprache	Kam-Tai-Sprache innerhalb der Tai-Kadai-Sprachfamilie
HUANGXIANFAN	Huang Xianfan	172	Spielzeug	chinesischer Historiker, Ethnologe, Folklorist, Anthropologe und Pädagoge
KLEOPATRAVII	Kleopatra VII.	172	Spielzeug	letzte Königin des ägyptischen Ptolemäerreiches und letzter weiblicher Pharao
MAXWEBER	Max Weber	172	Spielzeug	deutscher Soziologe, Jurist, National- und Sozialökonom (1864–1920)
ANGELINAJOLIE	Angelina Jolie	172	Spielzeug	US-amerikanische Schauspielerin und Filmproduzentin
GUANGZHOU	Guangzhou	171	Großstadt	Stadt im Süden der Volksrepublik China
MASSENMEDIEN	Massenmedien	171	Fachgebiet	Sammelbezeichnung für Printmedien, Rundfunk und Internet
NAGIBMAHFUZ	Nagib Mahfuz	171	Spielzeug	ägyptischer Schriftsteller
HERNANCORTES	Hernán Cortés	171	Spielzeug	spanischer Konquistador
ENRICOFERMI	Enrico Fermi	171	Spielzeug	italienisch-US-amerikanischer Kernphysiker
STEVENSPIELBERG	Steven Spielberg	171	Spielzeug	US-amerikanischer Filmregisseur, -produzent und Drehbuchautor
HENRIKIBSEN	Henrik Ibsen	171	Spielzeug	norwegischer Schriftsteller (1828–1906)
JAVA	Java	170	Insel	große Sundainsel der Republik Indonesien
LEIPZIG	Leipzig	170	Großstadt|Stadt	Großstadt in Sachsen, Deutschland
THIMPHU	Thimphu	170	Großstadt|Stadt	Hauptstadt des Himalaya-Königreichs Bhutan
ROTTERDAM	Rotterdam	170	Großstadt|Stadt	zweitgrößte Stadt der Niederlande
MOGADISCHU	Mogadischu	170	Stadt	Hauptstadt Somalias
HARRYPOTTER	Harry Potter	170	Romanreihe	Romanreihe mit sieben Fantasy-Romanen der britischen Schriftstellerin J.K. Rowling von 1997–2007
SLOWENISCH	Slowenisch	170	Sprache	südslawische Sprache
SADDAMHUSSEIN	Saddam Hussein	170	Spielzeug	Staatspräsident des Irak (1979–2003)
ANNEFRANK	Anne Frank	170	Spielzeug	Opfer des Holocausts und Tagebuchautorin (1929–1945)
SRENKIERKEGAARD	Søren Kierkegaard	170	Spielzeug	dänischer Philosoph, Essayist, Theologe und religiöser Schriftsteller
MADAGASCAR	Madagascar	169	Animationsfilm	Animationsfilm von Eric Darnell und Tom McGrath (2005)
AUSTIN	Austin	169	Großstadt	Hauptstadt des US-Bundesstaats Texas
BISSAU	Bissau	169	Großstadt|Stadt	Hauptstadt von Guinea-Bissau
OUAGADOUGOU	Ouagadougou	169	Großstadt	Hauptstadt von Burkina Faso
MANAMA	Manama	169	Großstadt|Stadt	Hauptstadt des Königreichs Bahrain
KUWEITSTADT	Kuweit-Stadt	169	Großstadt|Stadt	Hauptstadt von Kuwait
TAMPERE	Tampere	169	Stadt	finnische Großstadt
MAHABHARATA	Mahabharata	169	Literarisches Werk	indisches Epos
VIETNAMESISCH	Vietnamesisch	169	Sprache	Mon-Khmer-Sprache innerhalb der austroasiatischen Sprachfamilie
HORAZ	Horaz	169	Spielzeug	römischer Dichter
HELENKELLER	Helen Keller	169	Spielzeug	amerikanische Schriftstellerin
TENZINGYATSO	Tenzin Gyatso	169	Spielzeug	14. Dalai Lama und Friedensnobelpreisträger
PIZZA	Pizza	168	Gericht/Lebensmittel	italienisches Gericht mit flacher Teigbasis, Soße und verschiedenen Belägen
OPER	Oper	168	Musikgenre	musikalische Gattung des Theaters
UEBERSETZUNG	Übersetzung	168	Beruf	Übertragung der Bedeutung eines ausgangssprachlichen Textes durch einen gleichwertigen zielsprachlichen Text
ARGON	Argon	168	Chemisches Element	chemisches Element mit dem Symbol Ar und der Ordnungszahl 18
KONGO	Kongo	168	Fluss	Strom in Afrika
ANTONIOVIVALDI	Antonio Vivaldi	168	Spielzeug	venezianischer Komponist, Violinist und römisch-katholischer Priester
AKBAR	Akbar	168	Spielzeug	Großmogul von Indien
OMARKHAYYM	Omar Khayyām	168	Spielzeug	persischer Mathematiker, Astronom, Philosoph und Dichter
MARKZUCKERBERG	Mark Zuckerberg	168	Spielzeug	amerikanischer Unternehmer
HEINRICHHEINE	Heinrich Heine	168	Spielzeug	deutscher Dichter und Publizist
BOXEN	Boxen	167	Sportart|Spiel	Kampfsport, bei dem sich zwei Personen nur mit den Fäusten bekämpfen
BRISBANE	Brisbane	167	Großstadt|Stadt	Hauptstadt des australischen Bundesstaates Queensland
TITAN	Titan	167	Chemisches Element	chemisches Element mit dem Symbol Ti und der Ordnungszahl 22
SOMALILAND	Somaliland	167	Land	international nicht anerkannter Staat; autonome Region in Somalia
OKZITANISCH	Okzitanisch	167	Sprache	romanische Sprache in Südfrankreich
KASACHISCH	Kasachisch	167	Sprache	Turksprache der kiptschakischen Untergruppe
DIEGOVELAZQUEZ	Diego Velázquez	167	Spielzeug	spanischer Maler des Barock (1599–1660)
PABLONERUDA	Pablo Neruda	167	Spielzeug	chilenischer Schriftsteller
INSTAGRAM	Instagram	166	Soziales Netzwerk	soziales Netzwerk zum Austausch von Fotos und Videos, das zu Meta, Inc. gehört
PHP	PHP	166	Programmiersprache	Skriptsprache mit Schwerpunkt auf Webentwicklung
YAOUNDE	Yaoundé	166	Stadt	Hauptstadt von Kamerun
JANGTSEKIANG	Jangtsekiang	166	Fluss	Strom zum Ostchinesischen Meer, längster Fluss in China
CURAAO	Curaçao	166	Land	Insel in der Karibik, eines der vier autonomen Länder des Königreiches der Niederlande
EMILEZOLA	Émile Zola	166	Spielzeug	französischer Schriftsteller und Journalist des 19. Jahrhunderts
IGORSTRAWINSKY	Igor Strawinsky	166	Spielzeug	russisch-französisch-US-amerikanischer Komponist (1882–1971)
IBNBATTUTA	Ibn Battuta	166	Spielzeug	Muslimischer Rechtsgelehrter und Weltreisender
ALCHWARIZMI	Al-Chwarizmi	166	Spielzeug	Persischer Universalgelehrter, Mathematiker, Astronom und Geograph
AESOP	Äsop	166	Spielzeug	griechischer Dichter von Fabeln und Gleichnissen
THOMASMANN	Thomas Mann	166	Spielzeug	deutscher Schriftsteller und Nobelpreisträger (1875–1955)
BRUCELEE	Bruce Lee	166	Spielzeug	chinesisch-amerikanischer Schauspieler und Kampfkünstler (1940–1973)
ANTANANARIVO	Antananarivo	165	Großstadt	Hauptstadt von Madagaskar
BETHLEHEM	Bethlehem	165	Stadt	Stadt im Westjordanland, Palästina
BENGALURU	Bengaluru	165	Stadt	Hauptstadt des indischen Bundesstaates Karnataka
BILDHAUERKUNST	Bildhauerkunst	165	Kunstrichtung	Gattung der bildenden Kunst, in der aus festen Stoffen bestehende, dreidimensionale Bildwerke geschaffen wurden und werden
WALISISCH	Walisisch	165	Sprache	britannische Untergruppe der keltischen Sprachen
IBNCHALDN	Ibn Chaldūn	165	Spielzeug	islamischer Philosoph, Soziologe und Historiker
DAVIDHILBERT	David Hilbert	165	Spielzeug	deutscher Mathematiker
ANDREWJACKSON	Andrew Jackson	165	Spielzeug	US-amerikanischer Politiker, 7. Präsident der Vereinigten Staaten (1829–1837)
PYTHON	Python	164	Programmiersprache	Programmiersprache
VOLLEYBALL	Volleyball	164	Sportart	Ballsportart
OSTERINSEL	Osterinsel	164	Insel	polynesische Insel im Pazifik
SANDIEGO	San Diego	164	Großstadt	zweitbevölkerungsreichste Stadt des US-Bundesstaats Kalifornien
ASMARA	Asmara	164	Großstadt|Stadt	Hauptstadt von Eritrea
NDJAMENA	N’Djamena	164	Großstadt|Stadt	Hauptstadt des Tschad
KASAN	Kasan	164	Großstadt	Stadt in Russland
KIGALI	Kigali	164	Großstadt	Hauptstadt von Ruanda
LUSAKA	Lusaka	164	Großstadt|Stadt	Hauptstadt von Sambia
BREMEN	Bremen	164	Großstadt	an der Weser gelegene Hauptstadt des Landes Bremen, Deutschland
MAPUTO	Maputo	164	Großstadt|Stadt	Hauptstadt von Mosambik
BIRMINGHAM	Birmingham	164	Stadt	Stadt in West Midlands, England
CHROM	Chrom	164	Chemisches Element	chemisches Element mit dem Symbol Cr und der Ordnungszahl 24
BUTTER	Butter	164	Spielzeug	aus Milch hergestelltes Streichfett
BOBMARLEY	Bob Marley	164	Spielzeug	jamaikanischer Sänger, Gitarrist und Songwriter (1945–1981)
SUNZI	Sunzi	164	Spielzeug	chinesischer General und Militärstratege
SHINZABE	Shinzō Abe	164	Spielzeug	Ehemaliger Premierminister von Japan (1954–2022)
JAVASCRIPT	JavaScript	163	Programmiersprache	Skriptsprache
CRICKET	Cricket	163	Sportart	Mannschaftssportart
BONN	Bonn	163	Großstadt|Stadt	Großstadt in Nordrhein-Westfalen, ehemalige Hauptstadt der Bundesrepublik Deutschland
INDIANAPOLIS	Indianapolis	163	Großstadt	Hauptstadt des US-Bundesstaats Indiana
KATOWICE	Katowice	163	Großstadt|Stadt	Großstadt in Polen
LOME	Lomé	163	Großstadt|Stadt	Hauptstadt von Togo
GABORONE	Gaborone	163	Großstadt|Stadt	Hauptstadt von Botswana
MEDINA	Medina	163	Großstadt	heilige Stadt des Islam in Saudi-Arabien
CONAKRY	Conakry	163	Stadt	Hauptstadt von Guinea
COBALT	Cobalt	163	Chemisches Element	chemisches Element mit dem Symbol Co und der Ordnungszahl 27
ARSEN	Arsen	163	Chemisches Element	chemisches Element mit dem Symbol As und der Ordnungszahl 33
IOD	Iod	163	Chemisches Element	chemisches Element mit dem Elementsymbol I und der Ordnungszahl 53
MALAIISCH	Malaiisch	163	Sprache	Amtssprache in Malaysia, Singapur und Brunei
INGMARBERGMAN	Ingmar Bergman	163	Spielzeug	schwedischer Drehbuchautor und Regisseur (1918–2007)
HAFIS	Hafis	163	Spielzeug	persischer Dichter
HERMANNHESSE	Hermann Hesse	163	Spielzeug	deutsch-schweizerischer Schriftsteller und Literatur-Nobelpreisträger (1877-1962)
ISAACASIMOV	Isaac Asimov	163	Spielzeug	US-amerikanischer Science-Fiction-Schriftsteller (1920–1992)
HERBERTHOOVER	Herbert Hoover	163	Spielzeug	31. Präsident der Vereinigten Staaten (1874–1964)
ABBA	ABBA	162	Musikgruppe|Organisation	schwedische Popgruppe
NIAMEY	Niamey	162	Großstadt|Stadt	Hauptstadt von Niger
MONROVIA	Monrovia	162	Großstadt|Stadt	Hauptstadt von Liberia
BELFAST	Belfast	162	Großstadt|Stadt	Hauptstadt von Nordirland, Vereinigtes Königreich
DSCHIDDA	Dschidda	162	Großstadt	Hafenstadt am Roten Meer in Saudi-Arabien
BANJUL	Banjul	162	Stadt	Hauptstadt von Gambia
WLADIWOSTOK	Wladiwostok	162	Stadt	Großstadt am Pazifik in Russland
FEDERICOFELLINI	Federico Fellini	162	Spielzeug	italienischer Filmemacher
WILLIAMBLAKE	William Blake	162	Spielzeug	englischer Maler und Dichter
THALES	Thales	162	Spielzeug	griechischer Philosoph, Mathematiker und Astronom
JONATHANSWIFT	Jonathan Swift	162	Spielzeug	englisch-irischer Schriftsteller und Satiriker
JACKIECHAN	Jackie Chan	162	Spielzeug	chinesischer Schauspieler
PARAMARIBO	Paramaribo	161	Großstadt|Stadt	Hauptstadt der Republik Suriname
LILLE	Lille	161	Großstadt	Großstadt in Nordfrankreich - französische Gemeinde der Metropolregion Lille
CARDIFF	Cardiff	161	Großstadt|Stadt	Hauptstadt von Wales, Vereinigtes Königreich
SALZBURG	Salzburg	161	Großstadt	Hauptstadt des österreichischen Bundeslands Salzburg
SAPPORO	Sapporo	161	Großstadt	Millionenstadt auf der japanischen Insel Hokkaido
ROCKMUSIK	Rockmusik	161	Musikgenre	Musikstil
MANGAN	Mangan	161	Chemisches Element	chemisches Element mit dem Symbol Mn und der Ordnungszahl 25
NICKEL	Nickel	161	Chemisches Element	chemisches Element mit dem Symbol Ni und der Ordnungszahl 28
PLATIN	Platin	161	Chemisches Element	chemisches Element mit dem Symbol Pt und der Ordnungszahl 78
ABUNUWAS	Abu Nuwas	161	Spielzeug	erster urbaner Dichter der arabischen Literatur, Hofpoet
OCTAVEMIRBEAU	Octave Mirbeau	161	Spielzeug	französischer Journalist, Kunstkritiker und Romanautor
JOHANNESBRAHMS	Johannes Brahms	161	Spielzeug	deutscher Komponist, Pianist und Dirigent
ALICHAMENEI	Ali Chamenei	161	Spielzeug	politischer und religiöser Führer des Iran von 1989 bis 2026 (1939–2026)
JACQUESCARTIER	Jacques Cartier	161	Spielzeug	französischer Entdecker und Seefahrer
ANATOLEFRANCE	Anatole France	161	Spielzeug	französischer Schriftsteller und Nobelpreisträger (1844-1924)
ROBINWILLIAMS	Robin Williams	161	Spielzeug	US-amerikanischer Schauspieler und Komiker (1951–2014)
PLUTARCH	Plutarch	161	Spielzeug	griechischer Schriftsteller
CALVINCOOLIDGE	Calvin Coolidge	161	Spielzeug	US-amerikanischer Politiker, 30. Präsident der Vereinigten Staaten
MURASAKISHIKIBU	Murasaki Shikibu	161	Spielzeug	Hofdame und Schriftstellerin in Japan
LEICHTATHLETIK	Leichtathletik	160	Sportart	olympische Sportarten
NHATRANG	Nha Trang	160	Großstadt	Stadt in Vietnam
GOETEBORG	Göteborg	160	Großstadt	Stadt in Schweden
AUCKLAND	Auckland	160	Stadt	neuseeländische Großstadt und Verwaltungsregion auf der Nordinsel von Neuseeland
PORTONOVO	Porto-Novo	160	Stadt	Hauptstadt von Benin
LIBREVILLE	Libreville	160	Stadt	Hauptstadt von Gabun
STANLEYKUBRICK	Stanley Kubrick	160	Spielzeug	US-amerikanischer Regisseur, Produzent und Drehbuchautor (1928–1999)
JACQUESCHIRAC	Jacques Chirac	160	Spielzeug	französischer Politiker, Premierminister und Staatspräsident (1932–2019)
TAMERLAN	Tamerlan	160	Spielzeug	zentralasiatischer Eroberer islamischen Glaubens
THOMASHOBBES	Thomas Hobbes	160	Spielzeug	englischer Mathematiker, Staatstheoretiker und Philosoph (1588-1679)
CELINEDION	Céline Dion	160	Spielzeug	franko-kanadische Popsängerin
JAMESWATT	James Watt	160	Spielzeug	schottischer Erfinder
GUSTAVEFLAUBERT	Gustave Flaubert	160	Spielzeug	französischer Schriftsteller (1821–1880)
SUMATRA	Sumatra	159	Insel	indonesische Insel
PANAMASTADT	Panama-Stadt	159	Großstadt|Stadt	Hauptstadt Panamas
THESSALONIKI	Thessaloniki	159	Großstadt	griechische Großstadt, Zentralmakedonien
NOWOSIBIRSK	Nowosibirsk	159	Großstadt	drittgrößte Stadt Russlands
WOLGOGRAD	Wolgograd	159	Großstadt	Stadt und Verwaltungszentrum der Oblast Wolgograd in Südrussland
MASKAT	Maskat	159	Großstadt	Hauptstadt Omans
DODOMA	Dodoma	159	Großstadt	Hauptstadt von Tansania
HIROSHIMA	Hiroshima	159	Großstadt	Stadt in Japan
KINGSTON	Kingston	159	Großstadt|Stadt	Hauptstadt von Jamaika
KRYPTON	Krypton	159	Chemisches Element	chemisches Element mit dem Symbol Kr und der Ordnungszahl 36
INDUS	Indus	159	Fluss	Fluss in Asien, längste Fluss auf dem indischen Subkontinent
EISBAER	Eisbär	159	Spielzeug	Art der Gattung Bär
ROGERFEDERER	Roger Federer	159	Spielzeug	Schweizer Tennisspieler
DAVIDHUME	David Hume	159	Spielzeug	schottischer Philosoph, Ökonom und Historiker (1711-1776)
KWAMENKRUMAH	Kwame Nkrumah	159	Spielzeug	ghanaischer Denker, Politiker und Staatsmann
PENIS	Penis	159	Organ	primäres Geschlechtsorgan männlicher Tiere
GOLF	Golf	158	Sportart|Spiel	Präzisions-Ballsportart
KRETA	Kreta	158	Insel	griechische Insel
MONTSERRAT	Montserrat	158	Insel	Insel in der Karibik und britisches Überseegebiet
TEGUCIGALPA	Tegucigalpa	158	Großstadt	Hauptstadt von Honduras
PRAIA	Praia	158	Großstadt|Stadt	Hauptstadt von Kap Verde
BANGUI	Bangui	158	Großstadt|Stadt	Hauptstadt der Zentralafrikanischen Republik
LAPAZ	La Paz	158	Großstadt	Großstadt und Regierungssitz Boliviens
ABIDJAN	Abidjan	158	Großstadt|Stadt	Stadt in der Elfenbeinküste
PRISTINA	Pristina	158	Großstadt|Stadt	Hauptstadt und Regierungssitz von Kosovo
VANADIUM	Vanadium	158	Chemisches Element	chemisches Element mit dem Symbol V und der Ordnungszahl 23
GALLIUM	Gallium	158	Chemisches Element	chemisches Element mit dem Symbol Ga und der Ordnungszahl 31
BARIUM	Barium	158	Chemisches Element	chemisches Element mit dem Symbol Ba und der Ordnungszahl 56
ODYSSEE	Odyssee	158	Literarisches Werk	episches Gedicht, Homer zugeschrieben
JOHANNES	Johannes	158	Schriftwerk	Buch der Bibel
SENECA	Seneca	158	Spielzeug	römischer Philosoph, Dramatiker, Naturforscher, Politiker und Stoiker (1–65)
WOODYALLEN	Woody Allen	158	Spielzeug	US-amerikanischer Regisseur, Drehbuchautor, Autor, Schauspieler und Komiker
JOSEPHHAYDN	Joseph Haydn	158	Spielzeug	österreicher Komponist der Wiener Klassik
MARLONBRANDO	Marlon Brando	158	Spielzeug	US-amerikanischer Schauspieler (1924–2004)
JAMESMONROE	James Monroe	158	Spielzeug	fünfter Präsident der Vereinigten Staaten (1817−1825)
KHALILGIBRAN	Khalil Gibran	158	Spielzeug	libanesischer Künstler und Dichter
FREIHEITSSTATUE	Freiheitsstatue	158	Turm	neoklassizistische Kolossalstatue bei New York
KALININGRAD	Kaliningrad	157	Großstadt	Stadt in Russland, ehemals Ostpreußen
MANAGUA	Managua	157	Großstadt	Hauptstadt Nicaraguas; Gemeinde am Managuasee
COLUMBUS	Columbus	157	Großstadt	Hauptstadt des US-Bundesstaates Ohio
MALABO	Malabo	157	Großstadt|Stadt	ehemalige Hauptstadt von Äquatorialguinea
NAYPYIDAW	Naypyidaw	157	Großstadt|Stadt	Hauptstadt Myanmars
RADIUM	Radium	157	Chemisches Element	chemisches Element mit dem Symbol Ra und der Ordnungszahl 88
LEWISCARROLL	Lewis Carroll	157	Spielzeug	britischer Schriftsteller, Mathematiker und Fotograf
RICHARDFEYNMAN	Richard Feynman	157	Spielzeug	US-amerikanischer Physiker und Nobelpreisträger des Jahres 1965 (1918–1988)
HIROHITO	Hirohito	157	Spielzeug	124. Tennō von Japan
EURIPIDES	Euripides	157	Spielzeug	klassischer griechischer Dichter
BASEBALL	Baseball	157	Spiel	Ball- und Mannschaftssportart
MINECRAFT	Minecraft	156	Computerspiel|Spiel	Sandbox-Computerspiel aus dem Jahr 2011
NUERNBERG	Nürnberg	156	Großstadt	Großstadt in Bayern, Deutschland
YAMOUSSOUKRO	Yamoussoukro	156	Großstadt	Hauptstadt der Elfenbeinküste
FREETOWN	Freetown	156	Großstadt|Stadt	Hauptstadt von Sierra Leone
BUJUMBURA	Bujumbura	156	Großstadt|Stadt	Ehemalige Hauptstadt von Burundi
LILONGWE	Lilongwe	156	Großstadt|Stadt	Hauptstadt von Malawi
TIANJIN	Tianjin	156	Großstadt|Stadt	Hafenstadt in der Volksrepublik China
ROUEN	Rouen	156	Großstadt	französische Gemeinde
PISA	Pisa	156	Stadt	Stadt in der Toskana in Italien
FRANCIUM	Francium	156	Chemisches Element	chemisches Element mit dem Symbol Fr und der Ordnungszahl 87
BROM	Brom	156	Chemisches Element	chemisches Element mit dem Symbol Br und der Ordnungszahl 35
MAZEDONISCH	Mazedonisch	156	Sprache	südslawische Sprache
ALTGRIECHISCH	Altgriechisch	156	Sprache	antike Sprachstufe der griechischen Sprache
JIDDISCH	Jiddisch	156	Sprache	aus dem Mittelhochdeutschen hervorgegangene Sprache, die von aschkenasischen Juden verwendet wird
SALADIN	Saladin	156	Spielzeug	Gründer der Dynastie der Ayyubiden von Ägypten und Syrien (1137–1193, reg. 1171-1193)
MALALAYOUSAFZAI	Malala Yousafzai	156	Spielzeug	pakistanische Bloggerin und Kinderrechtsaktivistin
TONYBLAIR	Tony Blair	156	Spielzeug	ehemaliger Premierminister des Vereinigten Königreiches
RIHANNA	Rihanna	156	Spielzeug	barbadische Sängerin und Schauspielerin
GRAZ	Graz	155	Großstadt	Landeshauptstadt der Steiermark, Österreich
NOUAKCHOTT	Nouakchott	155	Großstadt|Stadt	Hauptstadt von Mauretanien
MALE	Malé	155	Großstadt|Stadt	Hauptstadt und das wirtschaftliche Zentrum der Malediven
GUATEMALASTADT	Guatemala-Stadt	155	Großstadt|Stadt	Hauptstadt des mittelamerikanischen Staates Guatemala
ALMATY	Almaty	155	Stadt	größte Stadt Kasachstans
ANDROID	Android	155	Betriebssystem	freies Betriebssystem für mobile Geräte, das von Google entwickelt wurde
SELEN	Selen	155	Chemisches Element	chemisches Element mit dem Symbol Se und der Ordnungszahl 34
RADON	Radon	155	Chemisches Element	radioaktives chemisches Element mit dem Symbol Rn und der Ordnungszahl 86, Edelgas
GELBERFLUSS	Gelber Fluss	155	Fluss	zweitlängster Fluss in China
HALLOWEEN	Halloween	155	Feiertag	Volksbräuche am Abend und in der Nacht vor Allerheiligen
CLAUDEMONET	Claude Monet	155	Spielzeug	französischer Maler des Impressionismus (1840–1926)
BERTOLTBRECHT	Bertolt Brecht	155	Spielzeug	deutscher Dramatiker und Lyriker (1898–1956)
JOHNMILTON	John Milton	155	Spielzeug	englischer Dichter und Beamter (1608–1674)
SELMALAGERLOEF	Selma Lagerlöf	155	Spielzeug	schwedische Schriftstellerin (1858-1940)
NASHVILLE	Nashville	154	Großstadt	Hauptstadt von Tennessee
PORTLOUIS	Port Louis	154	Großstadt|Stadt	Hauptstadt von Mauritius
OKLAHOMACITY	Oklahoma City	154	Großstadt	Hauptstadt des US-Bundesstaats Oklahoma
ZHENGHE	Zheng He	154	Spielzeug	chinesischer Admiral
PETRUS	Petrus	154	Spielzeug	Apostel
JASSIRARAFAT	Jassir Arafat	154	Spielzeug	palästinensischer Politiker und Friedensnobelpreisträger (1929–2004)
RAFAELNADAL	Rafael Nadal	154	Spielzeug	spanischer Tennisspieler
AISCHYLOS	Aischylos	154	Spielzeug	griechischer Tragödiendichter
APULIEN	Apulien	154	Ort	italienische Region
WEIHNACHTSINSEL	Weihnachtsinsel	153	Insel	australisches Außengebiet
DORTMUND	Dortmund	153	Großstadt	kreisfreie Großstadt im Reg.-Bez. Arnsberg in Nordrhein-Westfalen, Deutschland
COLOMBO	Colombo	153	Großstadt|Stadt	faktische Hauptstadt von Sri Lanka
PORTMORESBY	Port Moresby	153	Großstadt	Stadt in Papua-Neuguinea
CASABLANCA	Casablanca	153	Stadt	bevölkerungsreichste Stadt Marokkos
POLITIKER	Politiker	153	Beruf	Person, die ein politisches Amt oder Mandat innehat oder in sonstiger Weise politisch wirkt
SCANDIUM	Scandium	153	Chemisches Element	chemisches Element mit dem Symbol Sc und der Ordnungszahl 21
STRONTIUM	Strontium	153	Chemisches Element	chemisches Element mit dem Symbol Sr und der Ordnungszahl 38
CADMIUM	Cadmium	153	Chemisches Element	chemisches Element, Symbol Cd, Ordnungszahl 48, leicht korrodierend, giftig
DAVIDCAMERON	David Cameron	153	Spielzeug	Premierminister des Vereinigten Königreichs von 2010 bis 2016
SUELEYMANI	Süleyman I.	153	Spielzeug	Sultan des Osmanischen Reiches (1520-1566)
LINUSTORVALDS	Linus Torvalds	153	Spielzeug	finnisch-US-amerikanischer Programmierer
JUDYGARLAND	Judy Garland	153	Spielzeug	US-amerikanische Filmschauspielerin und Sängerin (1922–1969)
KATHARINAII	Katharina II.	153	Spielzeug	Kaiserin von Russland
HOTCAT	HotCat	153	Spielzeug	
SEWASTOPOL	Sewastopol	152	Großstadt	Hafenstadt auf der ukrainischen Halbinsel Krim
SUCRE	Sucre	152	Großstadt|Stadt	Hauptstadt von Bolivien
MASERU	Maseru	152	Großstadt|Stadt	Hauptstadt von Lesotho
POTSDAM	Potsdam	152	Großstadt	Hauptstadt des Landes Brandenburg, kreisfreie Stadt
SANTODOMINGO	Santo Domingo	152	Großstadt|Stadt	Hauptstadt der Dominikanischen Republik
BITCOIN	Bitcoin	152	Kryptowährung|Spielzeug	Kryptowährung
RUBIDIUM	Rubidium	152	Chemisches Element	chemisches Element mit dem Symbol Rb und der Ordnungszahl 37
GERMANIUM	Germanium	152	Chemisches Element	chemisches Element mit dem Symbol Ge und der Ordnungszahl 32
ANTIMON	Antimon	152	Chemisches Element	chemisches Element mit dem Symbol Sb und der Ordnungszahl 51
XENON	Xenon	152	Chemisches Element	chemisches Element mit dem Symbol Xe und der Ordnungszahl 54, Edelgas
CAESIUM	Caesium	152	Chemisches Element	chemisches Element mit dem Symbol Cs und der Ordnungszahl 55, Teil der Gruppe der Alkalimetalle
ARABER	Araber	152	Ethnie	Sammelbegriff für semitische ethnische Gruppen
NOVAKOKOVI	Novak Đoković	152	Spielzeug	serbischer Tennisspieler
DEMOKRIT	Demokrit	152	Spielzeug	griechischer Philosoph
BRIGITTEBARDOT	Brigitte Bardot	152	Spielzeug	französische Schauspielerin, Sängerin und Tierschutzaktivistin (1934–2025)
HAGIASOPHIA	Hagia Sophia	152	Museum	Moschee, byzantinisches Denkmal in Istanbul, Türkei
SANJOSE	San José	151	Großstadt	Stadt in Kalifornien, USA
SANANTONIO	San Antonio	151	Großstadt	zweitbevölkerungsreichste Stadt des US-Bundesstaats Texas
RANGUN	Rangun	151	Großstadt|Stadt	ehemalige Hauptstadt von Myanmar (Burma) und aktuell die Hauptstadt der Region Rangun
MEDELLN	Medellín	151	Großstadt|Stadt	Hauptstadt des kolumbianischen Departamento de Antioquia
REALMADRID	Real Madrid	151	Fußballverein	Fußballverein aus Madrid, Spanien
BISMUT	Bismut	151	Chemisches Element	chemisches Element mit dem Symbol Bi und der Ordnungszahl 83 - extrem schwach radioaktiv
LOEFFEL	Löffel	151	Werkzeug	Essbesteck für flüssige, breiartige oder pulverförmige Nahrung bzw. Speisen
MEHL	Mehl	151	Spielzeug	fein gemahlenes und gesiebtes Getreide
HEBECAMARGO	Hebe Camargo	151	Spielzeug	brasilianische Fernsehmoderatorin, Sängerin und Schauspielerin (1929–2012)
KYROSII	Kyros II.	151	Spielzeug	König der Achämeniden-Dynastie
ANTONNDVOAK	Antonín Dvořák	151	Spielzeug	tschechischer Komponist
GUSTAVMAHLER	Gustav Mahler	151	Spielzeug	österreichischer Komponist und Dirigent (1860-1911)
GIORDANOBRUNO	Giordano Bruno	151	Spielzeug	italienischer Philosoph (1548–1600)
VLADIMIRNABOKOV	Vladimir Nabokov	151	Spielzeug	Russisch-amerikanischer Schriftsteller, Literaturwissenschaftler und Schmetterlingsforscher
KAROTTE	Karotte	151	Spielzeug	Wurzelgemüse, Pflanze aus der Familie der Doldenblütler
UMBERTOECO	Umberto Eco	151	Spielzeug	italienischer Schriftsteller
MAINZ	Mainz	150	Großstadt	kreisfreie Landeshauptstadt von Rheinland-Pfalz, Deutschland
BASEL	Basel	150	Großstadt	Schweizer Stadt am Oberrhein und Hauptort des Kantons Basel-Stadt
OXFORD	Oxford	150	Stadt	Universitätsstadt in England
WOLFRAM	Wolfram	150	Chemisches Element	chemisches Element mit dem Symbol W und der Ordnungszahl 74
DENISDIDEROT	Denis Diderot	150	Spielzeug	französischer Schriftsteller und Philosoph (1713–1784)
EPIKUR	Epikur	150	Spielzeug	Philosoph der Antike
BENAZIRBHUTTO	Benazir Bhutto	150	Spielzeug	pakistanische Politikerin und Premierministerin
JIMMORRISON	Jim Morrison	150	Spielzeug	US-amerikanischer Sänger und Poet (1943–1971)
ROGGEN	Roggen	150	Spielzeug	Art der Gattung Roggen (Secale)
ARABISCHELIGA	Arabische Liga	150	Internationale Organisation	internationale Organisation arabischer Staaten
MACHUPICCHU	Machu Picchu	150	Ausgrabungsstätte|Welterbe	Ruinenstadt in Peru
TOYOTA	Toyota	149	Börsenunternehmen|Marke|Autohersteller|Organisation	japanisches multinationales Unternehmen in der Fahrzeugherstellung
JUDO	Judo	149	Sportart	japanische Kampfsportart
INNSBRUCK	Innsbruck	149	Großstadt|Stadt	Landeshauptstadt von Tirol
SANSALVADOR	San Salvador	149	Großstadt	Hauptstadt des Staates El Salvador
SAMARQAND	Samarqand	149	Großstadt	Stadt in Usbekistan
JEKATERINBURG	Jekaterinburg	149	Großstadt	Millionenstadt in Russland
QUEBEC	Québec	149	Großstadt	Hauptstadt der gleichnamigen Provinz Québec, Kanada
MALMOE	Malmö	149	Großstadt|Stadt	Hauptstadt der Provinz Skåne län in Südschweden
PITTSBURGH	Pittsburgh	149	Großstadt	Stadt im Südwesten des US-Bundesstaates Pennsylvania
BERGEN	Bergen	149	Großstadt|Stadt	Stadt in Norwegen, Hauptstadt der gleichnamigen Kommune in der Provinz Hordaland sowie deren Verwaltungssitz
TURKU	Turku	149	Stadt	Stadt in Finnland
DONEZK	Donezk	149	Stadt	Hauptstadt der Oblast Donezk, Ukraine
IRIDIUM	Iridium	149	Chemisches Element	chemisches Element mit dem Symbol Ir und der Ordnungszahl 77
NIOB	Niob	149	Chemisches Element	chemisches Element mit dem Symbol Nb und der Ordnungszahl 41
PLUTONIUM	Plutonium	149	Chemisches Element	radioaktives chemisches Element mit dem Symbol Pu und der Ordnungszahl 94
LUKAS	Lukas	149	Literarisches Werk	Buch der Bibel
PAULMCCARTNEY	Paul McCartney	149	Spielzeug	britischer Sänger, Songwriter und Musiker
AUDREYHEPBURN	Audrey Hepburn	149	Spielzeug	britisch-niederländische Schauspielerin und Model (1929–1993)
ARISTOPHANES	Aristophanes	149	Spielzeug	griechischer Komödiendichter
WALTWHITMAN	Walt Whitman	149	Spielzeug	Schriftsetzer, Lehrer, US-amerikanischer Dichter (1819-1892)
RUGBY	Rugby	149	Spiel	Sportart
GETRAENK	Getränk	148	Gericht/Lebensmittel	Sammelbegriff für zum Trinken zubereitete Flüssigkeiten
STHELENA	St. Helena	148	Insel	Insel im Südatlantik
SARATOW	Saratow	148	Großstadt	Stadt in Russland
JUBA	Juba	148	Großstadt|Stadt	Hauptstadt des Südsudan
ALEPPO	Aleppo	148	Großstadt|Stadt	Großstadt in Syrien
NUUK	Nuuk	148	Stadt	Hauptstadt von Grönland
MALAGA	Málaga	148	Stadt	Großstadt in Andalusien, Spanien
POLONIUM	Polonium	148	Chemisches Element	radioaktives chemisches Element mit dem Symbol Po und der Ordnungszahl 84, Edelmetall, Alphastrahler
PALLADIUM	Palladium	148	Chemisches Element	chemisches Element mit dem Symbol Pd und der Ordnungszahl 46
VALENTINSTAG	Valentinstag	148	Feiertag	Tag der Liebenden am 14. Februar seit dem Jahre 496
JOHNSTEINBECK	John Steinbeck	148	Spielzeug	US-amerikanischer Autor
SAPPHO	Sappho	148	Spielzeug	griechische Dichterin der Antike
MARTINHEIDEGGER	Martin Heidegger	148	Spielzeug	deutscher Philosoph (1889–1976)
KOLOSSEUM	Kolosseum	148	Ausgrabungsstätte|Stadion	antikes Amphitheater in Rom, Italien
BORNEO	Borneo	147	Insel	Insel in Asien
NEUGUINEA	Neuguinea	147	Insel	Insel im Pazifik
BRUENN	Brünn	147	Großstadt	Stadt in Tschechien
MONTPELLIER	Montpellier	147	Großstadt	französische Gemeinde im Département Hérault
NISCHNINOWGOROD	Nischni Nowgorod	147	Großstadt	Millionenstadt in Russland, Hauptstadt des Föderationskreises Wolga
BELMOPAN	Belmopan	147	Stadt	Hauptstadt von Belize
OSMIUM	Osmium	147	Chemisches Element	chemisches Element mit dem Symbol Os und der Ordnungszahl 76
MOLYBDAEN	Molybdän	147	Chemisches Element	Übergangsmetall, chemisches Element mit dem Symbol Mo und der Ordnungszahl 42
DONQUIJOTE	Don Quijote	147	Literarisches Werk	Roman von Miguel de Cervantes
KURDISCH	Kurdisch	147	Sprache	Gruppe von drei indogermanischen Sprachen
KONRADADENAUER	Konrad Adenauer	147	Spielzeug	deutscher Politiker (Zentrum, CDU), 1. Bundeskanzler der Bundesrepublik Deutschland (1949–1963)
JOHNNYDEPP	Johnny Depp	147	Spielzeug	US-amerikanischer Schauspieler und Musiker
EMILYDICKINSON	Emily Dickinson	147	Spielzeug	US-amerikanische Dichterin
WILLIAMFAULKNER	William Faulkner	147	Spielzeug	US-amerikanischer Schriftsteller
STEPHENKING	Stephen King	147	Spielzeug	US-amerikanischer Schriftsteller und Autor
GIACOMOPUCCINI	Giacomo Puccini	147	Spielzeug	italienischer Komponist
BRADPITT	Brad Pitt	147	Spielzeug	US-amerikanischer Schauspieler
CAMBRIDGE	Cambridge	146	Großstadt|Stadt	englische Universitätsstadt, Hauptort von Cambridgeshire
STETTIN	Stettin	146	Großstadt|Stadt	polnische Groß- und Hafenstadt (Szczecin)
GENT	Gent	146	Großstadt	Stadt in Flandern, Belgien
LITTLEROCK	Little Rock	146	Großstadt	Hauptstadt des US-Bundesstaats Arkansas
MINNEAPOLIS	Minneapolis	146	Großstadt	bevölkerungsreichste Stadt des US-Bundesstaats Minnesota
CALGARY	Calgary	146	Großstadt|Stadt	Großstadt in Alberta, Kanada
YTTRIUM	Yttrium	146	Chemisches Element	chemisches Element mit dem Symbol Y und der Ordnungszahl 39
ASTAT	Astat	146	Chemisches Element	chemisches Element mit dem Symbol At und der Ordnungszahl 85
HAFNIUM	Hafnium	146	Chemisches Element	chemisches Element mit dem Symbol Hf und der Ordnungszahl 72
TANTAL	Tantal	146	Chemisches Element	chemisches Element mit dem Symbol Ta und der Ordnungszahl 73
TELLUR	Tellur	146	Chemisches Element	chemisches Element mit dem Symbol Te und der Ordnungszahl 52
FUJI	Fuji	146	Berg	Berg in Japan
EDITHPIAF	Édith Piaf	146	Spielzeug	französische Sängerin
ZINEDINEZIDANE	Zinédine Zidane	146	Spielzeug	französischer Fußballspieler und -trainer
GROVERCLEVELAND	Grover Cleveland	146	Spielzeug	US-amerikanischer Politiker, 22. sowie 24. Präsident der Vereinigten Staaten
HERAKLIT	Heraklit	146	Spielzeug	griechischer vorsokratischer Philosoph
BRITNEYSPEARS	Britney Spears	146	Spielzeug	US-amerikanische Popsängerin, Songschreiberin, Schauspielerin und Mannequin (* 1981)
JACKLONDON	Jack London	146	Spielzeug	US-amerikanischer Schriftsteller, Journalist und Aktivist
HEIDELBERG	Heidelberg	145	Großstadt	Großstadt in Baden-Württemberg, Deutschland
VNGTAU	Vũng Tàu	145	Großstadt	Stadt in Vietnam
GEORGETOWN	Georgetown	145	Großstadt|Stadt	Hauptstadt von Guyana
MONTGOMERY	Montgomery	145	Großstadt	Stadt im US-Bundesstaat Alabama
BRIDGETOWN	Bridgetown	145	Großstadt|Stadt	Hauptstadt von Barbados
JAIPUR	Jaipur	145	Großstadt	Hauptstadt des indischen Bundesstaates Rajasthan
DNIPRO	Dnipro	145	Großstadt	Hauptstadt der Oblast Dnipropetrowsk in der Zentralukraine
BUSAN	Busan	145	Stadt	Großstadt in Südkorea
KLASSISCHEMUSIK	klassische Musik	145	Musikgenre	zusammenfassender Begriff für die europäische Musiktradition der Kunstmusik
JOURNALIST	Journalist	145	Beruf	Person, die Nachrichten und andere Informationen sammelt, schreibt und verteilt
TECHNETIUM	Technetium	145	Chemisches Element	radioaktives chemisches Element mit dem Symbol Tc und der Ordnungszahl 43
GALICISCH	Galicisch	145	Sprache	romanische Sprache
GESCHLECHT	Geschlecht	145	Spielzeug	Einteilung nach der Produktion von Keimzellen im Rahmen der geschlechtlichen oder sexuellen Fortpflanzung
SHIVA	Shiva	145	Spielzeug	eine der Hauptgottheiten des Hinduismus, höchstes Wesen im Shivaismus und Zerstörer in der Trimurti
TACITUS	Tacitus	145	Spielzeug	römischer Historiograph und Senator
ANDREWJOHNSON	Andrew Johnson	145	Spielzeug	17. Präsident der Vereinigten Staaten (1865–1869)
SEANCONNERY	Sean Connery	145	Spielzeug	britischer Schauspieler (1930–2020)
MAYAANGELOU	Maya Angelou	145	Spielzeug	US-amerikanische Schriftstellerin, Professorin und Menschenrechtlerin (1928–2014)
NETFLIX	Netflix	144	App|Website|Videostreaming|Unternehmen	US-amerikanischer Streaming-Anbieter und Film- und Fernsehproduktionsunternehmen
BADMINTON	Badminton	144	Sportart	Ballsportart mit einem Federball und Schlägern
ERFURT	Erfurt	144	Großstadt	Landeshauptstadt des Freistaates Thüringen
AHMEDABAD	Ahmedabad	144	Großstadt	Millionenstadt in Gujarat, Indien
BRISTOL	Bristol	144	Großstadt|Stadt	Stadt, Unitary Authority und Grafschaft in England, Vereinigtes Königreich
GRENOBLE	Grenoble	144	Großstadt	Hauptstadt des französischen Départements Isère und der Dauphiné im Südosten Frankreichs
DESMOINES	Des Moines	144	Großstadt	Hauptstadt des US-Bundesstaats Iowa
KAUNAS	Kaunas	144	Großstadt|Stadt	Stadt und Verwaltungszentrum des Bezirks Kaunas in Litauen
ZIRCONIUM	Zirconium	144	Chemisches Element	chemisches Element, Symbol Zr, Ordnungszahl 40, korrosionsfestes Schwermetall
RUTHENIUM	Ruthenium	144	Chemisches Element	chemisches Element mit dem Symbol Ru und der Ordnungszahl 44
RHODIUM	Rhodium	144	Chemisches Element	chemisches Element mit dem Symbol Rh und der Ordnungszahl 45, Edelmetall, Katalysatormetall
INDIUM	Indium	144	Chemisches Element	chemisches Element mit dem Symbol In und der Ordnungszahl 49
THORIUM	Thorium	144	Chemisches Element	chemisches Element mit dem Symbol Th und der Ordnungszahl 90
PANJABI	Panjabi	144	Sprache	indoarische Sprache
TELUGU	Telugu	144	Sprache	Sprache aus der dravidischen Sprachfamilie
MALTESISCH	Maltesisch	144	Sprache	autochthone semitische Sprache
PASCHTU	Paschtu	144	Sprache	ostiranischer Zweig der indogermanischen Sprachfamilie
OELE	Öle	144	Produkt	Fett, das sich bei Raumtemperatur in flüssigem Zustand befindet und sich nicht mit Wasser mischen lässt
ARTHURRIMBAUD	Arthur Rimbaud	144	Spielzeug	französischer Dichter, Abenteurer und Geschäftsmann
HENRYKISSINGER	Henry Kissinger	144	Spielzeug	US-amerikanischer Diplomat, Politiker (Republikaner) und Friedensnobelpreisträger (1923–2023)
SATYAJITRAY	Satyajit Ray	144	Spielzeug	indischer Filmregisseur
CHANAKYA	Chanakya	144	Spielzeug	Minister und engster Berater des ersten Kaisers des Maurya-Reiches
ALGHAZALI	Al-Ghazali	144	Spielzeug	persischer islamischer Theologe (c.1055/6–1111)
ELIZABETHTAYLOR	Elizabeth Taylor	144	Spielzeug	britisch-US-amerikanische Schauspielerin (1932–2011)
VACLAVHAVEL	Václav Havel	144	Spielzeug	tschechischer Schriftsteller und Politiker
DANIELDEFOE	Daniel Defoe	144	Spielzeug	englischer Schriftsteller und Journalist
ALDOUSHUXLEY	Aldous Huxley	144	Spielzeug	britischer Schriftsteller
JOHNKEATS	John Keats	144	Spielzeug	britischer Dichter der Romantik
ZACHARYTAYLOR	Zachary Taylor	144	Spielzeug	US-amerikanischer Politiker, 12. Präsident der Vereinigten Staaten (1849–1850)
JAMESBUCHANAN	James Buchanan	144	Spielzeug	US-amerikanischer Politiker, 15. Präsident der Vereinigten Staaten (1857–1861)
ANDREGIDE	André Gide	144	Spielzeug	französischer Schriftsteller; Literaturnobelpreisträger 1947 (1869–1951)
LORDI	Lordi	143	Musikgruppe	finnische Band
AACHEN	Aachen	143	Großstadt	kreisfreie Großstadt im Regierungsbezirk Köln in Nordrhein-Westfalen, Deutschland
NASSAU	Nassau	143	Großstadt|Stadt	Hauptstadt der Bahamas
MORONI	Moroni	143	Großstadt|Stadt	Hauptstadt der Komoren
BLOEMFONTEIN	Bloemfontein	143	Großstadt|Stadt	sechstgrößte Stadt in der Republik Südafrika
LINZ	Linz	143	Großstadt	an der Donau gelegene Landeshauptstadt von Oberösterreich; drittgrößte Stadt Österreichs
CHITTAGONG	Chittagong	143	Stadt	Millionenstadt in Bangladesch
KOENIG	König	143	Beruf	Amtsbezeichnung für den höchsten gekrönten Würdenträger in der Rangfolge eines Staates
ACTINIUM	Actinium	143	Chemisches Element	radioaktives chemisches Element mit dem Symbol Ac und der Ordnungszahl 89
NEPTUNIUM	Neptunium	143	Chemisches Element	radioaktives chemisches Element mit dem Symbol Np und der Ordnungszahl 93
USBEKISCH	Usbekisch	143	Sprache	am weitesten verbreitete Turksprache Zentralasiens
MONGOLISCH	Mongolisch	143	Sprache	meistgesprochener Vertreter der mongolischen Sprachen
CARLSAGAN	Carl Sagan	143	Spielzeug	US-amerikanischer Naturwissenschaftler und Fernsehmoderator (1934–1996)
EMMAWATSON	Emma Watson	143	Spielzeug	Englische Schauspielerin und Aktivistin
SIMAQIAN	Sima Qian	143	Spielzeug	chinesischer Historiker und Schriftsteller
JOHNTYLER	John Tyler	143	Spielzeug	zehnter Präsident der Vereinigten Staaten (1841–1845)
XIAN	Xi’an	142	Großstadt	Hauptstadt der chinesischen Provinz Shaanxi und eine der 15 Unterprovinzstädte Chinas
VERONA	Verona	142	Großstadt|Stadt	italienische Großstadt
NANJING	Nanjing	142	Großstadt|Stadt	chinesische Millionenstadt
LAHORE	Lahore	142	Großstadt|Stadt	Stadt in Pakistan
KIEL	Kiel	142	Großstadt	Landeshauptstadt von Schleswig-Holstein, Deutschland
TALLAHASSEE	Tallahassee	142	Großstadt	Hauptstadt des US-Bundesstaats Florida
MARRAKESCH	Marrakesch	142	Großstadt	Hauptstadt der Region Marrakesch-Safi, Marokko
DARESSALAM	Daressalam	142	Stadt	größte Stadt in Tansania
MBABANE	Mbabane	142	Stadt	Hauptstadt von Eswatini
RHENIUM	Rhenium	142	Chemisches Element	chemisches Element mit dem Symbol Re und der Ordnungszahl 75
LANTHAN	Lanthan	142	Chemisches Element	chemisches Element mit dem Symbol La und der Ordnungszahl 57
THALLIUM	Thallium	142	Chemisches Element	chemisches Element mit dem Symbol Tl und der Ordnungszahl 81
EUPHRAT	Euphrat	142	Fluss	Fluss in Vorderasien
OFFENBARUNG	Offenbarung	142	Literarisches Werk	Buch der Bibel
TATARISCH	Tatarisch	142	Sprache	Turksprache
GEORGESPOMPIDOU	Georges Pompidou	142	Spielzeug	französischer Politiker, Premierminister und Staatspräsident
WILLIAMMCKINLEY	William McKinley	142	Spielzeug	US-amerikanischer Politiker, 25. Präsident der Vereinigten Staaten; im Amt ermordet (1897–1901)
ZARATHUSTRA	Zarathustra	142	Spielzeug	Priester, Religionsstifter des Zoroastrismus
MAGDEBURG	Magdeburg	141	Großstadt|Stadt	Landeshauptstadt von Sachsen-Anhalt, Deutschland
POSEN	Posen	141	Großstadt	Hauptstadt der polnischen Woiwodschaft Großpolen im Westen Polens
PORTLAND	Portland	141	Großstadt	bevölkerungsreichste Stadt des US-Bundesstaats Oregon
ANNG	Đà Nẵng	141	Großstadt|Stadt	Großstadt in Zentralvietnam
MILWAUKEE	Milwaukee	141	Großstadt	Großstadt im US-Bundesstaat Wisconsin
ISFAHAN	Isfahan	141	Großstadt	Provinzhauptstadt der gleichnamigen Provinz Isfahan
APIA	Apia	141	Stadt	Hauptstadt von Samoa
AESTHETIK	Ästhetik	141	Fachgebiet	Bereich der Philosophie, der sich mit der Natur der Kunst, Schönheit und des Geschmacks beschäftigt
TORA	Tora	141	Literarisches Werk	hebräische Bibel, fünf Bücher Mose
ROMA	Roma	141	Ethnie	Bevölkerungsgruppe, die die Sprache Romanes gemeinsam hat
MILEYCYRUS	Miley Cyrus	141	Spielzeug	US-amerikanische Sängerin und Schauspielerin
ERDATMOSPHAERE	Erdatmosphäre	141	Spielzeug	gasförmige Hülle der Erde oberhalb der Oberfläche
NICOLASMADURO	Nicolás Maduro	141	Spielzeug	venezolanischer Präsident
HANNIBAL	Hannibal	141	Spielzeug	karthagischer Feldherr
MILLARDFILLMORE	Millard Fillmore	141	Spielzeug	13. Präsident der Vereinigten Staaten (1850-1853)
PRIESTER	Priester	141	Organisation	Amtsperson, die in ihrer Eigenschaft als Vorsteher kultischer Handlungen eine Mittlerrolle zwischen jeweiliger Gottheit und den Menschen einnimmt
MESSINA	Messina	140	Großstadt|Stadt	italienische Gemeinde
LAUSANNE	Lausanne	140	Großstadt	Schweizer Stadt und Hauptstadt des Kantons Waadt
HARTFORD	Hartford	140	Großstadt	Hauptstadt des US-Bundesstaates Connecticut, Sitz der Gemeindeverwaltung des Hartford County
BOISE	Boise	140	Großstadt	Stadt im US-Bundesstaat Idaho
SOTOME	São Tomé	140	Stadt	Hauptstadt von São Tomé und Príncipe
GEWERBEBETRIEB	Gewerbebetrieb	140	Fachgebiet	gewerbliche oder kaufmännische Geschäftseinheit
EUROPIUM	Europium	140	Chemisches Element	chemisches Element mit dem Symbol Eu und der Ordnungszahl 63, Seltenerdmetall
LUXEMBURGISCH	Luxemburgisch	140	Sprache	westmitteldeutsche Standardsprache auf nordmoselfränkischer Grundlage mit französischen Einflüssen
NEPALI	Nepali	140	Sprache	indoarische Sprache
SAMUELBECKETT	Samuel Beckett	140	Spielzeug	irischer Schriftsteller, Literaturnobelpreisträger
RICHARDSTALLMAN	Richard Stallman	140	Spielzeug	US-amerikanischer Aktivist für freie Software, Hacker und Programmentwickler
JOSEPHGOEBBELS	Joseph Goebbels	140	Spielzeug	hoher NSDAP-Funktionär, u. a. Reichsminister für Volksaufklärung und Propaganda von 1933 bis 1945 (1897–1945)
ADAM	Adam	140	Spielzeug	biblische Figur
ROMAINROLLAND	Romain Rolland	140	Spielzeug	französischer Schriftsteller (1866-1944)
WARRENBUFFETT	Warren Buffett	140	Spielzeug	US-amerikanischer Unternehmer und Investor
MEMPHIS	Memphis	139	Großstadt	Stadt im US-Bundesstaat Tennessee
JACKSONVILLE	Jacksonville	139	Großstadt	bevölkerungsreichste Stadt des US-Bundesstaats Florida
CATANIA	Catania	139	Großstadt	Stadt in Sizilien
ZHENGZHOU	Zhengzhou	139	Großstadt	Stadt in China
PORTO	Porto	139	Großstadt	portugiesische Großstadt
CLEVELAND	Cleveland	139	Großstadt	Stadt im US-Bundesstaat Ohio
ANCHORAGE	Anchorage	139	Großstadt	Stadt im US-Bundesstaat Alaska und Verwaltungssitz des gleichnamigen Boroughs
AGRA	Agra	139	Großstadt|Stadt	Großstadt in Uttar Pradesh, Indien
SUVA	Suva	139	Stadt	Stadt in Fidschi
RUTHERFORDIUM	Rutherfordium	139	Chemisches Element	chemisches Element mit dem Symbol Rf und der Ordnungszahl 104
HASSIUM	Hassium	139	Chemisches Element	chemisches Element mit dem Symbol Hs und der Ordnungszahl 108
CER	Cer	139	Chemisches Element	chemisches Element mit dem Symbol Ce und der Ordnungszahl 58
GEORGIER	Georgier	139	Ethnie	Südkaukasisches Volk
INDIANER	Indianer	139	Ethnie	Sammelbezeichnung für indigene Völker Amerikas
WALTERSCOTT	Walter Scott	139	Spielzeug	schottischer Autor von historischen Romanen
MICHAELJORDAN	Michael Jordan	139	Spielzeug	US-amerikanischer Basketballspieler
DAVIDBECKHAM	David Beckham	139	Spielzeug	englischer Fußballspieler
ROBERTMUGABE	Robert Mugabe	139	Spielzeug	ehemaliger Präsident von Simbabwe
PAULCEZANNE	Paul Cézanne	139	Spielzeug	französischer Maler (1839–1906)
FRANKLINPIERCE	Franklin Pierce	139	Spielzeug	14. Präsident der Vereinigten Staaten (1853–1857)
ALAINDELON	Alain Delon	139	Spielzeug	französischer Schauspieler
WIKILEAKS	WikiLeaks	139	Internationale Organisation	Enthüllungsplattform
CHATGPT	ChatGPT	138	Website|Onlinedienst	Chatbot auf Basis künstlicher Intelligenz von OpenAI
KARATE	Karate	138	Sportart	Kampfsportart
OMSK	Omsk	138	Großstadt	Millionenstadt in Russland
ALBUQUERQUE	Albuquerque	138	Großstadt	Stadt im US-Bundesstaat New Mexico
STLOUIS	St. Louis	138	Großstadt	Großstadt im US-Bundesstaat Missouri
UPPSALA	Uppsala	138	Stadt	Hauptstadt der Provinz Uppsala län in Schweden
BELOHORIZONTE	Belo Horizonte	138	Stadt	Hauptstadt von Minas Gerais, Brasil
KIRGISISCH	Kirgisisch	138	Sprache	Turksprache der Kiptschak-Gruppe
SINAN	Sinan	138	Spielzeug	osmanischer Architekt, Stadtplaner (1490-1588)
AVRILLAVIGNE	Avril Lavigne	138	Spielzeug	kanadische Musikerin
HENRIBERGSON	Henri Bergson	138	Spielzeug	französischer Philosoph und Nobelpreisträger
DUFU	Du Fu	138	Spielzeug	Dichter der Tang-Dynastie und Zeitgenosse von Li Bai
GEORGEELIOT	George Eliot	138	Spielzeug	englische Schriftstellerin (1819–1880)
ANTIBIOTIKUM	Antibiotikum	138	Medikament	Molekül, welches das Wachstum von Bakterien, Viren, Pilzen oder Protozoen verlangsamt oder verhindert
TIKTOK	TikTok	137	Soziales Netzwerk|Videoportal|Spielzeug|Suchmaschine|Online-Community|Große Plattform	chinesisches Videoportal für Kurzvideos
MCDONALDS	McDonald’s	137	Unternehmen|Börsenunternehmen|Organisation	US-amerikanische Fastfood-Franchise-Gruppe
TITANIC	Titanic	137	Film	Film von James Cameron (1997)
FORRESTGUMP	Forrest Gump	137	Film	Film von Robert Zemeckis (1994)
KYSH	Kyūshū	137	Insel	drittgrößte Insel Japans
TRIEST	Triest	137	Großstadt|Stadt	norditalienische Hafen- und Großstadt
SAMARA	Samara	137	Großstadt	Millionenstadt in Russland
EDMONTON	Edmonton	137	Großstadt|Stadt	Stadt in Kanada
BLUES	Blues	137	Musikgenre	vokale und instrumentale Musikform
SAMARIUM	Samarium	137	Chemisches Element	chemisches Element mit dem Symbol Sm und der Ordnungszahl 62
LUTETIUM	Lutetium	137	Chemisches Element	chemisches Element mit dem Symbol Lu und der Ordnungszahl 71
SEABORGIUM	Seaborgium	137	Chemisches Element	chemisches Element mit dem Symbol Sg und der Ordnungszahl 106
GILGAMESCHEPOS	Gilgamesch-Epos	137	Literarisches Werk	Gruppe literarischer Werke
RUSSEN	Russen	137	Ethnie	ostslawische Ethnie
BRETONISCH	Bretonisch	137	Sprache	keltische Sprache
JULIANASSANGE	Julian Assange	137	Spielzeug	australischer Politaktivist, investigativer Journalist und Sprecher von WikiLeaks
GEORGESAND	George Sand	137	Spielzeug	französische Schriftstellerin (1804–1876)
GUENTERGRASS	Günter Grass	137	Spielzeug	deutscher Schriftsteller, Bildhauer, Maler und Grafiker (1927–2015)
JOHANNESXXIII	Johannes XXIII.	137	Spielzeug	261. Papst der katholischen Kirche
HUSNIMUBARAK	Husni Mubarak	137	Spielzeug	ägyptischer Politiker, Staatspräsident von Ägypten
DILMAROUSSEFF	Dilma Rousseff	137	Spielzeug	brasilianische Wirtschaftswissenschaftlerin und Politikerin, ehemalige Präsidentin
NIKOLAUSII	Nikolaus II.	137	Spielzeug	letzter Kaiser von Russland
MICHELLEOBAMA	Michelle Obama	137	Spielzeug	US-amerikanische Rechtsanwältin, Buchautorin und Ehefrau von Barack Obama
VIVEKANANDA	Vivekananda	137	Spielzeug	hinduistischer Mönch und Gelehrter
ANGKORWAT	Angkor Wat	137	Ausgrabungsstätte	Tempelanlage in Kambodscha
SHENZHEN	Shenzhen	136	Großstadt|Stadt	Provinzunmittelbare Verwaltungszone in China
LHASA	Lhasa	136	Großstadt|Stadt	Hauptstadt des Autonomen Gebiets Tibet
ANTALYA	Antalya	136	Großstadt|Stadt	türkische Großstadt an der Mittelmeerküste
SPRINGFIELD	Springfield	136	Großstadt	Hauptstadt des US-Bundesstaats Illinois
LEEDS	Leeds	136	Großstadt|Stadt	Stadt in West Yorkshire, England, Vereinigtes Königreich
BURSA	Bursa	136	Großstadt|Stadt	Stadt in der Türkei
STJOHNS	St. John's	136	Stadt	Hauptstadt von Antigua und Barbuda
VLORA	Vlora	136	Stadt	Stadt in Albanien
WISSENSCHAFTLER	Wissenschaftler	136	Beruf	Person mit wissenschaftlicher Ausbildung, die sich mit Wissenschaft beschäftigt
ALTERTUM	Altertum	136	Fachgebiet	Zeitraum vom Ende der Frühgeschichte bis zum beginnenden Mittelalter
CALIFORNIUM	Californium	136	Chemisches Element	künstliches chemisches Element mit dem Symbol Cf und der Ordnungszahl 98
EINSTEINIUM	Einsteinium	136	Chemisches Element	künstliches radioaktives chemisches Element mit dem Symbol Es und der Ordnungszahl 99
PROTACTINIUM	Protactinium	136	Chemisches Element	radioaktives chemisches Element mit dem Symbol Pa und der Ordnungszahl 91
DUBNIUM	Dubnium	136	Chemisches Element	chemisches Element mit dem Symbol Db und der Ordnungszahl 105
VESUV	Vesuv	136	Berg	Vulkan bei Neapel, Italien
RAMAYANA	Ramayana	136	Literarisches Werk	indischer Nationalepos
KOMPASS	Kompass	136	Werkzeug	Instrument zur Bestimmung der Nord- und Südrichtung auf der Erde
DAVIDBOWIE	David Bowie	136	Spielzeug	britischer Musiker, Sänger, Produzent, Schauspieler und Maler (1947–2016)
STENDHAL	Stendhal	136	Spielzeug	französischer Schriftsteller im 19. Jahrhundert
USAINBOLT	Usain Bolt	136	Spielzeug	jamaikanischer Sprinter
TOMHANKS	Tom Hanks	136	Spielzeug	US-amerikanischer Schauspieler
FERDINANDMARCOS	Ferdinand Marcos	136	Spielzeug	Präsident der Philippinen
JIMIHENDRIX	Jimi Hendrix	136	Spielzeug	amerikanischer Gitarrist und Sänger
PFEFFER	Pfeffer	136	Spielzeug	Art der Gattung Pfeffer (Piper)
ADELE	Adele	136	Spielzeug	britische Sängerin
NATALIEPORTMAN	Natalie Portman	136	Spielzeug	israelisch-US-amerikanische Schauspielerin (* 1981)
GOLDAMEIR	Golda Meir	136	Spielzeug	israelische Politikerin und Premierministerin (1969-1974)
WHITNEYHOUSTON	Whitney Houston	136	Spielzeug	US-amerikanische Sängerin und Schauspielerin (1963–2012)
JENNIFERLOPEZ	Jennifer Lopez	136	Spielzeug	US-amerikanische Sängerin und Schauspielerin
FRANKSINATRA	Frank Sinatra	136	Spielzeug	US-amerikanischer Sänger und Schauspieler (1915–1998)
JOSESARAMAGO	José Saramago	136	Spielzeug	Portugiesischer Schriftsteller, Nobelpreisträger für Literatur
MEDIAWIKI	MediaWiki	136	Spielzeug	kostenlose und quelloffene Wiki-Software, entwickelt von der Wikimedia Foundation
RICHARDDAWKINS	Richard Dawkins	136	Spielzeug	britischer Zoologe, Biologe und Autor (* 1941)
DENGXIAOPING	Deng Xiaoping	136	Spielzeug	chinesischer Politiker (1904–1997)
SUPPE	Suppe	135	Gericht/Lebensmittel	Speise, dünnflüssiger, mit Einlagen auch stückiger Brei
DURBAN	Durban	135	Großstadt|Stadt	südafrikanische Metropole
DIJON	Dijon	135	Großstadt	französische Gemeinde im Département Côte-d’Or
PERM	Perm	135	Großstadt	Stadt in Russland
DARWIN	Darwin	135	Großstadt|Stadt	Hauptstadt des australischen Northern Territory
ALBANY	Albany	135	Großstadt	Hauptstadt des Bundesstaats New York (Vereinigte Staaten)
LUEBECK	Lübeck	135	Großstadt	deutsche Groß- und Hansestadt an der Ostseeküste in Schleswig-Holstein
SAINTPAUL	Saint Paul	135	Großstadt	Hauptstadt und zweitgrößte Stadt des US-Bundesstaates Minnesota
BESANON	Besançon	135	Großstadt	französische Stadt, römische Gründung Vesontio
CINCINNATI	Cincinnati	135	Großstadt	Stadt im Bundesstaat Ohio, Vereinigte Staaten
SOCHUMI	Sochumi	135	Stadt	Hauptstadt Abchasiens
KOMPONIST	Komponist	135	Beruf	Person, die Musikstücke komponiert
PROMETHIUM	Promethium	135	Chemisches Element	chemisches Element mit dem Symbol Pm und der Ordnungszahl 61
GADOLINIUM	Gadolinium	135	Chemisches Element	chemisches Element mit dem Symbol Gd und der Ordnungszahl 64
AMERICIUM	Americium	135	Chemisches Element	künstliches radioaktives chemisches Element mit dem Symbol Am und der Ordnungszahl 95
BOHRIUM	Bohrium	135	Chemisches Element	chemisches Element mit dem Symbol Bh und der Ordnungszahl 107
MEITNERIUM	Meitnerium	135	Chemisches Element	chemisches Element mit dem Symbol Mt und der Ordnungszahl 109.
OGANESSON	Oganesson	135	Chemisches Element	chemisches Element mit dem Symbol Og und der Ordnungszahl 118
MANDARIN	Mandarin	135	Sprache	sprecherreichste unter den chinesischen Dialektgruppen
NERO	Nero	135	Spielzeug	fünfter römischer Kaiser, letzter Vertreter der julisch-claudischen Dynastie
HECTORBERLIOZ	Hector Berlioz	135	Spielzeug	französischer Komponist und Musikkritiker
TUPACSHAKUR	Tupac Shakur	135	Spielzeug	US-amerikanischer Rapper (1971–1996)
JOHANNESCALVIN	Johannes Calvin	135	Spielzeug	Genfer Reformator mit französischer Abstammung und Gründer des Calvinismus
OPRAHWINFREY	Oprah Winfrey	135	Spielzeug	US-amerikanische Talkshow-Moderatorin
GALENOS	Galenos	135	Spielzeug	griechischer Arzt und Anatom
KATYPERRY	Katy Perry	135	Spielzeug	US-amerikanische Sängerin
EDMUNDHILLARY	Edmund Hillary	135	Spielzeug	neuseeländischer Bergsteiger und Expeditionsleiter
CLINTEASTWOOD	Clint Eastwood	135	Spielzeug	US-amerikanischer Schauspieler und Filmemacher
MALCOLMX	Malcolm X	135	Spielzeug	US-amerikanischer Anführer der Bürgerrechtsbewegung
KNUTHAMSUN	Knut Hamsun	135	Spielzeug	norwegischer Schriftsteller
CHARLOTTEBRONT	Charlotte Brontë	135	Spielzeug	britische Schriftstellerin
THOMASPAINE	Thomas Paine	135	Spielzeug	amerikanischer Schriftsteller und Erfinder (1737–1809)
ALGORE	Al Gore	135	Spielzeug	US-amerikanischer Politiker, 45. Vizepräsident der USA
STONEHENGE	Stonehenge	135	Ausgrabungsstätte	jungsteinzeitliches Bauwerk in Wiltshire, England
SAARBRUECKEN	Saarbrücken	134	Großstadt	Landeshauptstadt des Saarlandes in Deutschland
PADUA	Padua	134	Großstadt	italienische Gemeinde und Hauptstadt der Provinz Padua, in Venetien
ESSEN	Essen	134	Großstadt	Großstadt im Ruhrgebiet, Regierungsbezirk Düsseldorf, Nordrhein-Westfalen, Deutschland
BATONROUGE	Baton Rouge	134	Großstadt	Hauptstadt des Bundesstaats Louisiana (Vereinigte Staaten)
RALEIGH	Raleigh	134	Großstadt	Hauptstadt von North Carolina, Vereinigte Staaten
HAIFA	Haifa	134	Großstadt|Stadt	Großstadt in Israel
PORTVILA	Port Vila	134	Stadt	Hauptstadt von Vanuatu
NAZARETH	Nazareth	134	Stadt	Stadt im Nordbezirk Israels; bekannt als Heimatort Jesu von Nazareth
VARANASI	Varanasi	134	Stadt	Stadt in Indien
HARBIN	Harbin	134	Stadt	Hauptstadt der Provinz Heilongjiang in China
POPMUSIK	Popmusik	134	Musikgenre	Musikgenre
DYSPROSIUM	Dysprosium	134	Chemisches Element	chemisches Element mit dem Symbol Dy und der Ordnungszahl 66
FERMIUM	Fermium	134	Chemisches Element	künstliches radioaktives chemisches Element mit dem Symbol Fm und der Ordnungszahl 100
NOBELIUM	Nobelium	134	Chemisches Element	künstlich erzeugtes chemisches Element mit dem Symbol No und der Ordnungszahl 102
PRASEODYM	Praseodym	134	Chemisches Element	chemisches Element mit dem Symbol Pr und der Ordnungszahl 59.
NEODYM	Neodym	134	Chemisches Element	chemisches Element mit dem Symbol Nd und der Ordnungszahl 60
FAEROEISCH	Färöisch	134	Sprache	nordgermanische Sprache
MARATHI	Marathi	134	Sprache	indoarische Sprache
KANNADA	Kannada	134	Sprache	Sprache aus der dravidischen Sprachfamilie
LUIGIPIRANDELLO	Luigi Pirandello	134	Spielzeug	italienischer Schriftsteller
GREGORMENDEL	Gregor Mendel	134	Spielzeug	österreichischer Mönch und Genetiker
WILLSMITH	Will Smith	134	Spielzeug	US-amerikanischer Schauspieler, Filmproduzent und Rapper
FRANCISCOFRANCO	Francisco Franco	134	Spielzeug	spanischer General und Diktator (1892–1975)
DORISLESSING	Doris Lessing	134	Spielzeug	britische Schriftstellerin
ALPACINO	Al Pacino	134	Spielzeug	US-amerikanischer Schauspieler, Filmregisseur und Filmproduzent
MILTONFRIEDMAN	Milton Friedman	134	Spielzeug	US-amerikanischer Wirtschaftswissenschaftler (1912–2006)
FRANOISRABELAIS	François Rabelais	134	Spielzeug	französischer Prosa-Autor
WHATSAPP	WhatsApp	133	App|Onlinedienst|Messenger	Instant-Messaging-Dienst
JUVENTUSTURIN	Juventus Turin	133	Unternehmen|Börsenunternehmen|Fußballverein	italienischer Fußballverein
SHERLOCKHOLMES	Sherlock Holmes	133	Fiktiver Mensch|Fernsehfigur	Romanfigur des Schriftstellers Arthur Conan Doyle
SUSHI	Sushi	133	Gericht/Lebensmittel	japanisches Gericht aus erkaltetem, gesäuertem Reis, ergänzt um rohen oder geräucherten Fisch
KAMPFKUNST	Kampfkunst	133	Sportart	Techniken und Traditionen des Kampfes
PROVIDENCE	Providence	133	Großstadt	Hauptstadt des US-Bundesstaats Rhode Island
KARLSRUHE	Karlsruhe	133	Großstadt	Großstadt in Baden-Württemberg, Deutschland
JACKSON	Jackson	133	Großstadt	Haupt- und größte Stadt im US-Bundesstaat Mississippi
TOPEKA	Topeka	133	Großstadt	Hauptstadt des US-Bundesstaats Kansas
RICHMOND	Richmond	133	Großstadt	Stadt im US-Bundesstaat Virginia
KBE	Kōbe	133	Großstadt	japanische Metropole
ORLANDO	Orlando	133	Großstadt	Stadt in Florida, Vereinigte Staaten
CHENGDU	Chengdu	133	Stadt	chinesische Millionenstadt, Hauptstadt der Provinz Sichuan
FCLIVERPOOL	FC Liverpool	133	Fußballverein	Fußballverein aus Liverpool, England
TERBIUM	Terbium	133	Chemisches Element	chemisches Element mit dem Symbol Tb und der Ordnungszahl 65
CURIUM	Curium	133	Chemisches Element	künstlich erzeugtes radioaktives chemisches Element mit dem Symbol Cm und der Ordnungszahl 96
BERKELIUM	Berkelium	133	Chemisches Element	künstliches chemisches Element mit dem Symbol Bk und der Ordnungszahl 97
DARMSTADTIUM	Darmstadtium	133	Chemisches Element	künstlich erzeugtes chemisches Element mit dem Symbol Ds und der Ordnungszahl 110
BHAGAVADGITA	Bhagavad Gita	133	Literarisches Werk	zentrale Schrift des Hinduismus
AMHARISCH	Amharisch	133	Sprache	äthiosemitische Sprache
KONDENSATOR	Kondensator	133	Spielzeug	passives elektrisches Bauelement mit der Fähigkeit, elektrische Ladung zu speichern
MERYLSTREEP	Meryl Streep	133	Spielzeug	US-amerikanische Schauspielerin
PAULGAUGUIN	Paul Gauguin	133	Spielzeug	französischer Maler des Synthetismus, Wegbereiter des Expressionismus (1848–1903)
GEORGELUCAS	George Lucas	133	Spielzeug	US-amerikanischer Produzent, Drehbuchautor und Regisseur
ADALOVELACE	Ada Lovelace	133	Spielzeug	englische Mathematikerin (1815–1852)
JOSEPHFOURIER	Joseph Fourier	133	Spielzeug	französischer Mathematiker und Physiker (1768 - 1830)
THOMASMORUS	Thomas Morus	133	Spielzeug	Humanist und Lordkanzler von England (1478–1535)
TONIMORRISON	Toni Morrison	133	Spielzeug	US-amerikanische Schriftstellerin und Literaturnobelpreisträgerin
CATEBLANCHETT	Cate Blanchett	133	Spielzeug	australische Schauspielerin
THUKYDIDES	Thukydides	133	Spielzeug	griechischer Historiker
AUGUSTECOMTE	Auguste Comte	133	Spielzeug	französischer Mathematiker, Philosoph, Religionskritiker, Begründer der Soziologie (1798-1857)
PAULOCOELHO	Paulo Coelho	133	Spielzeug	brasilianischer Schriftsteller und Autor
MARYSHELLEY	Mary Shelley	133	Spielzeug	britische Schriftstellerin (1797–1851)
MARIEANTOINETTE	Marie Antoinette	133	Spielzeug	Erzherzogin von Österreich, Königin von Frankreich und Navarra
IMDB	IMDb	133	Spielzeug	Datenbank über Filme, Fernsehserien, Videoproduktionen, Videospiele und daran Mitwirkende
DERPATE	Der Pate	132	Film	Film von Francis Ford Coppola (1972)
BERGAMO	Bergamo	132	Großstadt|Stadt	italienische Gemeinde und Hauptstadt der Provinz Bergamo
CANNES	Cannes	132	Stadt	französische Gemeinde im Département Alpes-Maritimes
ERBIUM	Erbium	132	Chemisches Element	chemisches Element mit dem Symbol Er und der Ordnungszahl 68
YTTERBIUM	Ytterbium	132	Chemisches Element	chemisches Element mit dem Symbol Yb und der Ordnungszahl 70
MENDELEVIUM	Mendelevium	132	Chemisches Element	künstlich erzeugtes chemisches Element mit dem Symbol Md und der Ordnungszahl 101
LAWRENCIUM	Lawrencium	132	Chemisches Element	künstlich erzeugtes chemisches Element mit dem Symbol Lr und der Ordnungszahl 103
ROENTGENIUM	Roentgenium	132	Chemisches Element	künstlich erzeugtes chemisches Element mit dem Symbol Rg und der Ordnungszahl 111.
FIKTION	Fiktion	132	Kunstrichtung	künstlerisches Werk, das zumindest zum Teil auf Imagination beruht und nicht beansprucht, ausschließlich Fakten darzustellen
KURDEN	Kurden	132	Ethnie	westasiatische Volksgruppe
SCHNEELEOPARD	Schneeleopard	132	Spielzeug	Art der Gattung Eigentliche Großkatzen (Panthera)
DOUGLASADAMS	Douglas Adams	132	Spielzeug	britischer Science-Fiction-Autor und Humorist (1952–2001)
NICOLEKIDMAN	Nicole Kidman	132	Spielzeug	US-amerikanisch-australische Schauspielerin
SOPHIALOREN	Sophia Loren	132	Spielzeug	italienische Schauspielerin
JOHNMCCAIN	John McCain	132	Spielzeug	US-amerikanischer Politiker, Präsidentschaftskandidat
DEMILOVATO	Demi Lovato	132	Spielzeug	US-amerikanische Schauspielerin und Sängerin
NINTENDO	Nintendo	131	Börsenunternehmen|Videospielentwickler|Spieleentwickler	japanischer Entwickler und Vertreiber von Videospielen und Spielkonsolen
SHIKOKU	Shikoku	131	Insel	kleinste der vier Hauptinseln Japans
HANGZHOU	Hangzhou	131	Großstadt	Hauptstadt von Zhejiang, China
IRKUTSK	Irkutsk	131	Großstadt|Stadt	Hauptstadt der russischen Oblast Irkutsk, Sibirien im Osten Russlands
OAKLAND	Oakland	131	Großstadt	Großstadt im US-Bundesstaat Kalifornien
CASTRIES	Castries	131	Stadt	Stadt in St. Lucia
RAUMFAHRER	Raumfahrer	131	Beruf	Teilnehmer an einer bemannten Expedition in den Weltraum
ETYMOLOGIE	Etymologie	131	Fachgebiet	Studie der Geschichte von Wörtern, ihren Ursprüngen und wie ihre Form und Bedeutung sich über die Zeit verändert haben
HOLMIUM	Holmium	131	Chemisches Element	chemisches Element mit dem Symbol Ho und der Ordnungszahl 67
SEINE	Seine	131	Fluss	Strom zum Atlantik im Norden Frankreichs
THEMSE	Themse	131	Fluss	Fluss in Südengland
SCHHNME	Schāhnāme	131	Literarisches Werk	Lebenswerk des persischen Dichters Abū ʾl-Qāsim Firdausī
TAGALOG	Tagalog	131	Sprache	austronesische Sprache auf den Philippinen
LEONARDCOHEN	Leonard Cohen	131	Spielzeug	kanadischer Sänger und Dichter (1934–2016)
UNICODE	Unicode	131	Spielzeug	internationaler Standard zur Definition aller Schriftzeichen mit einem digitalen Code
PIERRECURIE	Pierre Curie	131	Spielzeug	Französischer Physiker und Nobelpreisträger
CLAUDEDEBUSSY	Claude Debussy	131	Spielzeug	französischer Komponist (1862–1918)
HERMANMELVILLE	Herman Melville	131	Spielzeug	US-amerikanischer Schriftsteller, Dichter und Essayist
ANTONIGAUD	Antoni Gaudí	131	Spielzeug	spanischer Architekt des katalanischen Modernismus
POLPOT	Pol Pot	131	Spielzeug	Generalsekretär der kommunistischen Partei Kambodschas, Diktator
AVERROS	Averroës	131	Spielzeug	spanisch-arabischer Philosoph und Arzt
ROBERTSCHUMANN	Robert Schumann	131	Spielzeug	Komponist, Musikkritiker und Dirigent
JULIAROBERTS	Julia Roberts	131	Spielzeug	US-amerikanische Schauspielerin
AUGUSTERODIN	Auguste Rodin	131	Spielzeug	französischer Bildhauer und Zeichner (1840–1917)
GWYNETHPALTROW	Gwyneth Paltrow	131	Spielzeug	US-amerikanische Schauspielerin
HENRIPOINCARE	Henri Poincaré	131	Spielzeug	französischer Mathematiker und Theoretischer Physiker
EMILYBRONT	Emily Brontë	131	Spielzeug	britische Schriftstellerin (1818–1848)
METALLICA	Metallica	130	Musikgruppe	US-amerikanische Metal-Band
WEIHNACHTSMANN	Weihnachtsmann	130	Fiktiver Mensch|Animierte Figur|Fernsehfigur|Comicfigur|Spielzeug	fiktive Figur
HANDBALL	Handball	130	Sportart|Spiel	Mannschaftssport mit geworfenem Ball und Toren
FORTWORTH	Fort Worth	130	Großstadt	Stadt in Texas
WINNIPEG	Winnipeg	130	Großstadt	Hauptstadt der kanadischen Provinz Manitoba
ADANA	Adana	130	Stadt	Stadt in der südlichen Türkei
RECIFE	Recife	130	Stadt	Hauptstadt des Bundesstaates Pernambuco, Brasilien
STGEORGES	St. George’s	130	Stadt	Hauptstadt des karibischen Inselstaates Grenada
COPERNICIUM	Copernicium	130	Chemisches Element	chemisches Element mit dem Symbol Cn und der Ordnungszahl 112.
NIHONIUM	Nihonium	130	Chemisches Element	chemisches Element mit dem Symbol Nh und der Ordnungszahl 113
TIGRIS	Tigris	130	Fluss	Fluss, der durch Asien fließt
CALIGULA	Caligula	130	Spielzeug	dritter römischer Kaiser
WILHELMII	Wilhelm II.	130	Spielzeug	als König von Preußen letzter Deutscher Kaiser von 1888 bis 1918 (1859–1941)
AKIHITO	Akihito	130	Spielzeug	emeritierter Kaiser von Japan, 125. Tennō
LHAMLIYEV	İlham Əliyev	130	Spielzeug	aserbaidschanischer Politiker
JOSIPBROZ	Josip Broz	130	Spielzeug	Partisanenführer und Staatspräsident der Sozialistischen Föderativen Republik Jugoslawien (1892−1980)
TRIER	Trier	129	Großstadt|Stadt	kreisfreie Großstadt in Rheinland-Pfalz
PERUGIA	Perugia	129	Großstadt|Stadt	italienische Gemeinde
ASTRACHAN	Astrachan	129	Großstadt	Stadt an der Wolga in Russland
MANAUS	Manaus	129	Großstadt	Stadt in Brasilien, Hauptstadt des Bundesstaates Amazonas
YORK	York	129	Großstadt|Stadt	Stadt im Vereinigten Königreich
SIENA	Siena	129	Stadt	italienische Stadt in der Toskana
DOVER	Dover	129	Stadt	Hauptstadt des US-Bundesstaats Delaware
TIMBUKTU	Timbuktu	129	Stadt	Oasenstadt im Staat Mali, historisches Handelszentrum am Rand des Sahel
RAMALLAH	Ramallah	129	Stadt	Stadt im Westjordanland
MOSCOVIUM	Moscovium	129	Chemisches Element	künstliches chemisches Element mit dem Symbol Mc und der Ordnungszahl 115
TADSCHIKISCH	Tadschikisch	129	Sprache	moderne Varietät des Persischen
MALAYALAM	Malayalam	129	Sprache	indische Sprache aus der dravidischen Sprachfamilie
DIODE	Diode	129	Spielzeug	elektrisches Bauelement,das elektrischen Strom nur in einer Richtung passieren lässt
KRISHNA	Krishna	129	Spielzeug	hinduistischer Gott
TITUSLIVIUS	Titus Livius	129	Spielzeug	römischer Geschichtsschreiber
HELMUTKOHL	Helmut Kohl	129	Spielzeug	deutscher Politiker (CDU), 6. Bundeskanzler der Bundesrepublik Deutschland (1982–1998)
FIRDAUSI	Firdausi	129	Spielzeug	persischer Dichter und Nationalheld
JOSEPHCONRAD	Joseph Conrad	129	Spielzeug	polnisch-britischer Schriftsteller (1857–1924)
ADAMMICKIEWICZ	Adam Mickiewicz	129	Spielzeug	polnischer Dichter der Romantik
SALMANRUSHDIE	Salman Rushdie	129	Spielzeug	britisch-indischer Schriftsteller und Essayist
AMYWINEHOUSE	Amy Winehouse	129	Spielzeug	britische Sängerin und Songschreiberin (1983–2011)
HARUKIMURAKAMI	Haruki Murakami	129	Spielzeug	japanischer Autor
EUROPARAT	Europarat	129	Organisation	europäische internationale Organisation, gegründet 1949
SPIDERMAN	Spider-Man	128	Comicfigur	Comic-Superheld
BUCHARA	Buchara	128	Großstadt|Stadt	Stadt in Usbekistan
MANNHEIM	Mannheim	128	Großstadt	Groß- und Universitätsstadt in Baden-Württemberg, Deutschland
MAASTRICHT	Maastricht	128	Großstadt	Stadt in den Niederlanden
LINCOLN	Lincoln	128	Großstadt	Hauptstadt des US-Bundesstaats Nebraska
ABERDEEN	Aberdeen	128	Großstadt|Stadt	Stadt in Schottland
MADISON	Madison	128	Großstadt	Hauptstadt des US-Bundesstaates Wisconsin
GAZA	Gaza	128	Großstadt|Stadt	Stadt im Gazastreifen, Palästina
CHRISTCHURCH	Christchurch	128	Großstadt|Stadt	Stadt und eine zur Region Canterbury zählende Verwaltungseinheit auf der Südinsel von Neuseeland
PUNE	Pune	128	Stadt	Stadt in Indien
KONSTANTINOPEL	Konstantinopel	128	Stadt	früherer Name des heutigen Istanbul
THULIUM	Thulium	128	Chemisches Element	chemisches Element mit dem Symbol Tm und der Ordnungszahl 69
LIVERMORIUM	Livermorium	128	Chemisches Element	chemisches Element mit dem Symbol Lv und der Ordnungszahl 116
BASCHKIRISCH	Baschkirisch	128	Sprache	Turksprache
JAVANISCH	Javanisch	128	Sprache	austronesische Sprache
ABCHASISCH	Abchasisch	128	Sprache	nordwestkaukasische Sprache
MORI	Māori	128	Sprache	Von Neuseelands Māori gesprochene polynesische Sprache
BIRMANISCH	Birmanisch	128	Sprache	Amtssprache in Myanmar
NAPOLEONIII	Napoleon III.	128	Spielzeug	französischer Staatspräsident, Kaiser der Franzosen (1808–1873)
KURTCOBAIN	Kurt Cobain	128	Spielzeug	US-amerikanischer Rockmusiker (1967–1994)
LUXUN	Lu Xun	128	Spielzeug	chinesischer Schriftsteller und Leitfigur der modernen, chinesischen Literatur
GEORGECLOONEY	George Clooney	128	Spielzeug	US-amerikanisch-französischer Schauspieler und Regisseur
ROSAPARKS	Rosa Parks	128	Spielzeug	US-amerikanische Bürgerrechtlerin (1913–2005)
SCHIMONPERES	Schimon Peres	128	Spielzeug	israelischer Politiker (1923–2016)
SANDRABULLOCK	Sandra Bullock	128	Spielzeug	US-amerikanische Schauspielerin, Filmproduzentin und Synchronsprecherin
GORDONBROWN	Gordon Brown	128	Spielzeug	britischer Politiker, ehem. Premierminister (2007–2010)
KARLPOPPER	Karl Popper	128	Spielzeug	österreichisch-britischer Philosoph und Wissenschaftstheoretiker
MICHELFOUCAULT	Michel Foucault	128	Spielzeug	französischer Philosoph (1926–1984)
WANGARIMAATHAI	Wangari Maathai	128	Spielzeug	kenianische Umweltaktivistin und Friedensnobelpreisträgerin (1940–2011)
JOHANCRUYFF	Johan Cruyff	128	Spielzeug	niederländischer Fußballspieler und -trainer (1947-2016)
HISBOLLAH	Hisbollah	128	Partei	vom Iran unterstützte schiitisch-islamistische politische Partei und bewaffnete Organisation im Libanon
KZAUSCHWITZ	KZ Auschwitz	128	Museum	deutscher Lagerkomplex in Polen und das größte Vernichtungslager in der Zeit des Nationalsozialismus
RAVENNA	Ravenna	127	Großstadt|Stadt	italienische Gemeinde
GROSNY	Grosny	127	Großstadt	Hauptstadt der Tschetschenischen Republik
CHARLOTTE	Charlotte	127	Großstadt	Großstadt im US-Bundesstaat North Carolina
DUISBURG	Duisburg	127	Großstadt	kreisfreie Stadt in Nordrhein-Westfalen
AARHUS	Aarhus	127	Großstadt	Großstadt in Dänemark
FUKUOKA	Fukuoka	127	Großstadt	Großstadt in Japan
TAMPA	Tampa	127	Großstadt	Stadt in Florida
KLAIPDA	Klaipėda	127	Großstadt|Stadt	Hafenstadt in Litauen
LUETTICH	Lüttich	127	Stadt	Stadt in Wallonien, Belgien
KUOPIO	Kuopio	127	Stadt	Stadt in Finnland
HONIARA	Honiara	127	Stadt	Hauptstadt der Salomonen
MONTBLANC	Mont Blanc	127	Berg	höchster Berg der Alpen
TATAREN	Tataren	127	Ethnie	Ethnie
SCHLESISCH	Schlesisch	127	Sprache	westslawische Sprache
HERTAMUELLER	Herta Müller	127	Spielzeug	rumäniendeutsche Schriftstellerin und Literaturnobelpreisträgerin (* 1953)
JACKNICHOLSON	Jack Nicholson	127	Spielzeug	US-amerikanischer Schauspieler
JENNIFERANISTON	Jennifer Aniston	127	Spielzeug	amerikanische Schauspielerin
ZHUXI	Zhu Xi	127	Spielzeug	bedeutendster Neokonfuzianer Chinas (1130–1200)
ANTONIOGRAMSCI	Antonio Gramsci	127	Spielzeug	italienischer Schriftsteller, Politiker und Philosoph sowie ein Theoretiker des Kommunismus (1891–1937)
SUKARNO	Sukarno	127	Spielzeug	indonesischer Politiker
FRANZLISZT	Franz Liszt	127	Spielzeug	ungarischer Komponist und Pianist der Romantik
STEVENSEAGAL	Steven Seagal	127	Spielzeug	US-amerikanisch-russisch-serbischer Schauspieler, Filmproduzent, Regisseur, Musiker, Polizist und Kampfsportler
HESIOD	Hesiod	127	Spielzeug	griechischer Dichter
MORGANFREEMAN	Morgan Freeman	127	Spielzeug	US-amerikanischer Schauspieler
BABYLON	Babylon	127	Ausgrabungsstätte	Hauptstadt Babyloniens
SOUTHPARK	South Park	126	Animationsserie	US-amerikanische Fernsehserie
SULAWESI	Sulawesi	126	Insel	indonesische Insel
ULM	Ulm	126	Großstadt|Stadt	Großstadt in Baden-Württemberg, Deutschland
SMOLENSK	Smolensk	126	Großstadt	Hauptstadt der Oblast Smolensk in Zentralrussland
TRONDHEIM	Trondheim	126	Großstadt|Stadt	Stadt in Trøndelag in Norwegen, Nidaros
PORTOALEGRE	Porto Alegre	126	Großstadt	brasilianische Metropole, Hauptstadt des Bundesstaates Rio Grande do Sul
OMAHA	Omaha	126	Großstadt	größte Stadt des US-Bundesstaats Nebraska
SAPORISCHSCHJA	Saporischschja	126	Großstadt	Hauptstadt der Oblast Saporischschja in der südöstlichen Ukraine
ACMILAN	AC Milan	126	Fußballverein	italienischer Fußballklub
CORITIBAFC	Coritiba FC	126	Fußballverein	brasilianischer Fußballverein
LANDWIRT	Landwirt	126	Beruf	Person, die Landwirtschaft betreibt
PROPHET	Prophet	126	Beruf	Person, die beansprucht für göttliche Wesen zu sprechen
FINANZEN	Finanzen	126	Fachgebiet	Sammelbegriff für das Finanzwesen und die Finanzwirtschaft
FLEROVIUM	Flerovium	126	Chemisches Element	chemisches Element mit dem Symbol Fl und der Ordnungszahl 114
SINTMAARTEN	Sint Maarten	126	Land	südlicher Teil der Karibikinsel St. Martin, eines der vier autonomen Länder des Königreiches der Niederlande
BUCHMORMON	Buch Mormon	126	Schriftwerk	religiöse Schrift der Mormonen
UIGUREN	Uiguren	126	Ethnie	Ethnie in Asien
GUJARATI	Gujarati	126	Sprache	indogermanische Sprache
UIGURISCH	Uigurisch	126	Sprache	Turksprache in China (Ostturkestan), Kirgisistan, Kasachstan
QUECHUA	Quechua	126	Sprache	Gruppe eng miteinander verwandter indigener Sprachvarietäten, die im Andenraum Südamerikas gesprochen werden
ISIZULU	isiZulu	126	Sprache	Nguni-Sprache
LUDWIGXVI	Ludwig XVI.	126	Spielzeug	König von Frankreich und Navarra von 1774 bis 1791, dann König der Franzosen von 1791 bis 1792
AMELIAEARHART	Amelia Earhart	126	Spielzeug	US-amerikanische Flugpionierin und Frauenrechtlerin
FRANCESCOTOTTI	Francesco Totti	126	Spielzeug	italienischer Fussballspieler
JEREMYRENNER	Jeremy Renner	126	Spielzeug	US-amerikanischer Schauspieler und Musiker
THEODORMOMMSEN	Theodor Mommsen	126	Spielzeug	deutscher Historiker und Altertumswissenschaftler (1817–1903)
JIMCARREY	Jim Carrey	126	Spielzeug	kanadisch-US-amerikanischer Filmschauspieler und Komiker
HANNAHARENDT	Hannah Arendt	126	Spielzeug	deutsch-US-amerikanische Politologin und Philosophin (1906–1975)
OLAFSCHOLZ	Olaf Scholz	126	Spielzeug	deutscher Politiker (SPD), neunter Bundeskanzler der Bundesrepublik Deutschland (2021–2025), MdB
AMITABHBACHCHAN	Amitabh Bachchan	126	Spielzeug	indischer Schauspieler
MARIAHCAREY	Mariah Carey	126	Spielzeug	US-amerikanische Sängerin
HAMMURAPII	Hammurapi I.	126	Spielzeug	König der ersten Dynastie von Babylonien
TOSHIRMIFUNE	Toshirō Mifune	126	Spielzeug	japanischer Schauspieler (1920–1997)
STEFANZWEIG	Stefan Zweig	126	Spielzeug	österreichischer Schriftsteller (1881–1942)
TOMCRUISE	Tom Cruise	126	Spielzeug	US-amerikanischer Schauspieler
EMMAGOLDMAN	Emma Goldman	126	Spielzeug	US-amerikanische Anarchistin und Friedensaktivistin
ELFRIEDEJELINEK	Elfriede Jelinek	126	Spielzeug	österreichische Schriftstellerin
AYNRAND	Ayn Rand	126	Spielzeug	US-amerikanische Schriftstellerin und Philosophin russischer Herkunft
CHEOPSPYRAMIDE	Cheops-Pyramide	126	Ausgrabungsstätte	älteste und größte der drei Pyramiden von Gizeh
BTS	BTS	125	Musikgruppe	südkoreanische Band
TARENT	Tarent	125	Großstadt|Stadt	italienische Gemeinde
SIMFEROPOL	Simferopol	125	Großstadt	Hauptstadt der Autonomen Republik Krim, Ukraine
WELIKINOWGOROD	Weliki Nowgorod	125	Großstadt	russische Großstadt nördlich des Ilmensees
MUENSTER	Münster	125	Großstadt	Stadt in Nordrhein-Westfalen, Deutschland
LANSING	Lansing	125	Großstadt	Stadt im US-Bundesstaat Michigan
ANGERS	Angers	125	Großstadt|Stadt	französische Gemeinde
LUCKNOW	Lucknow	125	Großstadt	Hauptstadt des Bundesstaates Uttar Pradesh, Indien
TANGER	Tanger	125	Großstadt|Stadt	Hauptstadt der Region Tanger-Tétouan-Al Hoceïma, Marokko
ROSEAU	Roseau	125	Stadt	Stadt in Dominica
CAYENNE	Cayenne	125	Stadt	französische Gemeinde
FORTALEZA	Fortaleza	125	Stadt	Stadt in Brasilien
HIPHOP	Hip-Hop	125	Musikgenre	Musikgenre
FCARSENAL	FC Arsenal	125	Fußballverein	Fußballverein aus London, England, Großbritannien
TALMUD	Talmud	125	Literarisches Werk	zentrale Auslegungen der Tora des Judentums
KHMER	Khmer	125	Sprache	Amtssprache Kambodschas
TURKMENISCH	Turkmenisch	125	Sprache	südwesttürkische Sprache innerhalb der Turksprachen
CHILIPFEFFER	Chilipfeffer	125	Spielzeug	scharf schmeckende Paprikasorten
YAHOO	Yahoo	125	Spielzeug	Internetunternehmen aus Kalifornien
GEORGEHARRISON	George Harrison	125	Spielzeug	englischer Musiker und Komponist (1943–2001)
JOSEPHBRODSKY	Joseph Brodsky	125	Spielzeug	russisch-US-amerikanischer Dichter
ROBERTKOCH	Robert Koch	125	Spielzeug	deutscher Mediziner und Mikrobiologe (1843–1910)
ANDREWGARFIELD	Andrew Garfield	125	Spielzeug	US-amerikanisch-britischer Schauspieler
KARLV	Karl V.	125	Spielzeug	Habsburger, Römisch-deutscher König und Kaiser, König von Spanien, Landesherr der Niederlande (1500-1558)
SERENAWILLIAMS	Serena Williams	125	Spielzeug	US-amerikanische Tennisspielerin
OLIVERCROMWELL	Oliver Cromwell	125	Spielzeug	englischer Heerführer und Politiker (1599–1658)
GABRIELAMISTRAL	Gabriela Mistral	125	Spielzeug	Chilenische Dichterin, Diplomat und Nobelpreisträgerin
EMILEDURKHEIM	Émile Durkheim	125	Spielzeug	französischer Soziologe und Ethnologe (1858-1917)
PAULVI	Paul VI.	125	Spielzeug	262. Papst der katholischen Kirche
NADINEGORDIMER	Nadine Gordimer	125	Spielzeug	südafrikanische Schriftstellerin
MALLORCA	Mallorca	124	Insel	Hauptinsel der spanischen Balearen im Mittelmeer
GOETTINGEN	Göttingen	124	Großstadt	Großstadt in Niedersachsen, Deutschland
TUCSON	Tucson	124	Großstadt	Großstadt im US-Bundesstaat Arizona
PARMA	Parma	124	Großstadt|Stadt	italienische Gemeinde
AUGSBURG	Augsburg	124	Großstadt	kreisfreie Großstadt in Bayern, Deutschland
LUBLIN	Lublin	124	Großstadt|Stadt	Hauptstadt der gleichnamigen Woiwodschaft im Osten Polens
NUKUALOFA	Nukuʻalofa	124	Stadt	Hauptstadt von Tonga
AJACCIO	Ajaccio	124	Stadt	französische Gemeinde
FES	Fès	124	Stadt	Hauptstadt der marokkanischen Region Fès-Meknès
KAISER	Kaiser	124	Beruf	Herrschaftstitel, abgeleitet vom lateinischen Eigennamen des Gaius Iulius Caesar
TENNESS	Tenness	124	Chemisches Element	chemisches Element mit dem Symbol Ts und der Ordnungszahl 117
JORDAN	Jordan	124	Fluss	Fluss zum abflusslosen Toten Meer im Nahen Osten
ERSTERMAI	Erster Mai	124	Feiertag	Tag der Arbeit
ASSAMESISCH	Assamesisch	124	Sprache	Sprache aus dem indoarischen Zweig der indoiranischen Untergruppe der indogermanischen Sprachen
TSCHETSCHENISCH	Tschetschenisch	124	Sprache	nordostkaukasische Sprache
HAUSA	Hausa	124	Sprache	afroasiatische Sprache, meistgesprochene Handelssprache in Westzentralafrika
HINDUSTANI	Hindustani	124	Sprache	nordindische Sprache
WILLYBRANDT	Willy Brandt	124	Spielzeug	deutscher Politiker (SPD) und Journalist, 4. Bundeskanzler der Bundesrepublik Deutschland (1969–1974), Friedensnobelpreisträger
SELENA	Selena	124	Spielzeug	amerikanische Tejano-Sängerin
FREDERICMISTRAL	Frédéric Mistral	124	Spielzeug	französischer Dichter und Linguist, Nobelpreisträger für Literatur
KEANUREEVES	Keanu Reeves	124	Spielzeug	kanadischer Schauspieler
ROBERTBURNS	Robert Burns	124	Spielzeug	schottischer Dichter und Texter
EVA	Eva	124	Spielzeug	erste Frau, laut der Bibel
LUKREZ	Lukrez	124	Spielzeug	Philosoph der Antike
WILLIAMJAMES	William James	124	Spielzeug	US-amerikanischer Psychologe und Philosoph (1842–1910)
EDMUNDBURKE	Edmund Burke	124	Spielzeug	britisch-irischer konservativer Staatsphilosoph und Politiker
VOLKSWAGEN	Volkswagen	123	Autohersteller	Stammmarke der Volkswagen AG
TAHITI	Tahiti	123	Insel	Insel im Südpazifik
ORLEANS	Orléans	123	Großstadt	Stadt in Frankreich
METZ	Metz	123	Großstadt	Stadt in Frankreich
KANSASCITY	Kansas City	123	Großstadt	Stadt im US-Bundesstaat Missouri
REIMS	Reims	123	Großstadt	französische Gemeinde
CLERMONTFERRAND	Clermont-Ferrand	123	Großstadt	Gemeinde in Frankreich
LEHAVRE	Le Havre	123	Großstadt	französische Gemeinde und Hafenstadt im Nordwesten Frankreichs am Ärmelkanal
CLUJNAPOCA	Cluj-Napoca	123	Großstadt|Stadt	zweitgrößte Stadt Rumäniens
MAJURO	Majuro	123	Stadt	Hauptstadt der Marshallinseln
BASSETERRE	Basseterre	123	Stadt	Stadt in St. Kitts und Nevis
REGGAE	Reggae	123	Musikgenre	Musikrichtung jamaikanischen Ursprungs
INTERMAILAND	Inter Mailand	123	Fußballverein	Fußballverein aus Mailand, Italien
MATHEMATIKER	Mathematiker	123	Beruf	Person mit weitreichenden mathematischen Kenntnissen
SAENGER	Sänger	123	Beruf	Person, die singt
ASERBAIDSCHANER	Aserbaidschaner	123	Ethnie	turksprachige Ethnie in der östlichen Kaukasusregion
TIBETISCH	Tibetisch	123	Sprache	tibeto-birmanische Sprache
SICHEL	Sichel	123	Werkzeug	Werkzeug zum Schneiden kleiner Mengen von Getreide und Gras
SALVADORALLENDE	Salvador Allende	123	Spielzeug	Arzt und von 1970 bis 1973 Präsident Chiles
SULLYPRUDHOMME	Sully Prudhomme	123	Spielzeug	französischer Dichter, erster Nobelpreisträger für Literatur (1901)
INGRIDBERGMAN	Ingrid Bergman	123	Spielzeug	schwedische Schauspielerin (1915–1982)
GIOSUECARDUCCI	Giosuè Carducci	123	Spielzeug	italienischer Dichter und Redner und Nobelpreisträger für Literatur
BINGCROSBY	Bing Crosby	123	Spielzeug	US-amerikanischer Sänger und Schauspieler
TYCHOBRAHE	Tycho Brahe	123	Spielzeug	dänischer Astronom
KYLIEMINOGUE	Kylie Minogue	123	Spielzeug	australische Sängerin
PAULDIRAC	Paul Dirac	123	Spielzeug	britischer Physiker und Mitbegründer des Gebiets der Quantenphysik
COCOCHANEL	Coco Chanel	123	Spielzeug	französische Modedesignerin und Unternehmerin
CZESAWMIOSZ	Czesław Miłosz	123	Spielzeug	polnischer Dichter, Künstler, Diplomat und Nobelpreisträger
TAEKWONDO	Taekwondo	122	Sportart	koreanischer Kampfsport
HISPANIOLA	Hispaniola	122	Insel	zweitgrößte der Westindischen Inseln
CHABAROWSK	Chabarowsk	122	Großstadt	Stadt am Amur in Russland
ANCONA	Ancona	122	Großstadt|Stadt	italienische Gemeinde
ELPASO	El Paso	122	Großstadt	Stadt im US-amerikanischen Bundesstaat Texas
BOZEN	Bozen	122	Großstadt	Hauptstadt von Südtirol, Italien
UERUEMQI	Ürümqi	122	Großstadt	Hauptstadt des Uigurischen Autonomen Gebietes Xinjiang in China
SCHWERIN	Schwerin	122	Großstadt|Stadt	Landeshauptstadt und kreisfreie Stadt in Mecklenburg-Vorpommern, Deutschland
NANCY	Nancy	122	Großstadt	französische Gemeinde
NOTTINGHAM	Nottingham	122	Großstadt|Stadt	Stadt in England, Vereinigtes Königreich
SHEFFIELD	Sheffield	122	Großstadt|Stadt	Stadt in Großbritannien
SAINTETIENNE	Saint-Étienne	122	Großstadt	französische Gemeinde
MONTERREY	Monterrey	122	Großstadt|Stadt	Millionenstadt in Mexiko
FUNAFUTI	Funafuti	122	Stadt	Hauptstadt von Tuvalu
ELBASAN	Elbasan	122	Stadt	Stadt in Albanien
ELBE	Elbe	122	Fluss	mitteleuropäischer Strom zur Nordsee in Tschechien und Deutschland
KALLIGRAFIE	Kalligrafie	122	Kunstrichtung	Kunst des Schönschreibens
BILDENDEKUNST	Bildende Kunst	122	Kunstrichtung	Sammelbegriff für die visuell gestaltenden Künste
ZAZASPRACHE	Zaza-Sprache	122	Sprache	iranische Sprache, die vom Zaza-Volk in der Türkei gesprochen wird
SCHREIBSTIFT	Schreibstift	122	Werkzeug	Schreibgerät
ZIMT	Zimt	122	Spielzeug	Gewürz aus der getrockneten Rinde von Zimtbäumen
TRANSFORMATOR	Transformator	122	Spielzeug	Bauelement der Elektrotechnik zur Umwandlung der Spannung von Wechselstrom
PIUSXII	Pius XII.	122	Spielzeug	260. Papst der katholischen Kirche
NOSTRADAMUS	Nostradamus	122	Spielzeug	französischer Arzt und Seher
EVOMORALES	Evo Morales	122	Spielzeug	ehemaliger bolivianischer Politiker und Staatspräsident
EUGENEDELACROIX	Eugène Delacroix	122	Spielzeug	französischer Maler (1798–1863)
MEHMEDII	Mehmed II.	122	Spielzeug	osmanischer Sultan
JANEFONDA	Jane Fonda	122	Spielzeug	US-amerikanische Schauspielerin und Aktivistin
MUHAMMADYUNUS	Muhammad Yunus	122	Spielzeug	bangladeschischer Wirtschaftswissenschaftler und Politiker
HUJINTAO	Hu Jintao	122	Spielzeug	ehemaliger Generalsekretär der Kommunistischen Partei Chinas
POMPEJI	Pompeji	122	Ausgrabungsstätte	antike Stadt nahe Neapel in Italien
MERCEDESBENZ	Mercedes-Benz	121	Unternehmen	deutsche Automarke des Herstellers Mercedes-Benz AG
ANTOFAGASTA	Antofagasta	121	Großstadt	Stadt in der Región de Antofagasta, Chile
LIVORNO	Livorno	121	Großstadt	italienische Hafenstadt in der Toskana
KRASNOJARSK	Krasnojarsk	121	Großstadt	Großstadt in Russland
JAROSLAWL	Jaroslawl	121	Großstadt	Stadt in Russland
CHEMNITZ	Chemnitz	121	Großstadt	Großstadt in Sachsen, Deutschland
BUFFALO	Buffalo	121	Großstadt	US-amerikanische Stadt im Staat New York
TRABZON	Trabzon	121	Großstadt|Stadt	Stadt im Nordosten der Türkei
BHOPAL	Bhopal	121	Großstadt|Stadt	Millionenstadt in Madhya Pradesh, Indien
AVIGNON	Avignon	121	Stadt	Stadt und Gemeinde in der Provence in Südfrankreich
TSCHUWASCHISCH	Tschuwaschisch	121	Sprache	isolierte Turksprache (Rhotazismus)
OSSETISCH	Ossetisch	121	Sprache	Sprache
ROWANATKINSON	Rowan Atkinson	121	Spielzeug	britischer Komiker und Schauspieler
PIUSXI	Pius XI.	121	Spielzeug	259. Papst der katholischen Kirche (1922-1939)
NICOLASCAGE	Nicolas Cage	121	Spielzeug	US-amerikanischer Schauspieler, Filmproduzent und Oscar-Preisträger
JEANCOCTEAU	Jean Cocteau	121	Spielzeug	französischer Schriftsteller, Regisseur, Maler und Choreograf
FRANCISDRAKE	Francis Drake	121	Spielzeug	englischer Freibeuter, Entdecker, Admiral, erster englischer Weltumsegler
JOHNGALSWORTHY	John Galsworthy	121	Spielzeug	englischer Schriftsteller und Dramatiker (1867-1933)
SIGOURNEYWEAVER	Sigourney Weaver	121	Spielzeug	US-amerikanische Schauspielerin
OCTAVIOPAZ	Octavio Paz	121	Spielzeug	mexikanischer Schriftsteller, Diplomat und Nobelpreisträger
KURTVONNEGUT	Kurt Vonnegut	121	Spielzeug	US-amerikanischer Schriftsteller
LEDZEPPELIN	Led Zeppelin	120	Musikgruppe	britische Rockband
REGENSBURG	Regensburg	120	Großstadt	Großstadt in Bayern, Deutschland
WUERZBURG	Würzburg	120	Großstadt|Stadt	Großstadt in Bayern, Deutschland
SYRAKUS	Syrakus	120	Großstadt|Stadt	italienische Gemeinde
BATUMI	Batumi	120	Großstadt|Stadt	Stadt in Georgien
CHANDIGARH	Chandigarh	120	Großstadt|Stadt	Unionsterritorium und Hauptstadt der Bundesstaaten Punjab und Haryana, Indien
FRESNO	Fresno	120	Großstadt	Stadt im US-Bundesstaat Kalifornien
GAZIANTEP	Gaziantep	120	Großstadt|Stadt	Stadt in der Türkei
LUGANO	Lugano	120	Stadt	Stadt im Kanton Tessin, Schweiz
PALIKIR	Palikir	120	Stadt	Hauptstadt der Föderierten Staaten von Mikronesien
MUSIKER	Musiker	120	Beruf	Person, die Musik komponiert oder interpretiert
STUDENT	Student	120	Beruf	Person, die an einer Hochschule eingeschrieben ist und dort eine akademische Ausbildung oder hochschulmäßige Weiterbildung betreibt
DRAMA	Drama	120	Fachgebiet	grundlegende Gattung der Literatur
ROEMER	Römer	120	Literarisches Werk	Buch der Bibel
NARUTO	Naruto	120	Manga	japanische Manga-Reihe für Kinder
SCOTS	Scots	120	Sprache	westgermanische Sprache in Schottland und Nordirland
KORNISCH	Kornisch	120	Sprache	brythonische keltische Sprache, die in Cornwall beheimatet ist
HAWAIISCH	Hawaiisch	120	Sprache	Sprache der polynesischen Ureinwohner der Hawaii-Inseln
SERBOKROATISCH	Serbokroatisch	120	Sprache	südslawische Sprache
BATTERIE	Batterie	120	Spielzeug	Anordnung aus einer oder mehrerer elektrochemischer Zellen zur Versorgung von Geräten mit gespeicherter elektrischer Energie
AUGUSTOPINOCHET	Augusto Pinochet	120	Spielzeug	chilenischer Diktator
GRAZIADELEDDA	Grazia Deledda	120	Spielzeug	italienische Schriftstellerin
HEINRICHVIII	Heinrich VIII.	120	Spielzeug	König von England (1509-1547) und Herr bzw. König von Irland (1509-1541 bzw. 1541-1547)
JOHNWAYNE	John Wayne	120	Spielzeug	US-amerikanischer Schauspieler
JUSTINIANI	Justinian I.	120	Spielzeug	spätantiker (ost-)römischer Kaiser (527-565)
ANTHONYHOPKINS	Anthony Hopkins	120	Spielzeug	walisischer Schauspieler
HEINRICHBOELL	Heinrich Böll	120	Spielzeug	deutscher Schriftsteller und Literatur-Nobelpreisträger (1917–1985)
MAXBORN	Max Born	120	Spielzeug	deutscher Mathematiker und Physiker, Nobelpreisträger für Physik (1882–1970)
HEINRICHHIMMLER	Heinrich Himmler	120	Spielzeug	Kriegsverbrecher, deutscher Politiker (NSDAP), MdR, Reichsführer SS, Chef der Reichspolizei
SAULBELLOW	Saul Bellow	120	Spielzeug	US-amerikanischer Schriftsteller
EDVARDMUNCH	Edvard Munch	120	Spielzeug	norwegischer Maler und Grafiker (1863–1944)
IVOANDRI	Ivo Andrić	120	Spielzeug	jugoslawischer Schriftsteller
SINCLAIRLEWIS	Sinclair Lewis	120	Spielzeug	amerikanischer Schriftsteller, Nobelpreisträger
RINGEN	Ringen	119	Sportart	Kampf- und Kraftsport mit Ganzkörpereinsatz ohne weitere Hilfsmittel
LUZON	Luzon	119	Insel	größte Insel der Philippinen
BRUEGGE	Brügge	119	Großstadt|Stadt	Stadt in Westflandern, Belgien
WORONESCH	Woronesch	119	Großstadt	Hauptstadt der Oblast Woronesch in Zentralrussland
REGGIOCALABRIA	Reggio Calabria	119	Großstadt	italienische Gemeinde
KASSEL	Kassel	119	Großstadt	kreisfreie Bezirks- und Großstadt an der Fulda in Nordhessen, Deutschland
BREST	Brest	119	Großstadt	französische Hafenstadt in der Bretagne
NMES	Nîmes	119	Großstadt	Hauptstadt des Départements Gard im Süden Frankreichs
PILSEN	Pilsen	119	Großstadt|Stadt	tschechische Großstadt
MOSSUL	Mossul	119	Großstadt|Stadt	irakische Großstadt
PALMA	Palma	119	Stadt	Hauptstadt von Mallorca, Spanien
COMO	Como	119	Stadt	italienische Gemeinde
OULU	Oulu	119	Stadt	Stadt in der finnischen Landschaft Nordösterbotten
MONGOLEN	Mongolen	119	Ethnie	asiatische Ethnie
KICHERERBSE	Kichererbse	119	Spielzeug	Art der Gattung Kichererbsen (Cicer)
DACH	Dach	119	Spielzeug	bedeckt den oberen Teil eines Gebäudes
GRACEKELLY	Grace Kelly	119	Spielzeug	US-amerikanische Schauspielerin und Fürstin von Monaco (1929–1982)
TIBERIUS	Tiberius	119	Spielzeug	zweiter römischer Kaiser
JEANRACINE	Jean Racine	119	Spielzeug	Autor der französischen Klassik
MILAKUNIS	Mila Kunis	119	Spielzeug	amerikanisch-ukrainische Schauspielerin
MIKEPENCE	Mike Pence	119	Spielzeug	48. Vizepräsident der Vereinigten Staaten (2017–2021)
PENELOPECRUZ	Penélope Cruz	119	Spielzeug	spanische Schauspielerin
RAYBRADBURY	Ray Bradbury	119	Spielzeug	US-amerikanischer Schriftsteller
MELGIBSON	Mel Gibson	119	Spielzeug	US-amerikanischer Schauspieler, Regisseur, Produzent und Drehbuchautor
JAMESCAMERON	James Cameron	119	Spielzeug	kanadischer Regisseur
DESMONDTUTU	Desmond Tutu	119	Spielzeug	südafrikanischer Kirchenmann, Politiker, Erzbischof und Friedensnobelpreisträger (1931–2021)
ARIELSCHARON	Ariel Scharon	119	Spielzeug	israelischer General und Politiker
PERIKLES	Perikles	119	Spielzeug	athenischer Staatsmann und General
NICOLAECEAUESCU	Nicolae Ceaușescu	119	Spielzeug	rumänischer Politiker, von 1965 bis 1989 Diktator der Sozialistischen Republik Rumänien
WILLIAMGOLDING	William Golding	119	Spielzeug	britischer Schriftsteller
SUHARTO	Suharto	119	Spielzeug	indonesischer Politiker und Kostrad-General
THOMASHARDY	Thomas Hardy	119	Spielzeug	englischer Schriftsteller (1840-1928)
SAADI	Saadi	119	Spielzeug	persischer Dichter und Mystiker
VOELKERBUND	Völkerbund	119	Internationale Organisation	ehemalige internationale Organisation zur Sicherung des Friedens
TELEGRAM	Telegram	118	App|Messenger|Online-Community	Instant-Messaging-Dienst
BMW	BMW	118	Unternehmen|Börsenunternehmen|Autohersteller	deutscher Automobil- und Motorradhersteller
BURGER	Burger	118	Gericht/Lebensmittel	Schnellgericht bestehend aus verschiedenen Belägen zwischen zwei Hälften eines Weichbrötchens
TISCHTENNIS	Tischtennis	118	Sportart	Ballsportart
MACHATSCHKALA	Machatschkala	118	Großstadt|Stadt	Hauptstadt der russischen Teilrepublik Dagestan
MODENA	Modena	118	Großstadt|Stadt	norditalienische Universitätsstadt
TOURS	Tours	118	Großstadt	Hauptstadt des französischen Departements Indre-et-Loire
BIELEFELD	Bielefeld	118	Großstadt	Großstadt in Nordrhein-Westfalen, Deutschland
SHENYANG	Shenyang	118	Großstadt	Stadt in der chinesischen Provinz Liaoning, Mukden
MERIDA	Mérida	118	Großstadt|Stadt	Hauptstadt des Bundesstaates Mérida in Venezuela
CAEN	Caen	118	Großstadt	französische Großstadt in der Normandie
SOUTHAMPTON	Southampton	118	Großstadt|Stadt	Hafenstadt im County Hampshire an der Südküste Englands
PATNA	Patna	118	Großstadt|Stadt	Millionenstadt in Bihar, Indien
MOMBASA	Mombasa	118	Großstadt|Stadt	Stadt in Kenia
CALAIS	Calais	118	Stadt	französische Gemeinde
KINGSTOWN	Kingstown	118	Stadt	Stadt in St. Vincent und die Grenadinen
SSCNEAPEL	SSC Neapel	118	Fußballverein	italienischer Fußballverein
MANCHESTERCITY	Manchester City	118	Fußballverein	Fußballverein aus Manchester, England
KUENSTLER	Künstler	118	Beruf	kreativ tätiger Mensch, der Kunstwerke schafft
PSYCHOANALYSE	Psychoanalyse	118	Fachgebiet	psychologische Theorie, die um 1890 von dem Wiener Neurologen Sigmund Freud begründet wurde
WEICHSEL	Weichsel	118	Fluss	mitteleuropäischer Strom zur Ostsee
MEKONG	Mekong	118	Fluss	Strom in Südostasien, der sechs Länder durchquert
AFROAMERIKANER	Afroamerikaner	118	Ethnie	Bezeichnung von Bürgern Kanadas oder der Vereinigten Staaten, die oder deren Vorfahren aus Subsaharaafrika stammen
SOMALI	Somali	118	Sprache	ostkuschitische Sprache in Somalia, Kenia, Äthiopien, Dschibuti
TAMARINDENBAUM	Tamarindenbaum	118	Spielzeug	Art der Gattung Tamarindus
RAMA	Rama	118	Spielzeug	siebente Inkarnation von Vishnu, einem hinduistischen Gott
PAULVERLAINE	Paul Verlaine	118	Spielzeug	französischer Lyriker des Symbolismus
MICHAILBULGAKOW	Michail Bulgakow	118	Spielzeug	russischsprachiger Schriftsteller
JACKSONPOLLOCK	Jackson Pollock	118	Spielzeug	US-amerikanischer Maler
JOHNNYCASH	Johnny Cash	118	Spielzeug	US-amerikanischer Country-Sänger (1932–2003)
ATTILA	Attila	118	Spielzeug	König der Hunnen
FRANOISMAURIAC	François Mauriac	118	Spielzeug	französischer Schriftsteller
PIUSX	Pius X.	118	Spielzeug	257. Papst der katholischen Kirche
CHER	Cher	118	Spielzeug	US-amerikanische Sängerin und Schauspielerin (* 1946)
CHARLIZETHERON	Charlize Theron	118	Spielzeug	südafrikanisch-US-amerikanische Schauspielerin
HUMPHREYBOGART	Humphrey Bogart	118	Spielzeug	US-amerikanischer Schauspieler
LINKINPARK	Linkin Park	117	Musikgruppe	amerikanische Rockband
SACHALIN	Sachalin	117	Insel	größte Insel Russlands
RIMINI	Rimini	117	Großstadt|Stadt	Stadt an der italienischen Adriaküste
BRAUNSCHWEIG	Braunschweig	117	Großstadt	Großstadt in Niedersachsen, Deutschland
LOUISVILLE	Louisville	117	Großstadt	Stadt im US-Bundesstaat Kentucky
KAYSERI	Kayseri	117	Großstadt|Stadt	türkische Stadt in der gleichnamigen Provinz
CARTAGENA	Cartagena	117	Großstadt	Hauptstadt des kolumbianischen Departamento de Bolívar
PETRA	Petra	117	Stadt|Ausgrabungsstätte	antike Felsenstadt in Jordanien
ARNHEIM	Arnheim	117	Stadt	Stadt und Gemeinde in der Provinz Gelderland, Niederlande
TIJUANA	Tijuana	117	Stadt	Stadt im Nordwesten von Mexiko
DERHOBBIT	Der Hobbit	117	Literarisches Werk	Buch von J. R. R. Tolkien
RICHTER	Richter	117	Literarisches Werk	Buch der Bibel
ARMENIER	Armenier	117	Ethnie	historisch aus dem östlichen Kleinasien und Südkaukasus stammendes Volk
ORIYA	Oriya	117	Sprache	indoarische Sprache
GUARAN	Guaraní	117	Sprache	Sprache
MALAGASY	Malagasy	117	Sprache	Sprache der austronesischen Sprachfamilie
PARFUEM	Parfüm	117	Produkt	alkoholische Mixtur, die verdampfend einen angenehmen Geruch erzeugt
TOILETTE	Toilette	117	Spielzeug	sanitäre Vorrichtung zur Aufnahme von Körperausscheidungen
ALESSANDROVOLTA	Alessandro Volta	117	Spielzeug	italienischer Physiker, Begründer der Elektrizitätslehre, Erfinder der Batterie
BRUCEWILLIS	Bruce Willis	117	Spielzeug	US-amerikanischer Schauspieler
ELTONJOHN	Elton John	117	Spielzeug	britischer Sänger und Pianist
IWANIV	Iwan IV.	117	Spielzeug	Zar von Russland
CHRISPINE	Chris Pine	117	Spielzeug	US-amerikanischer Schauspieler
MOHAMMEDMURSI	Mohammed Mursi	117	Spielzeug	ehemaliger ägyptischer Staatspräsident
VIKTORORBAN	Viktor Orbán	117	Spielzeug	rechtskonservativer ungarischer Politiker, Ministerpräsident von Ungarn von 1998 bis 2002 sowie 2010 bis 2026
ASTRIDLINDGREN	Astrid Lindgren	117	Spielzeug	schwedische Schriftstellerin
FERNANDOALONSO	Fernando Alonso	117	Spielzeug	spanischer Automobilrennfahrer (* 1981)
JODIEFOSTER	Jodie Foster	117	Spielzeug	US-amerikanische Schauspielerin, Filmregisseurin und Produzentin
JOHNTRAVOLTA	John Travolta	117	Spielzeug	US-amerikanischer Schauspieler
LIUXIAOBO	Liu Xiaobo	117	Spielzeug	chinesischer Schriftsteller, Dissident
SIGRIDUNDSET	Sigrid Undset	117	Spielzeug	norwegische Romanautorin, Novellistin und Essayistin
JOSHDUHAMEL	Josh Duhamel	117	Spielzeug	US-amerikanischer Schauspieler und ehemaliges Model
SOLON	Solon	117	Spielzeug	Staatsmann und Philosoph der Antike
JOHNRUSKIN	John Ruskin	117	Spielzeug	englischer Schriftsteller, Maler, Kunsthistoriker und Sozialphilosoph (1819–1900)
SPACEX	SpaceX	116	Unternehmen|Börsenunternehmen	US-amerikanisches Raumfahrtunternehmen
BASKINROBBINS	Baskin-Robbins	116	Unternehmen	US-amerikanische Speiseeiskette
TOYSTORY	Toy Story	116	Animationsfilm	Film von John Lasseter (1995)
RHODOS	Rhodos	116	Insel	Insel Griechenlands
OSTRAVA	Ostrava	116	Großstadt	Großstadt in Tschechien
EINDHOVEN	Eindhoven	116	Großstadt	Gemeinde in der niederländischen Provinz Nordbrabant
NEWARK	Newark	116	Großstadt	Gemeinde im US-Bundesstaat New Jersey
SANJUAN	San Juan	116	Großstadt	Hauptstadt Puerto Ricos
GUAYAQUIL	Guayaquil	116	Großstadt|Stadt	Millionenstadt in Ecuador
COLORADOSPRINGS	Colorado Springs	116	Großstadt	Stadt im US-Bundesstaat Colorado
GALATER	Galater	116	Literarisches Werk	Buch der Bibel
GENJIMONOGATARI	Genji Monogatari	116	Literarisches Werk	psychologischer Roman der japanischen Literaturgeschichte
AENEIS	Aeneis	116	Literarisches Werk	Epos von Vergil
DEUTSCHE	Deutsche	116	Ethnie	Bürger Deutschlands; Menschen, die der deutschen Sprache und Kultur angehören; Volksgruppe
KRIMTATARISCH	Krimtatarisch	116	Sprache	Sprache der Krimtataren
SARDISCH	Sardisch	116	Sprache	romanische Sprache auf Sardinien
ARAGONESISCH	Aragonesisch	116	Sprache	romanische Sprache
GRETAGARBO	Greta Garbo	116	Spielzeug	schwedische Filmschauspielerin
RINGOSTARR	Ringo Starr	116	Spielzeug	britischer Musiker
PERVEZMUSHARRAF	Pervez Musharraf	116	Spielzeug	pakistanischer Politiker und Militär, Präsident Pakistans
MANMOHANSINGH	Manmohan Singh	116	Spielzeug	indischer Premierminister
LEWISHAMILTON	Lewis Hamilton	116	Spielzeug	britischer Automobilrennfahrer
HAILESELASSIE	Haile Selassie	116	Spielzeug	letzter Kaiser von Äthiopien, Messiassymbol in der Rastafari-Bewegung
JANVERMEER	Jan Vermeer	116	Spielzeug	holländischer Maler (1632–1675)
BOBBYFISCHER	Bobby Fischer	116	Spielzeug	US-amerikanischer Schachspieler, Schachweltmeister 1972 bis 1975
HARRISONFORD	Harrison Ford	116	Spielzeug	US-amerikanischer Schauspieler
AISHWARYARAI	Aishwarya Rai	116	Spielzeug	indische Schauspielerin
ARETHAFRANKLIN	Aretha Franklin	116	Spielzeug	US-amerikanische Soul-Sängerin und Pianistin (1942–2018)
STRABON	Strabon	116	Spielzeug	altgriechischer Geschichtsschreiber und Geograph des 1. Jahrhunderts
WARSCHAUERPAKT	Warschauer Pakt	116	Internationale Organisation	Internationales Militärbündnis osteuropäischer Staaten (1955–1991)
AUDI	Audi	115	Unternehmen|Börsenunternehmen|Autohersteller	deutscher Automobilhersteller, Tochterunternehmen der Volkswagen AG
BATMAN	Batman	115	Fiktiver Mensch|Animierte Figur|Fernsehfigur|Comicfigur	fiktive Figur
SANDWICH	Sandwich	115	Gericht/Lebensmittel	Imbiss bestehend aus Brot mit Belag
KOBLENZ	Koblenz	115	Großstadt	kreisfreie Großstadt in Rheinland-Pfalz, Deutschland
GRONINGEN	Groningen	115	Großstadt|Stadt	Hauptstadt der Provinz Groningen in den Niederlanden
PERPIGNAN	Perpignan	115	Großstadt	französische Stadt in den Ostausläufern des Pyrenäen-Gebirges
WUPPERTAL	Wuppertal	115	Großstadt	Großstadt im Bergischen Land in Nordrhein-Westfalen
ODENSE	Odense	115	Großstadt	Großstadt auf der Insel Fünen in Dänemark
SPLIT	Split	115	Großstadt	zweitgrößte Stadt Kroatiens, Hafenstadt
KONYA	Konya	115	Großstadt|Stadt	Stadt in der Türkei
TIMIOARA	Timișoara	115	Großstadt	Stadt im Kreis Timiș, Rumänien
ORAN	Oran	115	Großstadt|Stadt	Stadt in der Provinz Oran, Algerien
CUSCO	Cusco	115	Großstadt|Stadt	Stadt in Peru
BERAT	Berat	115	Stadt	Stadt in Mittelalbanien
GIZEH	Gizeh	115	Stadt	Stadt auf dem Westufer des Nils, gehört zur Metropolregion Kairo
SAMURAI	Samurai	115	Beruf	militärischer Adel des vorindustriellen Japan
SOZIALEMEDIEN	Soziale Medien	115	Fachgebiet	Gesamtheit der Medien und Technologien, die die Funktion bieten, sich auszutauschen und mediale Inhalte zu erstellen
IMPRESSIONISMUS	Impressionismus	115	Kunstrichtung	Stilrichtung in der Kunstgeschichte
MUTTERTAG	Muttertag	115	Feiertag	Tag zu Ehren der Mutter und der Mutterschaft
RUT	Rut	115	Literarisches Werk	Buch der Bibel
TUERKEN	Türken	115	Ethnie	Ethnie
GRIECHEN	Griechen	115	Ethnie	Ethnie
MANX	Manx	115	Sprache	Sprache auf der Isle of Man
LILIEN	Lilien	115	Spielzeug	Gattung der Familie Liliengewächse (Liliaceae)
ELGRECO	El Greco	115	Spielzeug	spanischer Maler griechischer Herkunft (1541–1614)
TRAJAN	Trajan	115	Spielzeug	römischer Kaiser (reg. 98–117)
BUZZALDRIN	Buzz Aldrin	115	Spielzeug	US-amerikanischer Astronaut
LECHKACZYSKI	Lech Kaczyński	115	Spielzeug	polnischer Politiker und Jurist
LILADOWNS	Lila Downs	115	Spielzeug	Mexikanisch-US-amerikanische Sängerin
ABDULLAHGUEL	Abdullah Gül	115	Spielzeug	türkischer Politiker (* 1950)
GEORGCANTOR	Georg Cantor	115	Spielzeug	deutscher Mathematiker
JULIAGILLARD	Julia Gillard	115	Spielzeug	27. Premierministerin von Australien (2010–2013)
MILANKUNDERA	Milan Kundera	115	Spielzeug	französisch-tschechischer Schriftsteller (1929–2023)
LEOXIII	Leo XIII.	115	Spielzeug	256. Papst der römisch-katholischen Kirche (1878–1903)
SONY	Sony	114	Unternehmen|Börsenunternehmen	japanischer, internationaler Konzern mit Sitz in Minato, Tokio
FORD	Ford	114	Unternehmen|Börsenunternehmen|Autohersteller	US-amerikanischer Automobilhersteller
ZAUBERWUERFEL	Zauberwürfel	114	Marke|Spiel	Drehpuzzle, das 1974 von Ernő Rubik erfunden wurde
NIRVANA	Nirvana	114	Musikgruppe	US-amerikanische Rockband
MATRIX	Matrix	114	Film	australisch-amerikanischer Science-Fiction-Thriller (1999)
OBST	Obst	114	Gericht/Lebensmittel	Samen und Früchte kultivierter oder wild wachsender Pflanzen, die im Allgemeinen roh verzehrt werden
BERGSTEIGEN	Bergsteigen	114	Sportart	Form des Bergsports
JANMAYEN	Jan Mayen	114	Insel	norwegische Insel in der Grönlandsee
FERRARA	Ferrara	114	Großstadt|Stadt	Stadt in Oberitalien, Emilia-Romagna
JENA	Jena	114	Großstadt	kreisfreie Großstadt an der Saale in Thüringen, Deutschland
MONZA	Monza	114	Großstadt|Stadt	italienische Stadt
TOMSK	Tomsk	114	Großstadt	Großstadt in Sibirien, Russland
CORK	Cork	114	Großstadt|Stadt	Stadt im südlichen Irland
MUELHAUSEN	Mülhausen	114	Großstadt	Stadt im Südosten der französischen Region Grand Est
CALI	Cali	114	Großstadt|Stadt	Hauptstadt des kolumbianischen Departamentos Valle del Cauca
ANTAKYA	Antakya	114	Großstadt	Distrikt und Stadt in Hatay, Türkei
LEICESTER	Leicester	114	Großstadt|Stadt	Stadt in Großbritannien
POITIERS	Poitiers	114	Stadt	französische Gemeinde
PRAYAGRAJ	Prayagraj	114	Stadt	Metropole in Uttar Pradesh, Indien
FIER	Fier	114	Stadt	Stadt in Mittelalbanien
DRAGONBALL	Dragon Ball	114	Franchise	japanisches Medienfranchise
VOLKSZAEHLUNG	Volkszählung	114	Fachgebiet	Erhebung und Aufzeichnung statistischer Daten über die Bevölkerung
SPRECHEN	Sprechen	114	Fachgebiet	der Gebrauch der menschlichen Stimme
AMUR	Amur	114	Fluss	Strom in China und Russland
HEBRAEER	Hebräer	114	Literarisches Werk	Buch der Bibel
SPRUECHE	Sprüche	114	Literarisches Werk	Buch der Bibel
EPHESER	Epheser	114	Literarisches Werk	Buch der Bibel
LAOTISCH	Laotisch	114	Sprache	Staatssprache von Laos
KASHMIRI	Kashmiri	114	Sprache	Sprache
JAKUTISCH	Jakutisch	114	Sprache	nordöstliche Turksprache
ISIXHOSA	IsiXhosa	114	Sprache	Sprache im Süden Afrikas
TAYLORLAUTNER	Taylor Lautner	114	Spielzeug	US-amerikanischer Schauspieler und Synchronsprecher
ENYA	Enya	114	Spielzeug	irische Musikerin
RONALDINHO	Ronaldinho	114	Spielzeug	brasilianischer Fußballspieler
KOBEBRYANT	Kobe Bryant	114	Spielzeug	US-amerikanischer Basketballspieler (1978–2020)
LUISSUAREZ	Luis Suárez	114	Spielzeug	uruguayischer Fußballspieler
ROBERTBOYLE	Robert Boyle	114	Spielzeug	irischer Physiker und Chemiker
NOVALIS	Novalis	114	Spielzeug	deutscher Dichter der Frühromantik
JITZCHAKRABIN	Jitzchak Rabin	114	Spielzeug	israelischer General und Politiker, Friedensnobelpreisträger
EDWARDJENNER	Edward Jenner	114	Spielzeug	englischer Arzt und Entdecker der Pockenschutzimpfung
KURTGOEDEL	Kurt Gödel	114	Spielzeug	österreichisch-amerikanischer Mathematiker und Logiker (1906–1978)
MARTINSCORSESE	Martin Scorsese	114	Spielzeug	US-amerikanischer Filmregisseur, Drehbuchautor und Filmproduzent
MARIANORAJOY	Mariano Rajoy	114	Spielzeug	spanischer Politiker, Ministerpräsident 2011-2018
JESSICAALBA	Jessica Alba	114	Spielzeug	US-amerikanische Schauspielerin (* 1981)
HYPATIA	Hypatia	114	Spielzeug	griechische spätantike Mathematikerin, Astronomin und Philosophin
TUTANCHAMUN	Tutanchamun	114	Spielzeug	altägyptischer König (Pharao) im 14. Jahrhundert v. Chr./der 18. Dynastie
ARTHURMILLER	Arthur Miller	114	Spielzeug	US-amerikanischer Schriftsteller
WILHELMHERSCHEL	Wilhelm Herschel	114	Spielzeug	deutsch-britischer Astronom, Musiker, Komponist (1738 - 1822)
CHARLESBABBAGE	Charles Babbage	114	Spielzeug	englischer Mathematiker, Philosoph, Erfinder und Politischer Ökonom (1791-1871)
AMERIGOVESPUCCI	Amerigo Vespucci	114	Spielzeug	Navigator und Seefahrer, Namensgeber des Kontinents Amerika
EDGARDEGAS	Edgar Degas	114	Spielzeug	französischer Maler und Bildhauer (1834–1917)
PATRICELUMUMBA	Patrice Lumumba	114	Spielzeug	kongolesischer Politiker und erster Ministerpräsident des unabhängigen Kongo
GMAIL	Gmail	113	Onlinedienst	E-Mail-Programm von Google
IBM	IBM	113	Unternehmen|Börsenunternehmen	US-amerikanisches Technologieunternehmen
BAMBI	Bambi	113	Animationsfilm	Zeichentrickfilm von Walt Disney
EISHOCKEY	Eishockey	113	Sportart|Spiel	Mannschaftssportart
LONGBEACH	Long Beach	113	Großstadt	Großstadt in Kalifornien, Vereinigte Staaten
COTONOU	Cotonou	113	Großstadt|Stadt	Stadt in Benin
SZEGED	Szeged	113	Großstadt|Stadt	Großstadt in Ungarn
UDINE	Udine	113	Stadt	italienische Stadt und Gemeinde mit ca. 100.000 Einwohnern
LUCCA	Lucca	113	Stadt	Hauptstadt der Provinz Lucca in der Toskana, Italien
AGRIGENT	Agrigent	113	Stadt	Stadt auf Sizilien, Hauptstadt der italienischen Provinz Agrigent
ROVANIEMI	Rovaniemi	113	Stadt	Stadt in Finnland
SINFONIE	Sinfonie	113	Musikgenre	mehrsätzige Instrumentalwerke ohne Solisten, auch mit Singstimmen
BRAHMAPUTRA	Brahmaputra	113	Fluss	Fluss in Tibet (VR China), Indien und Bangladesch
ACONCAGUA	Aconcagua	113	Berg	Berg in den argentinischen Anden und höchster Berg Amerikas
ELBRUS	Elbrus	113	Berg	höchster Berg im Kaukasus
DORAEMON	Doraemon	113	Manga	Mangaserie
ENGLAENDER	Engländer	113	Ethnie	Volk, das überwiegend in England lebt
UKRAINER	Ukrainer	113	Ethnie	in der Ukraine beheimatete ostslawische ethnische Gruppe
KASCHUBISCH	Kaschubisch	113	Sprache	Sprache
GABEL	Gabel	113	Werkzeug	Teil des Essbestecks
LARRYSANGER	Larry Sanger	113	Spielzeug	Mitbegründer von Wikipedia
VESPASIAN	Vespasian	113	Spielzeug	neunter Römischer Kaiser
BENEDIKTXV	Benedikt XV.	113	Spielzeug	258. Papst der katholischen Kirche
WILHELMI	Wilhelm I.	113	Spielzeug	König von England (1066-1087), Herzog der Normandie (1035-1087)
ORSONWELLES	Orson Welles	113	Spielzeug	US-amerikanischer Filmregisseur, Schauspieler und Autor (1915–1985)
EDOUARDMANET	Édouard Manet	113	Spielzeug	französischer Maler (1832–1883)
MARKRUTTE	Mark Rutte	113	Spielzeug	niederländischer Historiker und Politiker (VVD), Ministerpräsident der Niederlande, NATO-Generalsekretär
FRIDTJOFNANSEN	Fridtjof Nansen	113	Spielzeug	norwegischer Zoologe, Polarforscher, Diplomat und Friedensnobelpreisträger (1861-1930)
ANNEHATHAWAY	Anne Hathaway	113	Spielzeug	US-amerikanische Filmschauspielerin
HAROLDPINTER	Harold Pinter	113	Spielzeug	englischer Theaterautor und Regisseur
JOHNDALTON	John Dalton	113	Spielzeug	englischer Naturforscher und Physiker
ERWINROMMEL	Erwin Rommel	113	Spielzeug	deutscher Generalfeldmarschall des Zweiten Weltkriegs
RALCASTRO	Raúl Castro	113	Spielzeug	kubanischer Politiker, ehemaliger Revolutionär und Staatschef
CONDOLEEZZARICE	Condoleezza Rice	113	Spielzeug	US-amerikanische Politikerin, Außenministerin der USA
ALEXFERGUSON	Alex Ferguson	113	Spielzeug	schottischer Fußballspieler und -trainer
IDIAMIN	Idi Amin	113	Spielzeug	ugandischer Diktator
DICKCHENEY	Dick Cheney	113	Spielzeug	US-amerikanischer Politiker (1941–2025)
HASINAWAJED	Hasina Wajed	113	Spielzeug	bangladeschische Politikerin, Premierministerin
PREMIERLEAGUE	Premier League	113	Spiel	höchste Spielklasse im englischen Herren-Fußball seit 1992
TRAURIGKEIT	Traurigkeit	113	Symptom	emotionaler Schmerz, der mit Gefühlen der Benachteiligung, des Verlusts, der Verzweiflung, der Trauer, der Hilflosigkeit, der Enttäuschung und des Kummers verbunden oder dadurch gekennzeichnet ist
SKYPE	Skype	112	Software|App|Website|Messenger	Voice-over-IP-Dienstleistung
NOKIA	Nokia	112	Unternehmen|Börsenunternehmen	finnisches Technologieunternehmen
PIACENZA	Piacenza	112	Großstadt|Stadt	italienische Gemeinde
VICENZA	Vicenza	112	Großstadt|Stadt	Gemeinde in Norditalien
PSKOW	Pskow	112	Großstadt	Stadt und Verwaltungszentrum der Oblast Pskow im Nordwesten Russlands
ANAHEIM	Anaheim	112	Großstadt	Stadt im US-Bundesstaat Kalifornien
WICHITA	Wichita	112	Großstadt	zweitgrößte Stadt des US-Bundesstaats Kansas
LAQUILA	L’Aquila	112	Stadt	italienische Gemeinde
CHANKENDI	Chankendi	112	Stadt	Stadt in Aserbaidschan
ZCHINWALI	Zchinwali	112	Stadt	Stadt in Südossetien/Georgien
KORA	Korça	112	Stadt	Stadt in Albanien
LENA	Lena	112	Fluss	Strom zur Leptewsee in Russland
SATIRE	Satire	112	Kunstrichtung	Genre der Kunst und Literatur in Form von Humor oder Spott
PHILEMON	Philemon	112	Literarisches Werk	Buch der Bibel
KASACHEN	Kasachen	112	Ethnie	Ethnie
FRANZOSEN	Franzosen	112	Ethnie	Bürger oder Einwohner von Frankreich
MAULTIER	Maultier	112	Spielzeug	Kreuzungsprodukt einer Pferdestute und eines Eselhengstes
HADRIAN	Hadrian	112	Spielzeug	vierzehnter römische Kaiser
PRINCE	Prince	112	Spielzeug	US-amerikanischer Sänger, Musiker, Komponist, Songwriter und Schauspieler (1958–2016)
DANIELRADCLIFFE	Daniel Radcliffe	112	Spielzeug	britischer Schauspieler und Filmproduzent
CARLBENZ	Carl Benz	112	Spielzeug	deutscher Ingenieur und Automobilpionier (1844–1929)
GIANLUIGIBUFFON	Gianluigi Buffon	112	Spielzeug	italienischer Fußballtorhüter
ANAXIMANDER	Anaximander	112	Spielzeug	vorsokratischer griechischer Philosoph
ANAXAGORAS	Anaxagoras	112	Spielzeug	griechischer Philosoph
JAMESDEAN	James Dean	112	Spielzeug	US-amerikanischer Schauspieler (1931–1955)
WOLESOYINKA	Wole Soyinka	112	Spielzeug	nigerianischer Schriftsteller (geb. 1934)
DWAYNEJOHNSON	Dwayne Johnson	112	Spielzeug	US-amerikanischer Schauspieler und ehemaliger Wrestler
LEBRONJAMES	LeBron James	112	Spielzeug	amerikanischer Basketballspieler
HEINRICHHERTZ	Heinrich Hertz	112	Spielzeug	deutscher Physiker
ELIASCANETTI	Elias Canetti	112	Spielzeug	deutschsprachiger Schriftsteller und Literatur-Nobelpreisträger (1905–1994)
MEGANFOX	Megan Fox	112	Spielzeug	amerikanische Schauspielerin und Model
DEMOSTHENES	Demosthenes	112	Spielzeug	antiker griechischer Staatsmann und Redner
PARMENIDES	Parmenides	112	Spielzeug	vorsokratischer griechischer Philosoph
SHIRINEBADI	Shirin Ebadi	112	Spielzeug	iranische Juristin und Menschenrechtsaktivistin
LINUSPAULING	Linus Pauling	112	Spielzeug	US-amerikanischer Chemiker und zweifacher Nobelpreisträger
BRICS	BRICS	112	Internationale Organisation	Zusammenschluss von zehn Staaten
SQL	SQL	111	Programmiersprache	relationale Datenbank-Abfragesprache
FRIENDS	Friends	111	Fernsehserie	US-amerikanische Fernsehserie (1994–2004)
MINDANAO	Mindanao	111	Insel	Insel auf den Philippinen
INGOLSTADT	Ingolstadt	111	Großstadt	Großstadt an der Donau in Bayern, Deutschland
KOCHI	Kochi	111	Großstadt|Stadt	Stadt im Bundesstaat Kerala im Süden Indiens
ULJANOWSK	Uljanowsk	111	Großstadt	Stadt in Russland
ALICANTE	Alicante	111	Großstadt|Stadt	Stadt in Spanien
BYDGOSZCZ	Bydgoszcz	111	Großstadt|Stadt	Stadt an der Weichsel in der Woiwodschaft Kujawien-Pommern, Polen
KANDAHAR	Kandahar	111	Großstadt|Stadt	Stadt in Afghanistan
ELAAIN	El Aaiún	111	Großstadt	Hauptstadt der Region Laâyoune-Sakia El Hamra, Marokko
CREMONA	Cremona	111	Stadt	italienische Gemeinde
LEIDEN	Leiden	111	Stadt	Stadt und Gemeinde in der niederländischen Provinz Südholland
FLAMENCO	Flamenco	111	Musikgenre	traditionelle Form der spanischen Musik und des Tanzes
URAL	Ural	111	Fluss	eurasischer Fluss in Russland und Kasachstan
ARARAT	Ararat	111	Berg	höchster Berg der Türkei
THEGUARDIAN	The Guardian	111	Zeitung	britische Zeitung
HEFEN	Hefen	111	Spielzeug	einzellige Pilze, die sich durch Sprossung oder Teilung (Spaltung) vermehren
MAYONNAISE	Mayonnaise	111	Spielzeug	dickflüssige Sauce auf der Basis von Eigelb und Öl
STEPHENHARPER	Stephen Harper	111	Spielzeug	22. Premierminister von Kanada (2006–2015)
DONALDTUSK	Donald Tusk	111	Spielzeug	polnischer Politiker, polnischer Ministerpräsident, Mitbegründer der Platforma Obywatelska
HELMUTSCHMIDT	Helmut Schmidt	111	Spielzeug	deutscher Politiker (SPD), 5. Bundeskanzler der Bundesrepublik Deutschland (1974–1982)
BERNHARDRIEMANN	Bernhard Riemann	111	Spielzeug	deutscher Mathematiker
DEMIMOORE	Demi Moore	111	Spielzeug	US-amerikanische Schauspielerin
ERATOSTHENES	Eratosthenes	111	Spielzeug	griechischer Mathematiker, Geograph, Astronom, Historiker, Philologe, Dichter, Leiter der Bibliothek von Alexandria
PHILIPPII	Philipp II.	111	Spielzeug	König von Spanien, Haus Habsburg
HENRIBECQUEREL	Henri Becquerel	111	Spielzeug	französischer Physiker
KARLI	Karl I.	111	Spielzeug	König von England, Schottland und Irland (1600–1649)
ALBIRUNI	al-Biruni	111	Spielzeug	Universalgelehrter aus Choresm
KEVINCOSTNER	Kevin Costner	111	Spielzeug	US-amerikanischer Schauspieler, Filmproduzent und Regisseur
EDVARDGRIEG	Edvard Grieg	111	Spielzeug	norwegischer Komponist
RACHELCARSON	Rachel Carson	111	Spielzeug	US-amerikanische Zoologin, Biologin, Wissenschaftsjournalistin und Sachbuchautorin (1907–1964)
DAREIOSI	Dareios I.	111	Spielzeug	Großkönig des persischen Achämenidenreichs und zweiter altägyptischer Pharao der 27. Dynastie
MARGRETHEII	Margrethe II.	111	Spielzeug	Königin von Dänemark (1972–2024)
ALEXANDERI	Alexander I.	111	Spielzeug	Kaiser von Russland
ROMANPOLASKI	Roman Polański	111	Spielzeug	Französisch-polnischer Regisseur, Drehbuchautor, Produzent und Schauspieler (geb. 1933)
PARISHILTON	Paris Hilton	111	Spielzeug	US-amerikanisches It-Girl und Model
HERMANNGOERING	Hermann Göring	111	Spielzeug	deutscher Politiker (NSDAP), MdR, vielfacher Amtsträger und verurteilter Kriegsverbrecher (1893–1946)
GRAHAMGREENE	Graham Greene	111	Spielzeug	britischer Schriftsteller
SYLVIAPLATH	Sylvia Plath	111	Spielzeug	amerikanische Schriftstellerin und Dichterin
TINATURNER	Tina Turner	111	Spielzeug	amerikanischstämmige Schweizer Sängerin (1939–2023)
AENGSTLICHKEIT	Ängstlichkeit	111	Symptom	Grundgefühl, Besorgnis und unlustbetonte Erregung
WIKINEWS	Wikinews	110	Website	Wikimedia-Projekt zur gemeinschaftlichen Erstellung einer freien und neutralen Nachrichtenquelle
SQUIDGAME	Squid Game	110	Fernsehserie	südkoreanische Fernsehserie
RENAULT	Renault	110	Autohersteller	französischer Automobilhersteller
WOLFSBURG	Wolfsburg	110	Großstadt	Großstadt in Niedersachsen
SALERNO	Salerno	110	Großstadt|Stadt	italienische Gemeinde
BOCHUM	Bochum	110	Großstadt	kreisfreie Großstadt im Regierungsbezirk Arnsberg in Nordrhein-Westfalen, Deutschland
GELSENKIRCHEN	Gelsenkirchen	110	Großstadt	kreisfreie Großstadt im Reg.-Bez. Münster in Nordrhein-Westfalen, Deutschland
AALBORG	Aalborg	110	Großstadt	Stadt in Dänemark
TULSA	Tulsa	110	Großstadt	Stadt in Oklahoma, Vereinigte Staaten
PECS	Pécs	110	Großstadt	Stadt in Ungarn
NOVISAD	Novi Sad	110	Großstadt	Stadt in Serbien
ACAPULCO	Acapulco	110	Großstadt|Stadt	Großstadt in Mexiko
HOMS	Homs	110	Großstadt	Stadt in Syrien
ADEN	Aden	110	Großstadt|Stadt	Stadt im Jemen
TIRASPOL	Tiraspol	110	Großstadt	Hauptstadt Pridnestrowiens
BELEM	Belém	110	Großstadt	Stadt in Brasilien, Hauptstadt des Bundesstaates Pará
KUNMING	Kunming	110	Großstadt	Hauptstadt der Provinz Yunnan in der Volksrepublik China
SANREMO	Sanremo	110	Stadt	italienische Gemeinde
GJIROKASTRA	Gjirokastra	110	Stadt	Stadt in Albanien
MACOS	macOS	110	Betriebssystem	Betriebssystem von Apple mit objektorientierter grafischer Desktop-Umgebung; früher Mac OS X und OS X genannt
PHILOSOPH	Philosoph	110	Beruf	Person, die sich mit Philosophie beschäftigt
ARCHITEKT	Architekt	110	Beruf	Person, die mit der Planung und Gestaltung von Gebäuden betreut ist und ihren Bau überwacht
HELD	Held	110	Beruf	Person, die außergewöhnliche Leistungen erbringt
GOUVERNEUR	Gouverneur	110	Beruf	Leiter eines zivilen oder militärischen Bereichs staatlicher Administration
PATHOLOGIE	Pathologie	110	Fachgebiet	Lehre der abnormen und krankhaften Vorgänge und Zustände im Körper
BAU	Bau	110	Ereignis	Prozess der Errichtung oder Montage eines Gebäudes oder einer Infrastruktur
HANCHINESEN	Han-Chinesen	110	Ethnie	Ethnie in China
SINGHALESISCH	Singhalesisch	110	Sprache	indoiranische Sprache in Sri Lanka
SINDHI	Sindhi	110	Sprache	indoarische Sprache
MAPUDUNGUN	Mapudungun	110	Sprache	isolierte Sprache, die in Chile und Argentinien vom Volk der Mapuche gesprochen wird
MITOCHONDRIUM	Mitochondrium	110	Spielzeug	Zellorganell von Eukaryoten mit Erbsubstanz DNA
CORAZONAQUINO	Corazon Aquino	110	Spielzeug	Präsidentin der Philippinen (1986-1992)
KUBLAIKHAN	Kublai Khan	110	Spielzeug	mongolischer Herrscher in China
CHUCKNORRIS	Chuck Norris	110	Spielzeug	US-amerikanischer Kampfkünstler und Action-Schauspieler (1940–2026)
HAYAOMIYAZAKI	Hayao Miyazaki	110	Spielzeug	japanischer Zeichentrickfilmregisseur
DANBROWN	Dan Brown	110	Spielzeug	US-amerikanischer Schriftsteller
HEATHLEDGER	Heath Ledger	110	Spielzeug	australischer Filmschauspieler (1979–2008)
LUDWIGFEUERBACH	Ludwig Feuerbach	110	Spielzeug	deutscher Philosoph
MIKETYSON	Mike Tyson	110	Spielzeug	US-amerikanischer Boxprofi und Schwergewichtsweltmeister
SRAMANUJAN	S. Ramanujan	110	Spielzeug	indischer Mathematiker und Autodidakt (1887-1920)
JAMESWATSON	James Watson	110	Spielzeug	US-amerikanischer Biochemiker und Nobelpreisträger (1928-2025)
GEORGEBERKELEY	George Berkeley	110	Spielzeug	irischer Theologe und Philosoph der Aufklärung
MAGNUSCARLSEN	Magnus Carlsen	110	Spielzeug	norwegischer Schachspieler, Schachweltmeister von 2013 bis 2023
KANYEWEST	Kanye West	110	Spielzeug	US-amerikanischer Rapper, Sänger und Produzent
FRANKZAPPA	Frank Zappa	110	Spielzeug	US-amerikanischer Musiker und Komponist (1940–1993)
MICHAELCAINE	Michael Caine	110	Spielzeug	britischer Schauspieler
MAIMONIDES	Maimonides	110	Spielzeug	jüdischer Philosoph, Arzt, Autor und Rechtsgelehrter
MISHIMAYUKIO	Mishima Yukio	110	Spielzeug	japanischer Schriftsteller und politischer Aktivist
KARELAPEK	Karel Čapek	110	Spielzeug	tschechischer Schriftsteller
JOHNDEWEY	John Dewey	110	Spielzeug	US-amerikanischer Philosoph und Pädagoge
CHICHENITZA	Chichén Itzá	110	Ausgrabungsstätte	Ruinenstätte der Maya auf der Halbinsel Yucatán
SUPERMAN	Superman	109	Animierte Figur|Fernsehfigur|Comicfigur	amerikanische Comicfigur
SALAT	Salat	109	Gericht/Lebensmittel	Speise aus kleingeschnittenem Gemüse und/oder Obst
FECHTEN	Fechten	109	Sportart	Sportart
SURAT	Surat	109	Großstadt|Stadt	Millionenstadt in Gujarat, Indien
KURSK	Kursk	109	Großstadt	Stadt in Russland
BIAYSTOK	Białystok	109	Großstadt|Stadt	Hauptstadt der Woiwodschaft Podlachien im Osten Polens
HAARLEM	Haarlem	109	Großstadt|Stadt	Gemeinde in der niederländischen Provinz Nordholland
WLADIMIR	Wladimir	109	Großstadt	Stadt in Russland
KANPUR	Kanpur	109	Großstadt|Stadt	Stadt im Bundesstaat Uttar Pradesh in Indien
PORTSMOUTH	Portsmouth	109	Großstadt|Stadt	Stadt in Hampshire, England
CONSTANA	Constanța	109	Großstadt|Stadt	Stadt im Kreis Constanța, Rumänien
PLYMOUTH	Plymouth	109	Großstadt|Stadt	englische Hafenstadt
LIMOGES	Limoges	109	Großstadt	französische Großstadt
QINGDAO	Qingdao	109	Großstadt	bezirksfreie Stadt in Shandong, China
ATLETICOMADRID	Atlético Madrid	109	Fußballverein	Fußballverein aus Madrid, Spanien
INGENIEUR	Ingenieur	109	Beruf	Berufsbezeichnung für wissenschaftlich ausgebildete Fachleute auf technischem Gebiet
HISTORIKER	Historiker	109	Beruf	Wissenschaftler, der sich mit der Erforschung und Darstellung der Geschichte beschäftigt
HUMANITIES	Humanities	109	Fachgebiet	verbreitete Wissenschaftskategorisierung, die alle Wissenschaften mit Bezug auf menschliche Kultur subsumiert
RHETORIK	Rhetorik	109	Fachgebiet	Kunst der Beredsamkeit
DON	Don	109	Fluss	Zufluss des Asowschen Meeres im Südwesten des europäischen Teils von Russland
MISSOURI	Missouri	109	Fluss	Längster Fluss der USA, Nebenfluss des Mississippi
BERGOLYMP	Berg Olymp	109	Berg	Gebirge und Nationalpark in Griechenland
ANNAKARENINA	Anna Karenina	109	Literarisches Werk	Roman von Lew Nikolajewitsch Tolstoi
RIGVEDA	Rigveda	109	Literarisches Werk	Schrift des Hinduismus, überwiegend religiöse, hinduistische Lieder und Verse der Veda
UPANISHADEN	Upanishaden	109	Literarisches Werk	Sammlung philosophischer Schriften des Hinduismus
ROMANI	Romani	109	Sprache	indoarische Sprache der Roma
JUPITER	Jupiter	109	Spielzeug	oberste Gottheit der Römer
ARTUS	Artus	109	Spielzeug	legendärer König Britanniens
CLAUDIUS	Claudius	109	Spielzeug	vierter römischer Kaiser
DARIOFO	Dario Fo	109	Spielzeug	italienischer satirischer Theaterautor, Regisseur, Komponist, Erzähler und Schauspieler
JOHNKERRY	John Kerry	109	Spielzeug	US-amerikanischer Politiker
BARBRASTREISAND	Barbra Streisand	109	Spielzeug	US-amerikanische Sängerin und Schauspielerin
PAULNEWMAN	Paul Newman	109	Spielzeug	US-amerikanischer Schauspieler und Filmregisseur (1925–2008)
MOYAN	Mo Yan	109	Spielzeug	chinesischer Schriftsteller, Träger des Literaturnobelpreises 2012
BJOERK	Björk	109	Spielzeug	isländische Sängerin, Komponistin, Songwriterin und Schauspielerin
BETTEDAVIS	Bette Davis	109	Spielzeug	US-amerikanische Schauspielerin
JOSEMUJICA	José Mujica	109	Spielzeug	Politiker und Präsident Uruguays (1935–2025)
AYRTONSENNA	Ayrton Senna	109	Spielzeug	brasilianischer Automobilrennfahrer (1960–1994)
PIUSIX	Pius IX.	109	Spielzeug	255. Papst der katholischen Kirche
EDDIEMURPHY	Eddie Murphy	109	Spielzeug	US-amerikanischer Schauspieler und Comedian
HAMIDKARZAI	Hamid Karzai	109	Spielzeug	ehemaliger Präsident Afghanistans
JOSEMOURINHO	José Mourinho	109	Spielzeug	portugiesischer Fußballtrainer und ehemaliger Fußballspieler
ALCAPONE	Al Capone	109	Spielzeug	US-amerikanischer Gangsterboss (1899–1947)
CARRIEFISHER	Carrie Fisher	109	Spielzeug	US-amerikanische Schauspielerin, Autorin und Drehbuchautorin (1956–2016)
TIZIAN	Tizian	109	Spielzeug	führender Vertreter der venezianischen Malerschule des 16. Jahrhunderts (um 1490–1576)
YOSHIHIDESUGA	Yoshihide Suga	109	Spielzeug	Ehemaliger Premierminister von Japan
WILLEMALEXANDER	Willem-Alexander	109	Spielzeug	König der Niederlande
HEILIGEMOSCHEE	Heilige Moschee	109	Bildungseinrichtung	bedeutendste Moschee des Islam und größte Moschee der Welt in Mekka
BRITISHMUSEUM	British Museum	109	Museum	kulturgeschichtliches Museum
DUMBO	Dumbo	108	Animationsfilm	Zeichentrickfilm aus dem Jahr 1941
GLADIATOR	Gladiator	108	Film	Film von Ridley Scott (2000)
WURST	Wurst	108	Lebensmittel	Nahrungsmittel aus tierischen Produkten
TURNEN	Turnen	108	Sportart	Sportart
SASSARI	Sassari	108	Großstadt|Stadt	italienische Gemeinde auf Sardinien
KOICE	Košice	108	Großstadt|Stadt	Stadt in der Slowakei
IAI	Iași	108	Großstadt	Stadt in der Region Moldau im Nordosten Rumäniens
NEWHAVEN	New Haven	108	Großstadt	Gemeinde im US-Bundesstaat Connecticut
MISKOLC	Miskolc	108	Großstadt|Stadt	Stadt in Ungarn
PESCHAWAR	Peschawar	108	Großstadt|Stadt	Hauptstadt der pakistanischen Provinz Khyber Pakhtunkhwa
KUTAISSI	Kutaissi	108	Großstadt|Stadt	Stadt in Georgien
CATANZARO	Catanzaro	108	Stadt	italienische Gemeinde
ESPOO	Espoo	108	Stadt	Stadt und Gemeinde in Finnland
RAP	Rap	108	Musikgenre	Sprechgesang und Teil der Kultur des Hip-Hop
IOS	iOS	108	Betriebssystem	Betriebssystem von Apple für iPhone und iPod touch sowie ehemals iPad
DEBIAN	Debian	108	Betriebssystem	gemeinschaftlich entwickeltes, freies Betriebssystem
ONTOLOGIE	Ontologie	108	Fachgebiet	Lehre vom Sein und von den Kategorien des Seienden, Teilgebiet der Philosophie
LOIRE	Loire	108	Fluss	Strom zum Atlantik in Frankreich
JAPANER	Japaner	108	Ethnie	Ethnie
CEBUANO	Cebuano	108	Sprache	austronesische Sprache auf den Philippinen
PIERRECORNEILLE	Pierre Corneille	108	Spielzeug	französischer Dramatiker (1606–1684)
EDUARDVII	Eduard VII.	108	Spielzeug	König des Vereinigten Königreichs Großbritannien und Irland, Kaiser von Indien (1901–1910)
DONATELLO	Donatello	108	Spielzeug	italienischer Bildhauer der frühen italienischen Renaissance (1386–1466)
NELLYSACHS	Nelly Sachs	108	Spielzeug	deutsch-schwedische Schriftstellerin, Lyrikerin und Literatur-Nobelpreisträgerin (1891–1970)
RAJIVGANDHI	Rajiv Gandhi	108	Spielzeug	indischer Premierminister
ROALDDAHL	Roald Dahl	108	Spielzeug	walisischer Schriftsteller
MICHAELPHELPS	Michael Phelps	108	Spielzeug	US-amerikanischer Schwimmer
CLARAZETKIN	Clara Zetkin	108	Spielzeug	deutsche Politikerin (SPD, USPD, KPD), MdR und Frauenrechtlerin
PAMELAANDERSON	Pamela Anderson	108	Spielzeug	kanadisch-amerikanische Schauspielerin und Model
NOFRETETE	Nofretete	108	Spielzeug	Altägyptische Königin der 18. Dynastie
EVAPERN	Eva Perón	108	Spielzeug	argentinische First Lady
MONICABELLUCCI	Monica Bellucci	108	Spielzeug	italienische Schauspielerin und Model
HIERONYMUS	Hieronymus	108	Spielzeug	Kirchenvater der Spätantike, Verfasser der Vulgata, Theologe der alten Kirche
THABOMBEKI	Thabo Mbeki	108	Spielzeug	südafrikanischer Politiker, Staatspräsident von Südafrika
CAMERONDIAZ	Cameron Diaz	108	Spielzeug	US-amerikanische Schauspielerin und Model
WADYSAWREYMONT	Władysław Reymont	108	Spielzeug	polnischer Schriftsteller und Nobelpreisträger
GEORGIII	Georg III.	108	Spielzeug	König von 1760 bis 1820
CHARLESPERRAULT	Charles Perrault	108	Spielzeug	französischer Schriftsteller
MARIAMONTESSORI	Maria Montessori	108	Spielzeug	italienische Ärztin, Reformpädagogin, Philosophin und Philanthropin
TELETUBBIES	Teletubbies	107	Fernsehserie	britische Kinderserie (1997–2001)
AJAXAMSTERDAM	Ajax Amsterdam	107	Börsenunternehmen|Fußballverein	niederländischer Fußballverein
IRONMAIDEN	Iron Maiden	107	Musikgruppe	britische Heavy-Metal-Band
NIGHTWISH	Nightwish	107	Musikgruppe	finnische Symphonic-Metal-Band
DONALDDUCK	Donald Duck	107	Animierte Figur|Fernsehfigur|Comicfigur	Comic- und Zeichentrick-Figur aus dem Disney-Studio
PULPFICTION	Pulp Fiction	107	Film	Film von Quentin Tarantino (1994)
DIEVERURTEILTEN	Die Verurteilten	107	Film	Film von Frank Darabont (1994)
PRATO	Prato	107	Großstadt|Stadt	Stadt in der italienischen Region Toskana
DAEGU	Daegu	107	Großstadt	südkoreanische Stadt
TWER	Twer	107	Großstadt	Hauptstadt der Oblast Twer im Föderationskreis Zentralrussland
RIJEKA	Rijeka	107	Großstadt	Hafenstadt in Kroatien
CAMAU	Cà Mau	107	Großstadt	Stadt in Vietnam
HERAT	Herat	107	Großstadt|Stadt	Stadt in Afghanistan
WITEBSK	Witebsk	107	Großstadt	Stadt in Belarus
LEEUWARDEN	Leeuwarden	107	Stadt	Stadt in den Niederlanden
FOGGIA	Foggia	107	Stadt	italienische Gemeinde
STARTREK	Star Trek	107	Franchise	Science-Fiction-Franchise, basierend auf der gleichnamigen Serie
ODER	Oder	107	Fluss	mitteleuropäischer Fluss zur Ostsee
RHONE	Rhone	107	Fluss	Strom zum Mittelmeer in der Schweiz und in Frankreich
BAZARDUEZUE	Bazardüzü	107	Berg	höchster Berg Aserbaidschans und südlichster Punkt Russlands
TITUS	Titus	107	Literarisches Werk	Buch der Bibel
BERBER	Berber	107	Ethnie	indigene Ethnie in Nordafrika
NIEDERDEUTSCH	Niederdeutsch	107	Sprache	Sprache innerhalb des kontinentalwestgermanischen Dialektkontinuums
KORSISCH	Korsisch	107	Sprache	romanische Sprache
KARIMBENZEMA	Karim Benzema	107	Spielzeug	französischer Fußballspieler
HARALDV	Harald V.	107	Spielzeug	König von Norwegen (1991–2026)
GUSTAVKLIMT	Gustav Klimt	107	Spielzeug	österreichischer Maler und Vertreter des Wiener Jugendstils (1862–1918)
NANAKDEV	Nanak Dev	107	Spielzeug	indischer Heiliger und Religionsstifter des Sikhismus
EMPEDOKLES	Empedokles	107	Spielzeug	antiker griechischer Philosoph und Politiker
PARACELSUS	Paracelsus	107	Spielzeug	Schweizer Arzt, Alchemist, Astrologe, Naturforscher, Mystiker, Laientheologe und Philosoph
BRAMSTOKER	Bram Stoker	107	Spielzeug	irischer Schriftsteller (1847–1912)
SEIDENSPINNER	Seidenspinner	107	Spielzeug	Art der Gattung Bombyx
JULIANNEMOORE	Julianne Moore	107	Spielzeug	US-amerikanisch-britische Schauspielerin
IANFLEMING	Ian Fleming	107	Spielzeug	britischer Schriftsteller
EUGENEONEILL	Eugene O’Neill	107	Spielzeug	US-amerikanischer Dramatiker (1888–1953)
KENZABURE	Kenzaburō Ōe	107	Spielzeug	japanischer Schriftsteller
HENRYDUNANT	Henry Dunant	107	Spielzeug	Schweizer Geschäftsmann, Initiator der Rotkreuz-Bewegung und Mitbegründer des Internationalen Komitees vom Roten Kreuz (1828–1910)
JOSEPHSMITH	Joseph Smith	107	Spielzeug	Gründer der mormonischen Kirche
PLAUTUS	Plautus	107	Spielzeug	römischer Komödien-Dichter
CLEMENTATTLEE	Clement Attlee	107	Spielzeug	britischer Premierminister (1945–1951)
WHOOPIGOLDBERG	Whoopi Goldberg	107	Spielzeug	US-amerikanische Schauspielerin, Komödiantin und Sängerin
PRIMERADIVISIN	Primera División	107	Spiel	höchste spanische Fußballliga
SERIEA	Serie A	107	Spiel	höchste Spielklasse im italienischen Männerfußball
ADIDAS	Adidas	106	Unternehmen|Börsenunternehmen	deutscher Sportartikelhersteller
BOEING	Boeing	106	Börsenunternehmen	US-amerikanischer globaler Luftfahrt- und Verteidigungskonzern
WONDERWOMAN	Wonder Woman	106	Animierte Figur|Fernsehfigur|Comicfigur	fiktive Comic-Superheldin
SKIFAHREN	Skifahren	106	Sportart	Gleiten eines Skifahrers auf zwei Skiern über den Schnee
GDYNIA	Gdynia	106	Großstadt|Stadt	Hafenstadt in Polen, mit Danzig und Zoppot Teil des Ballungsgebietes Dreistadt
ISCHEWSK	Ischewsk	106	Großstadt	Hauptstadt von Udmurtien
BELGOROD	Belgorod	106	Großstadt	Stadt in Russland
NOVARA	Novara	106	Großstadt|Stadt	italienische Gemeinde
BURGAS	Burgas	106	Großstadt	Stadt Bulgariens
DELFT	Delft	106	Großstadt	niederländische Universitätsstadt
RJASAN	Rjasan	106	Großstadt	Großstadt in Russland
HERMANNSTADT	Hermannstadt	106	Großstadt	Stadt im Kreis Sibiu, Rumänien
CHANGCHUN	Changchun	106	Großstadt|Stadt	Stadt im Nordosten Chinas
CZERNOWITZ	Czernowitz	106	Großstadt	Hauptstadt der Oblast Tscherniwzi in der Westukraine und traditionelle Hauptstadt der Bukowina
PESCARA	Pescara	106	Stadt	italienische Gemeinde
POTENZA	Potenza	106	Stadt	italienische Gemeinde in der Region Basilikata
VARESE	Varese	106	Stadt	italienische Gemeinde
AGADIR	Agadir	106	Stadt	Hauptstadt der Region Souss-Massa, Marokko
LAROCHELLE	La Rochelle	106	Stadt	französische Kommune im Departement Charente-Maritime
TOKIPONA	Toki Pona	106	Sprache	minimalistische Plansprache, geschaffen von Sonja Lang
COMPUTERMONITOR	Computermonitor	106	Werkzeug|Hardware|Spielzeug	Bildschirm zum Anschluss an einen Rechner
MAURICERAVEL	Maurice Ravel	106	Spielzeug	französischer Komponist des Impressionismus
BRUNOMARS	Bruno Mars	106	Spielzeug	US-amerikanischer Singer-Songwriter und Musikproduzent
LUDWIGXV	Ludwig XV.	106	Spielzeug	König von Frankreich und Navarra 1715 bis 1774
ERICHFROMM	Erich Fromm	106	Spielzeug	deutscher Psychoanalytiker, Philosoph und Sozialpsychologe
KEIRAKNIGHTLEY	Keira Knightley	106	Spielzeug	britische Schauspielerin
CLARKGABLE	Clark Gable	106	Spielzeug	US-amerikanischer Schauspieler (1901–1960)
DUSTINHOFFMAN	Dustin Hoffman	106	Spielzeug	US-amerikanischer Schauspieler
EDWINHUBBLE	Edwin Hubble	106	Spielzeug	US-amerikanischer Astronom
JEREMYBENTHAM	Jeremy Bentham	106	Spielzeug	englischer Philosoph und Sozialreformer (1748–1832)
ANASTACIA	Anastacia	106	Spielzeug	US-amerikanische Sängerin
ALEXANDERII	Alexander II.	106	Spielzeug	Zar von Russland
GIACOMOCASANOVA	Giacomo Casanova	106	Spielzeug	italienischer Abenteurer und Schriftsteller
NOEMI	Noemi	106	Spielzeug	italienische Sängerin
MESUTOEZIL	Mesut Özil	106	Spielzeug	deutscher Fußballspieler
ALHAZEN	Alhazen	106	Spielzeug	arabischer Mathematiker, Optiker und Astronom
ANDRESINIESTA	Andrés Iniesta	106	Spielzeug	spanischer Fußballspieler
JANHUS	Jan Hus	106	Spielzeug	christlicher Reformator und Märtyrer
SEAMUSHEANEY	Seamus Heaney	106	Spielzeug	irischer Schriftsteller und Literatur-Nobelpreisträger
HARRIETTUBMAN	Harriet Tubman	106	Spielzeug	US-amerikanische Aktivistin für die Abschaffung der Sklaverei; Krankenschwester und Wohltäterin, 1822-1913
ANNEBRONT	Anne Brontë	106	Spielzeug	britische Schriftstellerin
MENANDER	Menander	106	Spielzeug	griechischer Komödiendichter
ELIEWIESEL	Elie Wiesel	106	Spielzeug	US-amerikanischer Schriftsteller und Überlebender des Holocausts (1928-2016)
AMARTYASEN	Amartya Sen	106	Spielzeug	indischer Wirtschaftswissenschaftler und Philosoph
ERNSTHAECKEL	Ernst Haeckel	106	Spielzeug	deutscher Mediziner, Zoologe, Philosoph, Zeichner und Freidenker (1834–1919)
NIKOLAUSI	Nikolaus I.	106	Spielzeug	Kaiser von Russland
OZZYOSBOURNE	Ozzy Osbourne	106	Spielzeug	britischer Rockmusiker (1948–2025)
MARIATHERESIA	Maria Theresia	106	Spielzeug	Erzherzogin von Österreich, Königin von Ungarn und Böhmen, Frau des römisch-deutschen Kaisers
VINDIESEL	Vin Diesel	106	Spielzeug	US-amerikanischer Schauspieler, Drehbuchautor, Filmregisseur und -produzent
PERL	Perl	105	Programmiersprache	Programmiersprache
TELEVISA	Televisa	105	Unternehmen|Börsenunternehmen	mexikanisches Medienunternehmen
HONDA	Honda	105	Börsenunternehmen|Autohersteller	japanischer Konzern
ALADDIN	Aladdin	105	Animationsfilm	Film von John Musker und Ron Clements (1992)
BACKGAMMON	Backgammon	105	Brettspiel|Spiel	Altes Brettspiel für zwei Personen
BOGENSCHIESSEN	Bogenschießen	105	Sportart	Sportart
ORENBURG	Orenburg	105	Großstadt	Stadt am Fluss Ural in Russland
TSCHEBOKSARY	Tscheboksary	105	Großstadt	Hauptstadt der russischen Föderationsrepublik Tschuwaschien
BARNAUL	Barnaul	105	Großstadt	Hauptstadt der russischen Region Altai
COVENTRY	Coventry	105	Großstadt|Stadt	englische Stadt
PETROSAWODSK	Petrosawodsk	105	Großstadt	Hauptstadt der Republik Karelien im Nordwesten Russlands
MAIKOP	Maikop	105	Großstadt|Stadt	Hauptstadt der Republik Adygeja, Russland
TERNI	Terni	105	Großstadt|Stadt	italienische Gemeinde und Provinzhauptstadt
OSNABRUECK	Osnabrück	105	Großstadt	kreisfreie Großstadt in Niedersachsen, Deutschland
VIRGINIABEACH	Virginia Beach	105	Großstadt	Stadt im US-Bundesstaat Virginia
LUXOR	Luxor	105	Großstadt|Stadt	Stadt in Ägypten
NAMUR	Namur	105	Großstadt	Hauptstadt der Wallonie
AREQUIPA	Arequipa	105	Großstadt	Hauptstadt der Region Arequipa in Peru
JINAN	Jinan	105	Großstadt	Stadt in China
CHANGSHA	Changsha	105	Großstadt	Stadt in China
TREVISO	Treviso	105	Stadt	italienische Gemeinde
LECCE	Lecce	105	Stadt	italienische Gemeinde
ANTIBES	Antibes	105	Stadt	französische Gemeinde im Département Alpes-Maritimes
HEAVYMETAL	Heavy Metal	105	Musikgenre	Stilrichtung der Musik
FCPALERMO	FC Palermo	105	Fußballverein	Fußballverein aus Palermo, Italien
DNISTER	Dnister	105	Fluss	Strom zum Schwarzen Meer in der Ukraine und Moldau
DIWALI	Diwali	105	Fest|Feiertag	hinduistisches Festival der Lichter
BUCHHIOB	Buch Hiob	105	Literarisches Werk	Buch der Bibel
ESTER	Ester	105	Schriftwerk	Buch der Bibel
AWARISCH	Awarisch	105	Sprache	Sprache
SIZILIANISCH	Sizilianisch	105	Sprache	romanische Sprache
AYMARA	Aymara	105	Sprache	Sprache der Aru-Sprachfamilie
ZELLKERN	Zellkern	105	Spielzeug	Zellorganell
DAVIDLYNCH	David Lynch	105	Spielzeug	US-amerikanischer Filmregisseur (1946–2025)
DANIELCRAIG	Daniel Craig	105	Spielzeug	britischer Schauspieler
JENSSTOLTENBERG	Jens Stoltenberg	105	Spielzeug	norwegischer Politiker; ehemaliger NATO-Generalsekretär sowie Ministerpräsident Norwegens
GEORGESBIZET	Georges Bizet	105	Spielzeug	französischer Komponist
WOLFGANGPAULI	Wolfgang Pauli	105	Spielzeug	österreichischer Physiker und Nobelpreisträger (1900–1958)
CHARLESBUKOWSKI	Charles Bukowski	105	Spielzeug	US-amerikanischer Dichter und Schriftsteller
JOHNMAJOR	John Major	105	Spielzeug	britischer Politiker
PAULHEYSE	Paul Heyse	105	Spielzeug	deutscher Schriftsteller
PIERCEBROSNAN	Pierce Brosnan	105	Spielzeug	irischer Schauspieler
ECHNATON	Echnaton	105	Spielzeug	Pharao des alten Ägyptens während des neuen Reiches, 18. Dynastie
CREATIVECOMMONS	Creative Commons	105	Spielzeug	gemeinnützige Organisation, die Urheberrechtslizenzen für die öffentliche Freigabe kreativer Werke erstellt
ANNEBOLEYN	Anne Boleyn	105	Spielzeug	zweite der sechs Ehefrauen König Heinrichs VIII., Mutter von Elisabeth I. (ca. 1501–1536)
BAHAULLAH	Baha'ullah	105	Spielzeug	Stifter der Bahai-Religion
SLOBODANMILOEVI	Slobodan Milošević	105	Spielzeug	serbischer Politiker
JEANSIBELIUS	Jean Sibelius	105	Spielzeug	finnischer Komponist
JEANPIAGET	Jean Piaget	105	Spielzeug	Schweizer Entwicklungspsychologe
SALMAHAYEK	Salma Hayek	105	Spielzeug	US-amerikanische Schauspielerin und Produzentin
CHINUAACHEBE	Chinua Achebe	105	Spielzeug	nigerianischer Schriftsteller (1930-2013)
VERBOTENESTADT	Verbotene Stadt	105	Museum	Palast in Peking
SPOTIFY	Spotify	104	Computerprogramm|App|Musikstreaming|Marke|Online-Community	schwedischer Audio-Streamingdienst
GOOGLEMAPS	Google Maps	104	Website|Spielzeug	Online-Kartendienst von Google
FORBES	Forbes	104	Website|Zeitschrift	US-amerikanisches Businessmagazin
CINDERELLA	Cinderella	104	Animationsfilm	Disney-Zeichentrickfilm von 1950
GOTLAND	Gotland	104	Insel	schwedische Insel
IBIZA	Ibiza	104	Insel	Insel in Spanien
LASERENA	La Serena	104	Großstadt	Stadt in Chile
ERLANGEN	Erlangen	104	Großstadt	Stadt in Bayern, Deutschland
SARANSK	Saransk	104	Großstadt	Stadt in Russland
MARIBOR	Maribor	104	Großstadt	Stadt in Slowenien
CANCN	Cancún	104	Großstadt|Stadt	Stadt an der Küste der Halbinsel Yucatán
BENGASI	Bengasi	104	Großstadt|Stadt	Stadt in Libyen
DALIAN	Dalian	104	Großstadt	bezirksfreie Stadt in Liaoning, China
BASRA	Basra	104	Großstadt	Hafenstadt im Irak am Schatt al Arab
ERBIL	Erbil	104	Großstadt|Stadt	Hauptstadt der Kurdischen Regionalregierung
BHUBANESWAR	Bhubaneswar	104	Großstadt|Stadt	Hauptstadt von Odisha, Indien
ALT	Đà Lạt	104	Stadt	Stadt in Vietnam
LUND	Lund	104	Stadt	Stadt in Schweden
HYMNE	Hymne	104	Musikgenre	feierlicher Preis- und Lobgesang
ASROM	AS Rom	104	Fußballverein	italienischer Fußballverein
FCEVERTON	FC Everton	104	Fußballverein	Fußballverein aus Liverpool, England
HYDROLOGIE	Hydrologie	104	Fachgebiet	Wissenschaft, die sich mit dem Wasser über, auf und unter der Landoberfläche der Erde befasst
ETHNOLOGIE	Ethnologie	104	Fachgebiet	Wissenschaft, die Volksgruppen erforscht und vergleicht
OZEANOGRAPHIE	Ozeanographie	104	Fachgebiet	Teilgebiet der Geowissenschaften, das den Ozean untersucht
JENISSEI	Jenissei	104	Fluss	Russischer Strom aus der Mongolei, der Sibirien durchquert und in den arktischen Ozean mündet
TIBER	Tiber	104	Fluss	Fluss in Italien
MEINKAMPF	Mein Kampf	104	Literarisches Werk	Programmschrift von Adolf Hitler
MAORI	Maori	104	Ethnie	Ethnie Neuseelands
SAMEN	Samen	104	Ethnie	indigenes Volk im Norden Fennoskandinaviens
MONTENEGRINISCH	Montenegrinisch	104	Sprache	südslawische Sprache, serbokroatische Sprachvarietät
DZONGKHA	Dzongkha	104	Sprache	Sprache
GROENLAENDISCH	Grönländisch	104	Sprache	eskimo-aleutische Sprache
ASTURISCH	Asturisch	104	Sprache	Romanische Sprache
MICHELPLATINI	Michel Platini	104	Spielzeug	französischer Fußballspieler, -trainer und -funktionär
JACOBZUMA	Jacob Zuma	104	Spielzeug	südafrikanischer Politiker
MOHAMMEDVI	Mohammed VI.	104	Spielzeug	3. König von Marokko
RITAHAYWORTH	Rita Hayworth	104	Spielzeug	US-amerikanische Schauspielerin
ERDKRUSTE	Erdkruste	104	Spielzeug	äußerste, feste Schale der Erde
SALMANKHAN	Salman Khan	104	Spielzeug	indischer Schauspieler
BELABARTK	Béla Bartók	104	Spielzeug	ungarischer Komponist und Pianist
FRANKLAMPARD	Frank Lampard	104	Spielzeug	englischer Fußballspieler und -trainer
SVANTEARRHENIUS	Svante Arrhenius	104	Spielzeug	schwedischer Physiker, Chemiker und Nobelpreisträger
GARYOLDMAN	Gary Oldman	104	Spielzeug	britischer Schauspieler
THEODORHERZL	Theodor Herzl	104	Spielzeug	österreichisch-ungarischer Publizist und Hauptbegründer des politischen Zionismus
GEORGESOROS	George Soros	104	Spielzeug	US-amerikanischer Investor ungarischer Herkunft
ALEXANDERVI	Alexander VI.	104	Spielzeug	Papst der katholischen Kirche 1492-1503 (1430/32-1503)
IMREKERTESZ	Imre Kertész	104	Spielzeug	ungarischer Schriftsteller und Literatur-Nobelpreisträger (1929-2016)
GAOXINGJIAN	Gao Xingjian	104	Spielzeug	chinesisch-französischer Schriftsteller, Regisseur und Künstler
ISABELLAI	Isabella I.	104	Spielzeug	Königin von Kastilien von 1474 bis 1504, und die erste Königin von Spanien von 1479 bis 1504
ABDUELHAMIDII	Abdülhamid II.	104	Spielzeug	Sultan des Osmanischen Reiches
TERRYPRATCHETT	Terry Pratchett	104	Spielzeug	englischer Fantasy-Schriftsteller
JANETJACKSON	Janet Jackson	104	Spielzeug	US-amerikanische Sängerin, Tänzerin und Schauspielerin
ENVERHOXHA	Enver Hoxha	104	Spielzeug	albanischer kommunistischer Politiker und von 1944 bis 1985 der stalinistische Diktator Albaniens
WIKISPECIES	Wikispecies	103	App	Wiki-basiertes Onlineprojekt der Wikimedia
BREAKINGBAD	Breaking Bad	103	Fernsehserie	US-amerikanische Fernsehserie (2008–2013)
DONKERVOORT	Donkervoort	103	Autohersteller	Autohersteller
COLDPLAY	Coldplay	103	Musikgruppe	britische Band
SUM	Sumō	103	Sportart|Spiel	japanische Kampfsportart
WELLENREITEN	Wellenreiten	103	Sportart	Sportart
SABA	Saba	103	Insel	Insel in der Karibik, Besondere Gemeinde der Niederlande
SINTEUSTATIUS	Sint Eustatius	103	Insel	Insel in der Karibik, Besondere Gemeinde der Niederlande
POLENLITAUEN	Polen-Litauen	103	Staat	Adelsrepublik, historischer feudaler Ständestaat und Wahlkönigtum (1569–1795)
HEILBRONN	Heilbronn	103	Großstadt	Großstadt in Baden-Württemberg, Deutschland
ZWOLLE	Zwolle	103	Großstadt	Gemeinde in der Provinz Overijssel
KALUGA	Kaluga	103	Großstadt	Hauptstadt der Oblast Kaluga in Zentralrussland
ELISTA	Elista	103	Großstadt	Hauptstadt der Republik Kalmückien, Russische Föderation
OEREBRO	Örebro	103	Großstadt	Stadt in Schweden
BREDA	Breda	103	Großstadt|Stadt	Ort in den Niederlanden
FUZHOU	Fuzhou	103	Großstadt	Stadt in China
TYROS	Tyros	103	Großstadt|Stadt	Stadt in Libanon
SAINTDENIS	Saint-Denis	103	Großstadt	Gemeinde in Réunion
PUNTAARENAS	Punta Arenas	103	Großstadt	Hafenstadt im äußersten Süden von Chile an der Magellanstraße
BARRANQUILLA	Barranquilla	103	Großstadt	Hauptstadt des kolumbianischen Departamento del Atlántico
SAITAMA	Saitama	103	Großstadt	Millionenstadt in der Präfektur Saitama, Japan
WINNYZJA	Winnyzja	103	Großstadt	Hauptstadt der Oblast Winnyzja in der westlichen Ukraine
QARAGHANDY	Qaraghandy	103	Großstadt|Stadt	Stadt in Kasachstan
BLI	Bălți	103	Stadt	Stadt in der Republik Moldau
ABAKAN	Abakan	103	Stadt	Stadt in Russland
PAPEETE	Papeete	103	Stadt	Hauptstadt von Französisch-Polynesien
SEGOVIA	Segovia	103	Stadt	Spanische Gemeinde in Castilla y León, Hauptstadt der gleichnamigen Provinz
ASTONVILLA	Aston Villa	103	Fußballverein	Fußballverein aus Birmingham-Aston, England
GEFLUECHTETER	Geflüchteter	103	Beruf	Person, die aus Furcht vor Verfolgung ihr Heimatland verlassen hat
AUTOR	Autor	103	Beruf	Verfasser oder geistiger Urheber eines sprachlichen Werkes
GENEALOGIE	Genealogie	103	Fachgebiet	historische Hilfswissenschaft der Familiengeschichtsforschung
AMUDARJA	Amudarja	103	Fluss	Fluss im westlichen Zentralasien
POLITEIA	Politeia	103	Literarisches Werk	Dialog Platons
PASCHTUNEN	Paschtunen	103	Ethnie	ostiranisch-sprachiges Volk
SUNDANESISCH	Sundanesisch	103	Sprache	malayo-polynesischen Sprache
WALLONISCH	Wallonisch	103	Sprache	zu den Oïl-Sprachen der galloromanischen Gruppe gehörende Sprache in Belgien u. im Nordosten Frankreichs
OZONSCHICHT	Ozonschicht	103	Spielzeug	Bereich erhöhter Konzentration des Spurengases Ozon in der Erdatmosphäre
ROSINE	Rosine	103	Spielzeug	getrocknete Weinbeeren einer Rebsorte oder auch Oberbegriff
RAMSESII	Ramses II.	103	Spielzeug	3. altägyptischer Pharao der 19. Dynastie
MITTROMNEY	Mitt Romney	103	Spielzeug	US-amerikanischer Politiker
STANISAWLEM	Stanisław Lem	103	Spielzeug	polnischer Philosoph, Essayist, Futurologe und Science-Fiction-Autor
LARRYPAGE	Larry Page	103	Spielzeug	US-amerikanischer Informatiker und Unternehmer
MARTTIAHTISAARI	Martti Ahtisaari	103	Spielzeug	finnischer Politiker, zehnter Präsident Finnlands (1994–2000)
ABELTASMAN	Abel Tasman	103	Spielzeug	niederländischer Seefahrer und Entdecker
NICCOLPAGANINI	Niccolò Paganini	103	Spielzeug	italienischer Violinist und Komponist
LEIFERIKSSON	Leif Eriksson	103	Spielzeug	isländischer Entdecker
SARAHPALIN	Sarah Palin	103	Spielzeug	US-amerikanische Politikerin
JUERGENHABERMAS	Jürgen Habermas	103	Spielzeug	deutscher Soziologe und Philosoph (1929–2026)
AAMIRKHAN	Aamir Khan	103	Spielzeug	indischer Schauspieler
OSMANI	Osman I.	103	Spielzeug	erster osmanischer Sultan und Gründer des Osmanischen Reiches
SANDORPETFI	Sándor Petőfi	103	Spielzeug	ungarischer Nationaldichter
MARCCHAGALL	Marc Chagall	103	Spielzeug	belarussisch-französischer Maler (1887–1985)
PETEROTOOLE	Peter O’Toole	103	Spielzeug	irischer Schauspieler (1932–2013)
DORISDAY	Doris Day	103	Spielzeug	US-amerikanische Schauspielerin und Sängerin (1922–2019)
EUGENEIONESCO	Eugène Ionesco	103	Spielzeug	französischer Dramatiker rumänischer Herkunft, Vertreter des absurden Theaters
ROBERTHOOKE	Robert Hooke	103	Spielzeug	englischer Universalgelehrter
THIERRYHENRY	Thierry Henry	103	Spielzeug	französischer Fußballspieler
UMATHURMAN	Uma Thurman	103	Spielzeug	US-amerikanische Schauspielerin
JOANBAEZ	Joan Baez	103	Spielzeug	US-amerikanische Sängerin, Bürgerrechtlerin, Pazifistin und Umweltaktivistin
TRUMANCAPOTE	Truman Capote	103	Spielzeug	US-amerikanischer Schriftsteller (1924–1984)
PLOTIN	Plotin	103	Spielzeug	antiker griechischer Philosoph
PERSEPOLIS	Persepolis	103	Ausgrabungsstätte	archäologische Stätte im Iran; ehemalige zeremonielle Hauptstadt des Achämenidenreiches
DUOLINGO	Duolingo	102	App|Website|Werkzeug|Spiel	Online-Plattform mit App zum Sprachenlernen
ONEDIRECTION	One Direction	102	Musikgruppe	britisch-irische Boygroup
FIGHTCLUB	Fight Club	102	Film	Film von David Fincher (1999)
SCHINDLERSLISTE	Schindlers Liste	102	Film	Film von Steven Spielberg (1993)
HOCKEY	Hockey	102	Sportart|Spiel	Mannschaftssportart
TIMOR	Timor	102	Insel	Insel in Südostasien
BOUVETINSEL	Bouvetinsel	102	Insel	norwegische unbewohnte Vulkaninsel im Südatlantik
NAVASSA	Navassa	102	Insel	Insel im Karibischen Meer, Außengebiet der Vereinigten Staaten
NEUFUNDLAND	Neufundland	102	Insel	Insel im Atlantischen Ozean
PADERBORN	Paderborn	102	Großstadt	Großstadt in Nordrhein-Westfalen, Deutschland
COTTBUS	Cottbus	102	Großstadt|Stadt	kreisfreie Stadt in Brandenburg, Deutschland
ARICA	Arica	102	Großstadt|Stadt	Stadt in Chile
LEMANS	Le Mans	102	Großstadt	französische Gemeinde
NAGPUR	Nagpur	102	Großstadt|Stadt	Stadt in Indien
TULA	Tula	102	Großstadt	Stadt in der Oblast Tula, Russische Föderation
BRAOV	Brașov	102	Großstadt	rumänische Stadt im Kreis Brașov
TORU	Toruń	102	Großstadt|Stadt	Stadt in der Woiwodschaft Kujawien-Pommern in Polen
BAKERSFIELD	Bakersfield	102	Großstadt	Gemeinde im US-Bundesstaat Kalifornien
HERZOGENBUSCH	Herzogenbusch	102	Großstadt|Stadt	Stadt in den Niederlanden, Hauptort von Nordbrabant
DOUALA	Douala	102	Großstadt	Stadt in Kamerun
USCHHOROD	Uschhorod	102	Großstadt	Hauptstadt der Oblast Transkarpatien in der Westukraine
HRODNA	Hrodna	102	Großstadt	Stadt in Belarus
ZADAR	Zadar	102	Stadt	Hafenstadt in Kroatien
AKUREYRI	Akureyri	102	Stadt	Gemeinde in Island
LATINA	Latina	102	Stadt	italienische Gemeinde
KANGCHENDZOENGA	Kangchendzönga	102	Berg	dritthöchster Berg der Erde, gelegen in Indien und Nepal
ONEPIECE	One Piece	102	Manga	Mangaserie
TIGRINYA	Tigrinya	102	Sprache	Sprache
GRAPEFRUIT	Grapefruit	102	Spielzeug	Art der Gattung Zitruspflanzen (Citrus)
LANCEARMSTRONG	Lance Armstrong	102	Spielzeug	US-amerikanischer Radrennfahrer
JOANCRAWFORD	Joan Crawford	102	Spielzeug	US-amerikanische Schauspielerin
SEBASTIANVETTEL	Sebastian Vettel	102	Spielzeug	Deutscher Formel 1 Rennfahrer
BIOSPHAERE	Biosphäre	102	Spielzeug	Raum mit Leben auf einem Himmelskörper
KIRSTENDUNST	Kirsten Dunst	102	Spielzeug	amerikanische Schauspielerin
PIETERZEEMAN	Pieter Zeeman	102	Spielzeug	niederländischer Physiker; Nobelpreis für Physik 1902
MARIAI	Maria I.	102	Spielzeug	Königin von England und von Irland (1553-1558)
SCHAHDSCHAHAN	Schah Dschahan	102	Spielzeug	indischer Kaiser und Erbauer das Taj Mahal (1592-1666)
HALLDRLAXNESS	Halldór Laxness	102	Spielzeug	isländischer Schriftsteller und Literaturnobelpreisträger
FREDASTAIRE	Fred Astaire	102	Spielzeug	US-amerikanischer Tänzer, Sänger und Schauspieler
LAURENBACALL	Lauren Bacall	102	Spielzeug	US-amerikanische Schauspielerin
MATTEORENZI	Matteo Renzi	102	Spielzeug	italienischer Politiker
RUDOLFEUCKEN	Rudolf Eucken	102	Spielzeug	deutscher Philosoph
KRISTENSTEWART	Kristen Stewart	102	Spielzeug	US-amerikanische Schauspielerin
PINDAR	Pindar	102	Spielzeug	griechischer Lyriker der Antike
SUSANSARANDON	Susan Sarandon	102	Spielzeug	US-amerikanische Schauspielerin
HUMPHRYDAVY	Humphry Davy	102	Spielzeug	englischer Chemiker
APULEIUS	Apuleius	102	Spielzeug	antiker Schriftsteller und Philosoph
INTERPOL	Interpol	102	Internationale Organisation	internationale Organisation zur Stärkung der Zusammenarbeit nationaler Polizeibehörden
CERN	CERN	102	Internationale Organisation	Großforschungseinrichtung für physikalische Grundlagen bei Genf
TIME	Time	101	Website|Zeitschrift	US-amerikanisches Nachrichtenmagazin
RUBY	Ruby	101	Programmiersprache	Programmiersprache
XML	XML	101	Programmiersprache|Dateiformat|Spielzeug	Auszeichnungssprache zur Darstellung hierarchisch strukturierter Daten
INTEL	Intel	101	Unternehmen|Börsenunternehmen	US-amerikanischer Halbleiterhersteller
LUFTHANSA	Lufthansa	101	Börsenunternehmen|Fluggesellschaft	deutsche Fluggesellschaft
IKEA	IKEA	101	Marke	internationaler Einrichtungskonzern und Fast-Food-Kette aus Schweden
PENSA	Pensa	101	Großstadt	Stadt in Russland
HILDESHEIM	Hildesheim	101	Großstadt	Oberzentrum in Niedersachsen
ULANUDE	Ulan-Ude	101	Großstadt	Stadt in Russland
WINTERTHUR	Winterthur	101	Großstadt	Stadt im Kanton Zürich, Schweiz
HOMEL	Homel	101	Großstadt	Stadt in Belarus
KREFELD	Krefeld	101	Großstadt	Großstadt in Nordrhein-Westfalen, Deutschland
OBERHAUSEN	Oberhausen	101	Großstadt	kreisfreie Großstadt im Ruhrgebiet, Nordrhein-Westfalen
LINKOEPING	Linköping	101	Großstadt	Stadt in Südschweden, Hauptort der gleichnamigen Gemeinde
ASSUAN	Assuan	101	Großstadt|Stadt	Stadt in Oberägypten
PUERTOMONTT	Puerto Montt	101	Großstadt	Hafenstadt in Chile
INDORE	Indore	101	Großstadt	Millionenstadt in Madhya Pradesh, Indien
TEMUCO	Temuco	101	Großstadt	Gemeinde in Chile
OSCH	Osch	101	Großstadt|Stadt	Stadt in Kirgisistan
BRIDGEPORT	Bridgeport	101	Großstadt	Großstadt im US-Bundesstaat Connecticut
ROCHESTER	Rochester	101	Großstadt	Stadt im US-Bundesstaat New York
LEXINGTON	Lexington	101	Großstadt	Stadt im US-Bundesstaat Kentucky
OLMUETZ	Olmütz	101	Großstadt|Stadt	Stadt in Tschechien
ALMERE	Almere	101	Großstadt|Stadt	Stadt und Gemeinde in den Niederlanden
DIYARBAKIR	Diyarbakır	101	Großstadt|Stadt	Stadt in der gleichnamigen Provinz in der Türkei
NORWICH	Norwich	101	Großstadt|Stadt	Stadt in Norfolk, England
GNC	Gəncə	101	Großstadt	rayonunabhängige Stadt mit Rayonstatus in Aserbaidschan
DERBENT	Derbent	101	Großstadt	Stadt in Dagestan, Russische Föderation
HERAKLION	Heraklion	101	Großstadt|Stadt	Großstadt auf Kreta, Griechenland
PASADENA	Pasadena	101	Großstadt	Großstadt in Kalifornien
SWANSEA	Swansea	101	Stadt	Stadt in Südwales, Vereinigtes Königreich
AKKON	Akkon	101	Stadt	alte Hafenstadt an der Küste des östlichen Mittelmeers in Israel
STPOELTEN	St. Pölten	101	Stadt	Landeshauptstadt von Niederösterreich
RITTER	Ritter	101	Beruf	Angehörige des wehrfähigen Adels im europäischen Mittelalter
TAJO	Tajo	101	Fluss	längster Fluss auf der iberischen Halbinsel
ORINOCO	Orinoco	101	Fluss	Fluss in Kolumbien und Venezuela
KAMASUTRA	Kamasutra	101	Literarisches Werk	hinduistisches Versepos zu Kamashastra, erotischer Liebe
IGBO	Igbo	101	Sprache	Muttersprache des Volks der Igbo in Nigeria
UDMURTISCH	Udmurtisch	101	Sprache	permische Sprache in Russland
AINU	Ainu	101	Sprache	Sprache
DARI	Dari	101	Sprache	persischer Dialekt
STAERKE	Stärke	101	Spielzeug	organische Verbindungen, Kohlenhydrate, Gemisch von Polysacchariden
INSULIN	Insulin	101	Spielzeug	organische Verbindung, Peptidhormon, Komplex, Arzneistoff
GUSTAVEEIFFEL	Gustave Eiffel	101	Spielzeug	französischer Ingenieur
PETERJACKSON	Peter Jackson	101	Spielzeug	neuseeländischer Filmregisseur, Drehbuchautor, Filmproduzent und Schauspieler
BEATRIXI	Beatrix I.	101	Spielzeug	Königin der Niederlande (1980–2013), Prinzessin der Niederlande
EDMUNDHUSSERL	Edmund Husserl	101	Spielzeug	Philosoph, Begründer der Phänomenologie
ARYABHATA	Aryabhata	101	Spielzeug	indischer Mathematiker und Astronom
MIROSLAVKLOSE	Miroslav Klose	101	Spielzeug	deutscher Fußballspieler und -trainer
KIRKDOUGLAS	Kirk Douglas	101	Spielzeug	US-amerikanischer Schauspieler
CIXI	Cixi	101	Spielzeug	chinesische Nebenfrau des Mandschu-Kaisers Xianfeng und Kaiserinmutter
GERARDDEPARDIEU	Gérard Depardieu	101	Spielzeug	französisch-russischer Schauspieler
JOHNDONNE	John Donne	101	Spielzeug	englischer Schriftsteller (1572-1631)
PASCAL	Pascal	100	Programmiersprache	imperative Programmiersprache von Niklaus Wirth
PDF	PDF	100	Dateiformat	Familie von Dateiformaten, die zur Darstellung von Dokumenten verwendet werden
TERMINATOR	Terminator	100	Film	Science-Fiction-Film von James Cameron (1984)
NORDINSEL	Nordinsel	100	Insel	nördliche Hauptinsel von Neuseeland
KORFU	Korfu	100	Insel	griechische Insel im Ionischen Meer
ASCENSIONINSEL	Ascension Insel	100	Insel	Insel der britischen Überseegebiete im Südatlantik
PFORZHEIM	Pforzheim	100	Großstadt	Großstadt in Baden-Württemberg, Deutschland
RZESZW	Rzeszów	100	Großstadt|Stadt	Stadt im Südosten Polens
NOUMEA	Nouméa	100	Großstadt	Hauptstadt und Gemeinde Neukaledoniens
BREMERHAVEN	Bremerhaven	100	Großstadt	Großstadt im Land Freie Hansestadt Bremen, Deutschland
LEVERKUSEN	Leverkusen	100	Großstadt	Großstadt am Rhein in Nordrhein-Westfalen, Deutschland
SUZHOU	Suzhou	100	Großstadt	bezirksfreie Stadt in Jiangsu, China
ORADEA	Oradea	100	Großstadt	Hauptstadt des Kreises Bihor im Westen Rumäniens
PATRAS	Patras	100	Großstadt|Stadt	Hafenstadt im westlichen Griechenland
MANDALAY	Mandalay	100	Großstadt|Stadt	Stadt im Zentrum von Myanmar
BERKELEY	Berkeley	100	Großstadt	Stadt in Kalifornien
GJUMRI	Gjumri	100	Großstadt|Stadt	Gemeinde in Armenien
ALESSANDRIA	Alessandria	100	Stadt	italienische Gemeinde und Provinzhauptstadt
CESENA	Cesena	100	Stadt	Stadt in der Emilia-Romagna
HEBRON	Hebron	100	Stadt	Großstadt im Westjordanland
ASSEN	Assen	100	Stadt	niederländische Gemeinde
JYVAESKYLAE	Jyväskylä	100	Stadt	Stadt in Finnland
LAZIOROM	Lazio Rom	100	Fußballverein	italienischer Fußballverein aus Rom
DESIGN	Design	100	Fachgebiet	Entwurf oder Formgebung
COLORADORIVER	Colorado River	100	Fluss	größter Fluss im Südwesten von Nordamerika
YAMUNA	Yamuna	100	Fluss	Nebenfluss des Ganges
DENALI	Denali	100	Berg	höchster Berg Nordamerikas
NOURUZ	Nouruz	100	Feiertag	persisches Neujahrs- und Frühlingsfest am 1. Farwardin im iranischen Kalender
DERFUERST	Der Fürst	100	Literarisches Werk	Buch von Niccolò Machiavelli
RASSENTHEORIE	Rassentheorie	100	Ethnie	überholtes Klassifikationssystem für nichtexistente proklamierte menschliche Rassen
GAGAUSISCH	Gagausisch	100	Sprache	Sprache
NEAPOLITANISCH	Neapolitanisch	100	Sprache	romanische Sprache
JANISJOPLIN	Janis Joplin	100	Spielzeug	US-amerikanische Sängerin
ELLAFITZGERALD	Ella Fitzgerald	100	Spielzeug	US-amerikanische Jazz-Sängerin (1917–1996)
JAMESBROWN	James Brown	100	Spielzeug	amerikanischer Musiker (1933–2006)
ROMANOPRODI	Romano Prodi	100	Spielzeug	ehemaliger italienischer Ministerpräsident und Präsident der EU-Kommission
SAULINIINISTOE	Sauli Niinistö	100	Spielzeug	finnischer Politiker, zwölfter Präsident Finnlands (2012-2024)
ANDREAGASSI	Andre Agassi	100	Spielzeug	US-amerikanischer Tennisspieler
SHAKA	Shaka	100	Spielzeug	Häuptling der Zulu
ANTONIOBANDERAS	Antonio Banderas	100	Spielzeug	spanischer Schauspieler
ISABELALLENDE	Isabel Allende	100	Spielzeug	chilenische Schriftstellerin
IKERCASILLAS	Iker Casillas	100	Spielzeug	spanischer Fußballspieler
SEANPENN	Sean Penn	100	Spielzeug	US-amerikanischer Schauspieler
WINONARYDER	Winona Ryder	100	Spielzeug	US-amerikanische Schauspielerin
SIDNEYPOITIER	Sidney Poitier	100	Spielzeug	bahamaisch-US-amerikanischer Schauspieler, Regisseur und Diplomat (1927–2022)
MARYPICKFORD	Mary Pickford	100	Spielzeug	Kanadische Schauspielerin und Filmproduzentin (1892–1979)
JIANGZEMIN	Jiang Zemin	100	Spielzeug	9. Generalsekretär der Kommunistischen Partei Chinas
HULDRYCHZWINGLI	Huldrych Zwingli	100	Spielzeug	Schweizer Theologe, Gründer der reformierten Kirche
ZHOUENLAI	Zhou Enlai	100	Spielzeug	chinesischer Premierminister, Führer der Kommunistischen Partei Chinas (1898–1976)
HENRYFONDA	Henry Fonda	100	Spielzeug	US-amerikanischer Schauspieler (1905–1982)
MAHMOUDABBAS	Mahmoud Abbas	100	Spielzeug	Präsident der Palästinensischen Autonomiebehörde
ERICCLAPTON	Eric Clapton	100	Spielzeug	englischer Musiker
JACQUESDERRIDA	Jacques Derrida	100	Spielzeug	französischer Philosoph (1930 - 2004), Begründer der Dekonstruktion
IMRANCHAN	Imran Chan	100	Spielzeug	ehemaliger Premierminister Pakistans
HEDYLAMARR	Hedy Lamarr	100	Spielzeug	österreichisch-US-amerikanische Schauspielerin und Erfinderin (1914–2000)
XENOPHANES	Xenophanes	100	Spielzeug	vorsokratischer Philosoph und Dichter
HENRYJAMES	Henry James	100	Spielzeug	US-amerikanischer Schriftsteller
DOCTORWHO	Doctor Who	99	Fernsehserie	britische Science-Fiction-Fernsehserie
JURASSICPARK	Jurassic Park	99	Film	Film von Steven Spielberg (1993)
WASSERBALL	Wasserball	99	Sportart	Sportart
SUEDINSEL	Südinsel	99	Insel	eine der beiden Hauptinseln von Neuseeland
INSELWIGHT	Insel Wight	99	Insel	Insel vor der Küste Großbritanniens
ELBA	Elba	99	Insel	toskanische Insel im Mittelmeer
FARGO	Fargo	99	Großstadt	Stadt im US-Bundesstaat North Dakota
NEWCASTLE	Newcastle	99	Großstadt|Stadt	Stadt im australischen Bundesstaat New South Wales
DUNDEE	Dundee	99	Großstadt|Stadt	Großstadt in Schottland
GQEBERHA	Gqeberha	99	Großstadt|Stadt	Stadt in Südafrika
ANLIURFA	Şanlıurfa	99	Großstadt|Stadt	Hauptstadt der türkischen Provinz Şanlıurfa
BILLINGS	Billings	99	Großstadt	Großstadt im US-Bundesstaat Montana
AGARTALA	Agartala	99	Großstadt	
PATTAYA	Pattaya	99	Großstadt|Stadt	international bekannter Badeort in der Provinz Chon Buri, Thailand
JERICHO	Jericho	99	Stadt	Stadt in den Palästinensischen Autonomiegebieten
VANTAA	Vantaa	99	Stadt	Stadt in Finnland
PAU	Pau	99	Stadt	französische Gemeinde
KARLSBAD	Karlsbad	99	Stadt	Stadt in Tschechien
AVILA	Ávila	99	Stadt	Hauptstadt der Provinz Ávila, Spanien.
RAWALPINDI	Rawalpindi	99	Stadt	pakistanische Millionenstadt
MSDOS	MS-DOS	99	Betriebssystem	Betriebssystem von Microsoft für x86-PCs
MYKOLOGIE	Mykologie	99	Fachgebiet	Wissenschaft von den Pilzen (Fungi)
GRAFFITI	Graffiti	99	Kunstrichtung	Straßenkunst
KALEVALA	Kalevala	99	Literarisches Werk	finnisches Nationalepos
ROBINSONCRUSOE	Robinson Crusoe	99	Literarisches Werk	Roman von Daniel Defoe
ITALIENER	Italiener	99	Ethnie	in Italien beheimatete ethnische Gruppe
DOMITIAN	Domitian	99	Spielzeug	römischer Kaiser
STEVIEWONDER	Stevie Wonder	99	Spielzeug	US-amerikanischer Sänger, Liedschreiber, Komponist, Multiinstrumentalist sowie Musikproduzent
CHUCKBERRY	Chuck Berry	99	Spielzeug	US-amerikanischer Sänger, Gitarrist und Komponist
PHILIPPLENARD	Philipp Lenard	99	Spielzeug	österreichisch-deutscher Physiker (1862–1947), Nobelpreis für Physik 1905
LITHOSPHAERE	Lithosphäre	99	Spielzeug	feste äußere Hülle eines Planeten, welche die tektonischen Platten bildet
WALTERBENJAMIN	Walter Benjamin	99	Spielzeug	deutscher Schriftsteller, Kritiker und Philosoph
CARYGRANT	Cary Grant	99	Spielzeug	britisch-US-amerikanischer Schauspieler (1904–1986)
ANDERSCELSIUS	Anders Celsius	99	Spielzeug	schwedischer Astronom, Mathematiker und Physiker
GAVRILOPRINCIP	Gavrilo Princip	99	Spielzeug	bosnisch-serbischer Nationalist und Attentäter
JAMESCHADWICK	James Chadwick	99	Spielzeug	englischer Physiker
MILESDAVIS	Miles Davis	99	Spielzeug	US-amerikanischer Jazztrompeter, Flügelhornist, Komponist und Bandleader (1926–1991)
GILGAMESCH	Gilgamesch	99	Spielzeug	mythischer König von Uruk
MANUELNEUER	Manuel Neuer	99	Spielzeug	deutscher Fußballtorhüter
JOSEMART	José Martí	99	Spielzeug	kubanischer Schriftsteller und Nationalheld
BUSTERKEATON	Buster Keaton	99	Spielzeug	US-amerikanischer Schauspieler, Komiker und Filmregisseur
MICHAELDOUGLAS	Michael Douglas	99	Spielzeug	US-amerikanischer Schauspieler und Filmproduzent
PONTIUSPILATUS	Pontius Pilatus	99	Spielzeug	römischer Präfekt von Judäa zur Zeit von Jesus Christus
EDMONDHALLEY	Edmond Halley	99	Spielzeug	englischer Astronom, Mathematiker, Geophysiker, Meteorologe und Physiker
ALEXANDERIII	Alexander III.	99	Spielzeug	Kaiser des Russischen Reiches
CHRISTIANBALE	Christian Bale	99	Spielzeug	britischer Schauspieler
MICKJAGGER	Mick Jagger	99	Spielzeug	britischer Sänger
CHRISEVANS	Chris Evans	99	Spielzeug	US-amerikanischer Schauspieler
JACKKEROUAC	Jack Kerouac	99	Spielzeug	US-amerikanischer Schriftsteller und Beatnik
PLAZENTA	Plazenta	99	Organ	transientes Organ zur intrauterinen Versorgung des Embryos bzw. Fötus
ALANDALUS	al-Andalus	99	Ort	Gebiete der Iberischen Halbinsel, unter islamischer Herrschaft (711–1492)
BOROBUDUR	Borobudur	99	Ausgrabungsstätte	Buddhistische Tempelanlage auf der indonesischen Insel Java
PINOCCHIO	Pinocchio	98	Animationsfilm	Zeichentrickfilm der Walt-Disney-Studios aus dem Jahr 1940
INTERSTELLAR	Interstellar	98	Film	Film von Christopher Nolan (2014)
FASTFOOD	Fastfood	98	Gericht/Lebensmittel	Sammelbegriff für schnell zubereitete Speisen
TOFU	Tofu	98	Lebensmittel|Spielzeug	Quark aus Soja, asiatisches Nahrungsmittel
DAME	Dame	98	Brettspiel|Spiel	strategisches Brettspiel für zwei Spieler
FUERTH	Fürth	98	Großstadt	Großstadt in Bayern, Deutschland
REUTLINGEN	Reutlingen	98	Großstadt	Großstadt in Baden-Württemberg
STAWROPOL	Stawropol	98	Großstadt	Haupstadt des Krai Stawropol im Nordkaukasus, Russland
ARLINGTON	Arlington	98	Großstadt	Gemeinde im US-amerikanischen Bundesstaat Texas
HELSINGBORG	Helsingborg	98	Großstadt	schwedische Stadt in Schonen, an der schmalsten Stelle des Öresundes gelegen
VAESTERS	Västerås	98	Großstadt	Stadt in der schwedischen Provinz Västmanlands län
OLDENBURG	Oldenburg	98	Großstadt	kreisfreie Großstadt in Niedersachsen, Deutschland
GWANGJU	Gwangju	98	Großstadt	südkoreanische Stadt in der Provinz Jeollanam-do
BEERSCHEVA	Be’er Scheva	98	Großstadt|Stadt	Großstadt im Süden Israels
DERBY	Derby	98	Großstadt|Stadt	Stadt in England
PIRAEUS	Piräus	98	Großstadt	Gemeinde in Attika, Griechenland
NAGANO	Nagano	98	Großstadt	Großstadt in Japan
BANJALUKA	Banja Luka	98	Großstadt|Stadt	Stadt in Bosnien-Herzegowina
NATAL	Natal	98	Großstadt	Hauptstadt des Bundesstaats Rio Grande do Norte in Brasilien
IAULIAI	Šiauliai	98	Großstadt|Stadt	Großstadt im Norden Litauens
ZAPOPAN	Zapopan	98	Großstadt|Stadt	Stadt in Mexiko
MAHILJOU	Mahiljou	98	Großstadt	Stadt in Belarus
IWANOFRANKIWSK	Iwano-Frankiwsk	98	Großstadt	Stadt in der Ukraine
KRYWYJRIH	Krywyj Rih	98	Großstadt	Stadt im Oblast Dnipropetrowsk in der Zentralukraine
ASCHDOD	Aschdod	98	Großstadt|Stadt	Stadt in Israel
TACOMA	Tacoma	98	Großstadt	Stadt im US-Bundesstaat Washington
LANZHOU	Lanzhou	98	Großstadt|Stadt	Stadt in China
GANGTOK	Gangtok	98	Großstadt|Stadt	Hauptstadt des indischen Bundesstaates Sikkim
SCHYMKENT	Schymkent	98	Großstadt|Stadt	administrativ-territoriale Entität in Kasachstan
KEMEROWO	Kemerowo	98	Stadt	Stadt in der Oblast Kemerowo, Russische Föderation
ASTI	Asti	98	Stadt	italienische Gemeinde und Provinzhauptstadt der Provinz Asti
LAHTI	Lahti	98	Stadt	Stadt und Gemeinde in Finnland
LIMERICK	Limerick	98	Stadt	Stadt in Irland
PALOALTO	Palo Alto	98	Stadt	Stadt in Kalifornien, Vereinigte Staaten
FAISALABAD	Faisalabad	98	Stadt	Stadt in Pakistan
JOENSUU	Joensuu	98	Stadt	Stadt in Finnland
WINDOWSXP	Windows XP	98	Betriebssystem	Computer-Betriebssystem
KOSAKEN	Kosaken	98	Beruf	historische russisch-ukrainische Wehrbauern und Reiter, heute konservative Gruppen
SOFTWARETECHNIK	Softwaretechnik	98	Fachgebiet	Art und Weise, wie Software entwickelt wird
VATERTAG	Vatertag	98	Feiertag	Tag zu Ehren der Väter
USBEKEN	Usbeken	98	Ethnie	Turkvolk in Zentralasien
GUERTEL	Gürtel	98	Werkzeug|Kleidung|Spielzeug	um die Körpermitte getragenes Band oder Geflecht
OPENSTREETMAP	OpenStreetMap	98	Spielzeug|Online-Community	Datenbank und Karte freier Geoinformationen
JOACHIMGAUCK	Joachim Gauck	98	Spielzeug	deutscher Politiker (parteilos), Bundespräsident der Bundesrepublik Deutschland 2012–2017
CHARLESAZNAVOUR	Charles Aznavour	98	Spielzeug	armenisch-französischer Chansonnier
SNOOPDOGG	Snoop Dogg	98	Spielzeug	US-amerikanischer Rapper, Sänger, Musikproduzent und Schauspieler
EVARISTEGALOIS	Évariste Galois	98	Spielzeug	französischer Mathematiker des 19. Jahrhunderts
PRANABMUKHERJEE	Pranab Mukherjee	98	Spielzeug	13. Präsident Indiens
LIAMNEESON	Liam Neeson	98	Spielzeug	nordirischer Schauspieler
SITTINGBULL	Sitting Bull	98	Spielzeug	Stammeshäuptling und Medizinmann der Hunkpapa-Lakota-Sioux
KARLJASPERS	Karl Jaspers	98	Spielzeug	deutscher Philosoph und Psychiater (1883–1969)
GREGORXVI	Gregor XVI.	98	Spielzeug	Papst
SERGEYBRIN	Sergey Brin	98	Spielzeug	US-amerikanischer Informatiker und Unternehmer
LINUS	Linus	98	Spielzeug	Papst (67–79), Nachfolger des Petrus
DIANEKEATON	Diane Keaton	98	Spielzeug	US-amerikanische Schauspielerin (1946–2025)
YOKOONO	Yoko Ono	98	Spielzeug	japanische Künstlerin, Autorin und Friedensaktivistin
ZHUANGZI	Zhuangzi	98	Spielzeug	chinesischer Philosoph und Dichter
ALICIAKEYS	Alicia Keys	98	Spielzeug	US-amerikanische Sängerin
KARLII	Karl II.	98	Spielzeug	König von Schottland, England und Irland (1630-1685)
MARCUSANTONIUS	Marcus Antonius	98	Spielzeug	römischer Politiker und Feldherr
OSCARNIEMEYER	Oscar Niemeyer	98	Spielzeug	brasilianischer Architekt
DAVIDRICARDO	David Ricardo	98	Spielzeug	britischer Nationalökonom
ALFARABI	al-Farabi	98	Spielzeug	muslimischer Gelehrter und Philosoph
FERRARI	Ferrari	97	Unternehmen|Autohersteller	italienischer Automobilhersteller
OPENAI	Open AI	97	Unternehmen	US-amerikanische Non-Profit-Organisation zur Erforschung und Entwicklung künstlicher Intelligenz
ROBINHOOD	Robin Hood	97	Fiktiver Mensch	Gestalt englischer Balladen und Legenden; historische Belegbarkeit umstritten
INCEPTION	Inception	97	Film	Film von Christopher Nolan (2010)
STMARTIN	St. Martin	97	Insel	Insel im Karibischen Meer
FORL	Forlì	97	Großstadt|Stadt	italienische Gemeinde
KIROW	Kirow	97	Großstadt	Stadt an der Wjatka in der russischen Oblast Kirow
GERA	Gera	97	Großstadt	kreisfreie Mittelstadt in Thüringen, Deutschland
LUZK	Luzk	97	Großstadt	Stadt in der nordwestlichen Ukraine
PHANTHIT	Phan Thiết	97	Großstadt	Stadt in Vietnam
TILBURG	Tilburg	97	Großstadt	niederländische Gemeinde
CATALO	Catalão	97	Großstadt	Gemeinde im Bundesstaat Goiás in Brasilien
MOBILE	Mobile	97	Großstadt	Stadt im US-Bundesstaat Alabama
LAPLATA	La Plata	97	Großstadt	Hauptstadt der Provinz Buenos Aires, Argentinien
RENO	Reno	97	Großstadt	Stadt im US-Bundesstaat Nevada
STPETERSBURG	St. Petersburg	97	Großstadt	Stadt in Florida
SANTAANA	Santa Ana	97	Großstadt	Stadt im US-Bundesstaat Kalifornien
MESA	Mesa	97	Großstadt	Stadt im US-Bundesstaat Arizona
ANNECY	Annecy	97	Großstadt	französische Gemeinde im Departement Haute-Savoie
NARA	Nara	97	Großstadt	Stadt in Japan
SRINAGAR	Srinagar	97	Großstadt	Stadt in Jammu und Kashmir, Indien
TAGANROG	Taganrog	97	Großstadt	Hafenstadt in der Mündungsbucht des Don in Südrussland
GUWAHATI	Guwahati	97	Großstadt	Großstadt in Assam, Indien
CUNEO	Cuneo	97	Stadt	Stadt im Piemont
GITEGA	Gitega	97	Stadt	Hauptstadt von Burundi
SAVONA	Savona	97	Stadt	italienische Gemeinde
SZEKESFEHERVAR	Székesfehérvár	97	Stadt	Stadt in Ungarn
SOUTHTARAWA	South Tarawa	97	Stadt	Hauptstadt der Republik Kiribati
TOLJATTI	Toljatti	97	Stadt	Stadt in der Oblast Samara, Russland
USHUAIA	Ushuaia	97	Stadt	südlichste Stadt Argentiniens
GOIANIA	Goiânia	97	Stadt	Hauptstadt des brasilianischen Bundesstaates Goiás
NEWCASTLEUNITED	Newcastle United	97	Fußballverein	englischer Fußballverein
ASTRONOM	Astronom	97	Beruf	Wissenschaftler der Himmelskörper untersucht
BLOCKCHAIN	Blockchain	97	Fachgebiet	verteilte Datenbank von digitalen Transaktionen
NEWA	Newa	97	Fluss	Fluss in Russland mit Mündung in die Ostsee bei Sankt Petersburg
DIEELENDEN	Die Elenden	97	Literarisches Werk	Roman von Victor Hugo (1862)
SCHNEEWITTCHEN	Schneewittchen	97	Literarisches Werk	Märchen der Brüder Grimm (1812)
BELARUSSEN	Belarussen	97	Ethnie	Weißrussen
TROPOSPHAERE	Troposphäre	97	Spielzeug	unterste Schicht der Erdatmosphäre
ERICHHONECKER	Erich Honecker	97	Spielzeug	deutscher Politiker (KPD, SED), Staatsratsvorsitzender der Deutschen Demokratischen Republik
FRANOISVILLON	François Villon	97	Spielzeug	französischer Poet des Spätmittelalters
PHILIPPEPETAIN	Philippe Pétain	97	Spielzeug	französischer Militärbefehlshaber und Politiker
JZEFPISUDSKI	Józef Piłsudski	97	Spielzeug	polnischer Marschall und Diktator, Staatsmann (1867–1935)
VICTORIABECKHAM	Victoria Beckham	97	Spielzeug	britische Sängerin und Designerin
PSY	Psy	97	Spielzeug	südkoreanischer Sänger und Rapper
FERDINANDBRAUN	Ferdinand Braun	97	Spielzeug	deutscher Physiker, Nobelpreis für Physik 1909
JUDIDENCH	Judi Dench	97	Spielzeug	britische Schauspielerin
URBANII	Urban II.	97	Spielzeug	Papst im 11. Jahrhundert, rief zum Kreuzzug auf
MARKUS	Markus	97	Spielzeug	Gestalt des Neuen Testamentes, erster Bischof von Alexandria, Begründer der koptischen Kirche, Verfasser des Markusevangeliums
DIOKLETIAN	Diokletian	97	Spielzeug	römischer Kaiser (284-305)
ROBERTREDFORD	Robert Redford	97	Spielzeug	US-amerikanischer Schauspieler (1936–2025)
HYDROSPHAERE	Hydrosphäre	97	Spielzeug	Gesamtheit der Meere, Gewässer und Aquifere der Erde
ICHIRMIZUKI	Ichirō Mizuki	97	Spielzeug	japanischer Sänger
AMEDEOAVOGADRO	Amedeo Avogadro	97	Spielzeug	italienischer Physiker und Chemiker
ALVARAALTO	Alvar Aalto	97	Spielzeug	finnischer Architekt und Industriedesigner
SHARONSTONE	Sharon Stone	97	Spielzeug	US-amerikanische Filmschauspielerin
CHARLESBRONSON	Charles Bronson	97	Spielzeug	US-amerikanischer Schauspieler (1921–2003)
EMILIANOZAPATA	Emiliano Zapata	97	Spielzeug	mexikanischer Revolutionär
PAULKLEE	Paul Klee	97	Spielzeug	deutsch-schweizerischer Maler und Grafiker (1879–1940)
JAKOBI	Jakob I.	97	Spielzeug	König von Schottland, England und Irland
GARYCOOPER	Gary Cooper	97	Spielzeug	US-amerikanischer Schauspieler (1901-1961)
JULIUSII	Julius II.	97	Spielzeug	216. Papst (1503–1513)
GREGORYPECK	Gregory Peck	97	Spielzeug	US-amerikanischer Schauspieler (1916–2003)
PIUSVII	Pius VII.	97	Spielzeug	251. Papst der römisch-katholischen Kirche (1742–1823)
FRANCISCRICK	Francis Crick	97	Spielzeug	britischer Physiker und Biochemiker und Mitentdecker der Molekularstruktur der Desoxyribonukleinsäure
OSHO	Osho	97	Spielzeug	indischer Guru
ANTHONYEDEN	Anthony Eden	97	Spielzeug	britischer Politiker
WILHELMIV	Wilhelm IV.	97	Spielzeug	König des Vereinigten Königreichs Großbritannien und Irland, und König von Hannover (1830–1837)
MENACHEMBEGIN	Menachem Begin	97	Spielzeug	israelischer Politiker, Ministerpräsident 1977 bis 1983 (1913–1992)
PROSPERMERIMEE	Prosper Mérimée	97	Spielzeug	französischer Schriftsteller
JASONSTATHAM	Jason Statham	97	Spielzeug	britischer Schauspieler
FRANOISTRUFFAUT	François Truffaut	97	Spielzeug	französischer Filmregisseur, Filmkritiker, Schauspieler und Produzent (1932–1984)
HATSCHEPSUT	Hatschepsut	97	Spielzeug	altägyptische Königin, 5. Pharaonin der 18. Dynastie
MARIO	Mario	96	Fiktiver Mensch|Animierte Figur|Fernsehfigur	fiktiver Charakter
ZOOMANIA	Zoomania	96	Animationsfilm	Animationsfilm (2016)
GEWICHTHEBEN	Gewichtheben	96	Sportart	Sportart, bei der eine Langhantel durch Reißen oder Stoßen zur Hochstrecke gebracht wird
BORNHOLM	Bornholm	96	Insel	dänische Insel
SEELAND	Seeland	96	Insel	Insel in Dänemark
NEUSS	Neuss	96	Großstadt	Großstadt am Rhein in Nordrhein-Westfalen
BRJANSK	Brjansk	96	Großstadt	Stadt in Russland
FORTWAYNE	Fort Wayne	96	Großstadt	Stadt im US-Bundesstaat Indiana
CHARLEROI	Charleroi	96	Großstadt|Stadt	Arrondissement-Hauptstadt im Hennegau in Wallonien; drittgrößte Gemeinde Belgiens
SIOUXFALLS	Sioux Falls	96	Großstadt	Stadt im US-Bundesstaat South Dakota
MERSIN	Mersin	96	Großstadt|Stadt	Stadt in der Türkei
NANCHANG	Nanchang	96	Großstadt	Stadt in China
HEFEI	Hefei	96	Großstadt	Stadt in China
RAIPUR	Raipur	96	Großstadt|Stadt	Stadt in Indien
URBINO	Urbino	96	Stadt	italienische Universitätsstadt mit 13.772 Einwohnern
ORANJESTAD	Oranjestad	96	Stadt	Stadt auf der Karibik-Insel Aruba
SHKODRA	Shkodra	96	Stadt	Stadt in Albanien
BADAJOZ	Badajoz	96	Stadt	Hauptstadt der Provinz Badajoz in der Autonomen Region Extremadura im Südwesten Spaniens
LOBAMBA	Lobamba	96	Stadt	Ort in Eswatini
KORINTH	Korinth	96	Stadt	griechische Hafenstadt auf der Peloponnes
KPOP	K-Pop	96	Musikgenre	Sammelbegriff für koreanischsprachige Popmusik
SAMBA	Samba	96	Musikgenre	brasilianischer Musikstil
ACFLORENZ	AC Florenz	96	Fußballverein	italienischer Fußballverein
ROBOTIK	Robotik	96	Fachgebiet	Sammelbegriff für das Design, Konstruktion und den Betrieb von Robotern
MINERALOGIE	Mineralogie	96	Fachgebiet	Wissenschaft von der Entstehung, den Eigenschaften und der Verwendung der Minerale
IRTYSCH	Irtysch	96	Fluss	Fluss in Russland
MOUNTRUSHMORE	Mount Rushmore	96	Berg	Berg in South Dakota mit einer Skulptur von vier US-Präsidenten
BASKEN	Basken	96	Ethnie	autochthones Volk am Golf von Biskaya
AMPEL	Ampel	96	Gerät	Lichtsignalanlage zur Regelung des Verkehrs
RIBOSOM	Ribosom	96	Spielzeug	Zellorganell für Proteinbiosynthese
GEORG	Georg	96	Spielzeug	christlicher Heiliger
JANKAKUPALA	Janka Kupala	96	Spielzeug	belarussischer Schriftsteller
HORSTKOEHLER	Horst Köhler	96	Spielzeug	9. Bundespräsident der Bundesrepublik Deutschland
JAROSLAVHAEK	Jaroslav Hašek	96	Spielzeug	tschechischer Schriftsteller und Anarchist (1883-1923)
RENEMAGRITTE	René Magritte	96	Spielzeug	belgischer Surrealist (1898–1967)
CECILRHODES	Cecil Rhodes	96	Spielzeug	Gründer des Staates Rhodesien
EMMYNOETHER	Emmy Noether	96	Spielzeug	deutsche Mathematikerin des frühen 20. Jahrhunderts
PEDROALMODVAR	Pedro Almodóvar	96	Spielzeug	spanischer Filmregisseur, Drehbuchautor und Filmproduzent
ANDREABOCELLI	Andrea Bocelli	96	Spielzeug	italienischer Sänger (Tenor) und Liedschreiber
TIMBURTON	Tim Burton	96	Spielzeug	US-amerikanischer Autor, Produzent und Filmregisseur
OTTOHAHN	Otto Hahn	96	Spielzeug	deutscher Chemiker und Nobelpreisträger (1879-1968)
WILHELMWIEN	Wilhelm Wien	96	Spielzeug	deutscher Physiker; Nobelpreisträger für Physik (1911)
SUETON	Sueton	96	Spielzeug	römischer Schriftsteller und Verwaltungsbeamter
EMMYROSSUM	Emmy Rossum	96	Spielzeug	US-amerikanische Schauspielerin
SHIRLEYMACLAINE	Shirley MacLaine	96	Spielzeug	US-amerikanische Filmschauspielerin, Tänzerin und Schriftstellerin
ORLANDOBLOOM	Orlando Bloom	96	Spielzeug	britischer Schauspieler
JAMESSTEWART	James Stewart	96	Spielzeug	US-amerikanischer Schauspieler (1908–1997)
LILLIANGISH	Lillian Gish	96	Spielzeug	US-amerikanische Schauspielerin (1893–1993)
RAVISHANKAR	Ravi Shankar	96	Spielzeug	indischer Sitarspieler und Komponist (1920–2012)
ZAHAHADID	Zaha Hadid	96	Spielzeug	irakisch-britische Architektin und Professorin
XAVI	Xavi	96	Spielzeug	spanischer Fußballspieler und -trainer
LIKEQIANG	Li Keqiang	96	Spielzeug	Ministerpräsident der Volksrepublik China (2013–2023)
DEREKWALCOTT	Derek Walcott	96	Spielzeug	lucianisch-britischer Schriftsteller und Literatur-Nobelpreis-Träger
JESSEOWENS	Jesse Owens	96	Spielzeug	US-amerikanischer Leichtathlet
HAROLDMACMILLAN	Harold Macmillan	96	Spielzeug	britischer Premierminister (Conservative Party, Januar 1957 bis Oktober 1963)
SCHOTARUSTAWELI	Schota Rustaweli	96	Spielzeug	georgischer Dichter
SAMUELAGNON	Samuel Agnon	96	Spielzeug	israelischer hebräischer Schriftsteller
ROGERMOORE	Roger Moore	96	Spielzeug	britischer Schauspieler (1927–2017)
HARRYHOUDINI	Harry Houdini	96	Spielzeug	ungarisch-US-amerikanischer Entfesselungs- und Zauberkünstler (1874–1926)
STEVENWEINBERG	Steven Weinberg	96	Spielzeug	US-amerikanischer Physiker
VERSTECKSPIEL	Versteckspiel	96	Spiel	Kinderspiel
LUA	Lua	95	Programmiersprache	Skript- und Programmiersprache
BASIC	BASIC	95	Programmiersprache	Programmiersprache (1964)
LATEX	LaTeX	95	Dateiformat|Spielzeug	Softwarepaket zur Vereinfachung der Benutzung des Textsatzprogramms TeX mit Hilfe von Makros
FAMILYGUY	Family Guy	95	Animationsserie	US-amerikanische Zeichentrickserie
HUAWEI	Huawei	95	Unternehmen	chinesisches Technologieunternehmen für Kommunikationstechnik mit Sitz in Longgang, Shenzhen
HULK	Hulk	95	Comicfigur	Titelfigur aus den gleichnamigen Marvel-Comics
BAFFININSEL	Baffininsel	95	Insel	Fünftgrößte Insel der Welt im kanadisch-arktischen Archipel
IQUIQUE	Iquique	95	Großstadt	Hafenstadt im Norden von Chile
NOWOROSSIJSK	Noworossijsk	95	Großstadt	russische Hafenstadt in der Region Krasnodar am Schwarzen Meer
TAMBOW	Tambow	95	Großstadt	Stadt in Russland
DAEJEON	Daejeon	95	Großstadt	Großstadt in Südkorea
SYKTYWKAR	Syktywkar	95	Großstadt	Stadt in Russland
ENSCHEDE	Enschede	95	Großstadt	Gemeinde in der Provinz Overijssel, Niederlanden
MYSURU	Mysuru	95	Großstadt|Stadt	indische Stadt
SHIJIAZHUANG	Shijiazhuang	95	Großstadt	Stadt in China
CZSTOCHOWA	Częstochowa	95	Großstadt	Stadt in der Wojwodschaft Schlesien im Süden Polens
HAMILTON	Hamilton	95	Großstadt|Stadt	Stadt in Ontario, Kanada
CRAIOVA	Craiova	95	Großstadt	Stadt im Kreis Dolj, Rumänien
HARGEYSA	Hargeysa	95	Großstadt	Hauptstadt der Republik Somaliland
ESKIEHIR	Eskişehir	95	Großstadt|Stadt	türkische Großstadt in Anatolien
AMASYA	Amasya	95	Großstadt|Stadt	zentraler Bezirk und Kreisstadt in Amasya, Türkei
MEKNES	Meknès	95	Großstadt|Stadt	Großstadt in Marokko
MADURAI	Madurai	95	Großstadt|Stadt	Stadt in Indien
ANDRIA	Andria	95	Stadt	italienische Gemeinde und Hauptstadt der Provinz Barletta-Andria
GALWAY	Galway	95	Stadt	Stadt in der Republik Irland
WHITEHORSE	Whitehorse	95	Stadt	Hauptstadt des Territoriums Yukon in Kanada
YELLOWKNIFE	Yellowknife	95	Stadt	Hauptstadt der Nordwest-Territorien, Kanada
BLOIS	Blois	95	Stadt	französische Gemeinde und Stadt in Loir-et-Cher, Centre-Val de Loire
PORI	Pori	95	Stadt	Stadt in Finnland
LEICESTERCITY	Leicester City	95	Fußballverein	englischer Fußballverein
MODEL	Model	95	Beruf	Person, die sich aus künstlerischen oder kommerziellen Gründen abbilden lässt oder etwas präsentiert
KOCH	Koch	95	Beruf	Person, welche Speisen zubereitet, Ausbildungsberuf
ASTROBIOLOGIE	Astrobiologie	95	Fachgebiet	interdisziplinäre Naturwissenschaft, welche die Möglichkeit der Entstehung und Existenz von außerirdischem Leben erforscht
BLAUERNIL	Blauer Nil	95	Fluss	Fluss in Äthiopien und im Sudan
PESSACH	Pessach	95	Feiertag	jüdisches Befreiungsfest
DAODEJING	Daodejing	95	Literarisches Werk|Schriftwerk	anonym veröffentlichte Sammlung von Spruchkapiteln
MAGYAREN	Magyaren	95	Ethnie	Ethnie, die vorwiegend in Ungarn lebt
SEBASTIANPIERA	Sebastián Piñera	95	Spielzeug	chilenischer Unternehmer und Politiker
JOHNBARDEEN	John Bardeen	95	Spielzeug	US-amerikanischer Physiker und zweifacher Nobelpreisträger
FRITZHABER	Fritz Haber	95	Spielzeug	deutscher Chemiker, Pionier der chemischen Kriegsführung und Nobelpreisträger
ABRAHAMMASLOW	Abraham Maslow	95	Spielzeug	US-amerikanischer Psychologe
TARJAHALONEN	Tarja Halonen	95	Spielzeug	finnische Politikerin, elfte Präsidentin Finnlands (2000–2012)
DANIELORTEGA	Daniel Ortega	95	Spielzeug	nicaraguanischer Politiker, Präsident von Nicaragua und Vorsitzender der Sandinistas
ISLOMKARIMOV	Islom Karimov	95	Spielzeug	Präsident Usbekistans bis 2016
NATHALIADILL	Nathalia Dill	95	Spielzeug	brasilianische Schauspielerin
KEVINRUDD	Kevin Rudd	95	Spielzeug	26. Premierminister von Australien (2007–2010, 2013–2013)
GREGORXIII	Gregor XIII.	95	Spielzeug	Papst (1572-1585)
EDUARDVI	Eduard VI.	95	Spielzeug	englischer König (1537–1553)
KONRADLORENZ	Konrad Lorenz	95	Spielzeug	österreichischer Biologe (Verhaltensforscher) und Nobelpreisträger für Medizin
PAERLAGERKVIST	Pär Lagerkvist	95	Spielzeug	schwedischer Schriftsteller und Dichter
TAWAKKOLKARMAN	Tawakkol Karman	95	Spielzeug	jemenitische Journalistin, Politikerin und Menschenrechtsaktivistin
JOHNCENA	John Cena	95	Spielzeug	US-amerikanischer Schauspieler und ehemaliger Wrestler
GROUCHOMARX	Groucho Marx	95	Spielzeug	US-amerikanischer Komiker (1890–1977)
RUDOLFDIESEL	Rudolf Diesel	95	Spielzeug	deutscher Ingenieur und Erfinder des nach ihm benannten Verbrennungsmotors (1858–1913)
GEORGIAOKEEFFE	Georgia O'Keeffe	95	Spielzeug	US-amerikanische Malerin
JAROSLAVSEIFERT	Jaroslav Seifert	95	Spielzeug	tschechischer Schriftsteller
LIZAMINNELLI	Liza Minnelli	95	Spielzeug	US-amerikanische Schauspielerin und Sängerin
PAULI	Paul I.	95	Spielzeug	Kaiser von Russland (1796-1801), Herzog von Holstein-Gottorf (1762-1773)
ENRIQUEIGLESIAS	Enrique Iglesias	95	Spielzeug	spanischer Sänger
LUISBUUEL	Luis Buñuel	95	Spielzeug	mexikanischer Regisseur
LINDSAYLOHAN	Lindsay Lohan	95	Spielzeug	US-amerikanische Schauspielerin und Sängerin
ZACEFRON	Zac Efron	95	Spielzeug	US-amerikanischer Schauspieler und Sänger
INNOZENZIII	Innozenz III.	95	Spielzeug	Papst
CARLOGOLDONI	Carlo Goldoni	95	Spielzeug	Italienischer Komödiendichter (1707-1793)
GIORGOSSEFERIS	Giorgos Seferis	95	Spielzeug	griechischer Schriftsteller und Diplomat; Nobelpreisträger für Literatur (1963)
SUDOKU	Sudoku	95	Spiel	japanisches Zahlenraster-Logikrätsel
HODENSACK	Hodensack	95	Organ	Hüllorgan für den Hoden bei vielen Säugetieren
PAYPAL	PayPal	94	Website	US-amerikanischer Betreiber eines gleichnamigen Online-Bezahlsystems
PIXAR	Pixar	94	Unternehmen	US-amerikanisches Animationsstudio
YAMAHAMOTOR	Yamaha Motor	94	Börsenunternehmen	japanisches Unternehmen für Motorräder, Boote, Quads und Motoren
ENCANTO	Encanto	94	Animationsfilm	Film von Jared Bush und Byron Howard (2021)
LESBOS	Lesbos	94	Insel	Griechische Insel
JOSCHKAROLA	Joschkar-Ola	94	Großstadt	Hauptstadt von Mari El
HUNTSVILLE	Huntsville	94	Großstadt	Stadt in Alabama, USA
NORFOLK	Norfolk	94	Großstadt	Stadt im US-Bundesstaat Virginia
CORPUSCHRISTI	Corpus Christi	94	Großstadt	Stadt im US-Bundesstaat Texas
SANTOS	Santos	94	Großstadt	Stadt in Brasilien
SHIMLA	Shimla	94	Großstadt|Stadt	Hauptstadt des Bundesstaates Himachal Pradesh in Indien
ERZURUM	Erzurum	94	Großstadt|Stadt	größte Stadt Ostanatoliens
AKRON	Akron	94	Großstadt	Großstadt im US-Bundesstaat Ohio
KAXGAR	Kaxgar	94	Großstadt	kreisfreie Stadt im Regierungsbezirks Kaxgar, Xinjiang, China
CHIBA	Chiba	94	Großstadt|Stadt	Präfekturhauptstadt von Chiba in Japan
KECSKEMET	Kecskemét	94	Großstadt	ungarische Stadt
MARACAIBO	Maracaibo	94	Großstadt|Stadt	Stadt in Venezuela
RANCHI	Ranchi	94	Großstadt	Hauptstadt von Jharkhand
LIMASSOL	Limassol	94	Großstadt	zyprische Großstadt
KUMASI	Kumasi	94	Großstadt|Stadt	Metropole in Ghana
CARRARA	Carrara	94	Stadt	italienische Gemeinde
DOUGLAS	Douglas	94	Stadt	Hauptstadt der Isle of Man
COUNTRYMUSIK	Country-Musik	94	Musikgenre	US-amerikanische populäre Volksmusik
MANTRA	Mantra	94	Musikgenre	heilige Silbe, ein heiliges Wort etc.
FCPORTO	FC Porto	94	Fußballverein	portugiesischer Fußballverein
RABBINER	Rabbiner	94	Beruf	jüdischer Religionsgelehrter
MAAS	Maas	94	Fluss	linker Nebenfluss des Rheinmündungsdeltas
YUKONRIVER	Yukon River	94	Fluss	Fluss in Alaska und im Territorium Yukon
SYRDARJA	Syrdarja	94	Fluss	Fluss in Zentralasien der in den Nördlichen Aralsee mündet
DUENA	Düna	94	Fluss	Strom durch Lettland, Russland und Belarus
EUKLIDSELEMENTE	Euklids Elemente	94	Schriftwerk	Abhandlung des griechischen Mathematikers Euklid
PERSER	Perser	94	Ethnie	ethnische Gruppe
FLASCHENKUERBIS	Flaschenkürbis	94	Spielzeug	Art der Gattung Lagenaria
SEEIGEL	Seeigel	94	Spielzeug	Klasse der Stachelhäuter
LUDWIGIX	Ludwig IX.	94	Spielzeug	König von Frankreich (1226–1270)
DRDRE	Dr. Dre	94	Spielzeug	US-amerikanischer Rapper und Musikproduzent
ALLENGINSBERG	Allen Ginsberg	94	Spielzeug	US-amerikanischer Dichter
ENNIOMORRICONE	Ennio Morricone	94	Spielzeug	italienischer Komponist und Dirigent (1928–2020)
LAURENCEOLIVIER	Laurence Olivier	94	Spielzeug	britischer Regisseur, Theater- und Filmschauspieler (1907–1989)
ADOLFEICHMANN	Adolf Eichmann	94	Spielzeug	deutscher SS-Angehöriger und Kriegsverbrecher, 1962 in Israel hingerichtet
RIDLEYSCOTT	Ridley Scott	94	Spielzeug	Britischer Filmregisseur
LISEMEITNER	Lise Meitner	94	Spielzeug	österreichische Kernphysikerin
JULIAN	Julian	94	Spielzeug	römischer Kaiser (360–363)
ALBERTUSMAGNUS	Albertus Magnus	94	Spielzeug	deutscher Gelehrter und Bischof sowie Kirchenlehrer und Schutzpatron der Naturwissenschaftler
THOMASMUELLER	Thomas Müller	94	Spielzeug	deutscher Fußballspieler
EUGENIOMONTALE	Eugenio Montale	94	Spielzeug	italienischer Schriftsteller
TIGERWOODS	Tiger Woods	94	Spielzeug	US-amerikanischer Profigolfer
STEFFIGRAF	Steffi Graf	94	Spielzeug	deutsche Tennisspielerin
TENZINGNORGAY	Tenzing Norgay	94	Spielzeug	einer der beiden Erstbesteiger des Mount Everest
RONALDROSS	Ronald Ross	94	Spielzeug	englischer Mediziner, Träger des Nobelpreis für Medizin (1902) und Künstler (1857–1932)
THEODOSIUSI	Theodosius I.	94	Spielzeug	römischer (und letzter) Kaiser, der für kurze Zeit das gesamte Römische Reich regierte (379-395)
ANNE	Anne	94	Spielzeug	Königin von England, von Schottland und von Irland (1702–1707); Königin von Großbritannien und von Irland (1707–1714)
VITRUV	Vitruv	94	Spielzeug	römischer Architekt, Ingenieur und Schriftsteller
EDSHEERAN	Ed Sheeran	94	Spielzeug	britischer Singer-Songwriter
NAOTOKAN	Naoto Kan	94	Spielzeug	japanischer Politiker
MARIACALLAS	Maria Callas	94	Spielzeug	griechisch-US-amerikanische Opernsängerin (1923–1977)
HUGOGROTIUS	Hugo Grotius	94	Spielzeug	niederländischer Philosoph und Rechtsgelehrter
DANQUAYLE	Dan Quayle	94	Spielzeug	US-amerikanischer Politiker
LEOX	Leo X.	94	Spielzeug	Sohn von Lorenzo de’ Medici, Papst (1513–1521)
HAROLDWILSON	Harold Wilson	94	Spielzeug	britischer Politiker
GEORGIV	Georg IV.	94	Spielzeug	König des Vereinigten Königreichs Großbritannien und Irland, und König von Hannover (1820–1830)
GABRIELLIPPMANN	Gabriel Lippmann	94	Spielzeug	französischer Physiker und Nobelpreisträger für Physik
FLAVIUSJOSEPHUS	Flavius Josephus	94	Spielzeug	jüdischer Feldherr und Geschichtsschreiber
GEORGEBOOLE	George Boole	94	Spielzeug	englischer Mathematiker und Philosoph
HANSBETHE	Hans Bethe	94	Spielzeug	deutsch-amerikanischer Physiker
PETERSELLERS	Peter Sellers	94	Spielzeug	britischer Schauspieler (1925–1980)
XERXESI	Xerxes I.	94	Spielzeug	persischer Großkönig und Pharao der 27. Dynastie
BILLARD	Billard	94	Spiel	Präzisionssportart
MACINTOSH	Macintosh	93	Marke	Personal-Computer-Produktreihe von Apple
RAMMSTEIN	Rammstein	93	Musikgruppe	Neue-Deutsche-Härte-Band aus Berlin
CURLING	Curling	93	Sportart	Wintersportart
REGINA	Regina	93	Großstadt|Stadt	Hauptstadt der kanadischen Provinz Saskatchewan
HAMM	Hamm	93	Großstadt	kreisfreie Großstadt in Nordrhein-Westfalen, Deutschland
SOLINGEN	Solingen	93	Großstadt	Großstadt in Nordrhein-Westfalen, Deutschland
TAIYUAN	Taiyuan	93	Großstadt	Stadt in China
TOLEDO	Toledo	93	Großstadt	Großstadt im US-Bundesstaat Ohio
TSCHITA	Tschita	93	Großstadt	Stadt in Russland
OLSZTYN	Olsztyn	93	Großstadt|Stadt	Stadt in Ermland-Masuren, Polen
VAN	Van	93	Großstadt|Stadt	Stadt in der Türkei
WILLEMSTAD	Willemstad	93	Großstadt|Stadt	Stadt in Curaçao
GOLDCOAST	Gold Coast	93	Großstadt|Stadt	Stadt in Queensland, Australien
FLORIANPOLIS	Florianópolis	93	Großstadt	Stadt in Brasilien
RUSSE	Russe	93	Großstadt	Stadt an der Donau in Bulgarien
AHVAZ	Ahvaz	93	Großstadt	Stadt im Iran in der Provinz Chuzestan
DEHRADUN	Dehradun	93	Großstadt	Stadt in Indien
JODHPUR	Jodhpur	93	Großstadt|Stadt	Millionenstadt in Rajasthan, Indien
TRUJILLO	Trujillo	93	Großstadt	Hauptstadt der Region La Libertad in Peru
CROTONE	Crotone	93	Stadt	italienische Gemeinde
TRIPOLI	Tripoli	93	Stadt	zweitgrößte Stadt des Libanons
DORDRECHT	Dordrecht	93	Stadt	Stadt und Gemeinde in den Niederlanden
VAASA	Vaasa	93	Stadt	Stadt in Finnland
BANSKABYSTRICA	Banská Bystrica	93	Stadt	Gemeinde in der Slowakei
PUNK	Punk	93	Musikgenre	Stilrichtung der Rockmusik
FCVALENCIA	FC Valencia	93	Fußballverein	spanischer Fußballverein
CHANUKKA	Chanukka	93	Feiertag	jüdisches Fest
DEATHNOTE	Death Note	93	Manga	Manga-Serie
ZHUANG	Zhuang	93	Ethnie	Ethnie der Tai, anerkannte Nationalität in China
MAHAVIRA	Mahavira	93	Spielzeug	Begründer der indischen Religion Jainismus
ANTONINUSPIUS	Antoninus Pius	93	Spielzeug	römischer Kaiser
LENIRIEFENSTAHL	Leni Riefenstahl	93	Spielzeug	deutsche Regisseurin, Fotografin, Schauspielerin und Nazi-Propagandistin (1902–2003)
THOMAS	Thomas	93	Spielzeug	Apostel bzw. Jünger, der Jesus drei Jahre lang begleitete
JAMESCALLAGHAN	James Callaghan	93	Spielzeug	britischer Labour-Politiker (1912–2005); Premierminister 1976–1979
ROBERTPATTINSON	Robert Pattinson	93	Spielzeug	Britischer Schauspieler und Filmproduzent
ARJENROBBEN	Arjen Robben	93	Spielzeug	niederländischer Fußballspieler
BARTHOLOMAEUS	Bartholomäus	93	Spielzeug	christlicher Apostel
PETERHANDKE	Peter Handke	93	Spielzeug	österreichischer Schriftsteller, Dramatiker und Regisseur, Träger des Nobelpreises für Literatur 2019
WILLIAMHARVEY	William Harvey	93	Spielzeug	englischer Arzt und Anatom, Wegbereiter der modernen Physiologie (1578–1657)
HILARYSWANK	Hilary Swank	93	Spielzeug	US-amerikanische Schauspielerin
CHARLTONHESTON	Charlton Heston	93	Spielzeug	US-amerikanischer Schauspieler und Präsident der National Rifle Association of America (1923–2008)
BOETHIUS	Boethius	93	Spielzeug	spätantiker römischer Philosoph und Staatsmann
LEYMAHGBOWEE	Leymah Gbowee	93	Spielzeug	liberianische Bürgerrechtlerin und Politikerin (geb. 1972)
RICHARDSTRAUSS	Richard Strauss	93	Spielzeug	deutscher Komponist
ARSENEWENGER	Arsène Wenger	93	Spielzeug	französischer Fußballtrainer
ALANRICKMAN	Alan Rickman	93	Spielzeug	britischer Theater- und Filmschauspieler sowie Theaterregisseur (1946–2016)
RENEEZELLWEGER	Renée Zellweger	93	Spielzeug	US-amerikanische Schauspielerin
DENNISRITCHIE	Dennis Ritchie	93	Spielzeug	US-amerikanischer Informatiker, Mit-Entwickler des Unix-Betriebssystems und der Programmiersprache C
PRATIBHAPATIL	Pratibha Patil	93	Spielzeug	indische Rechtsanwältin und Politikerin
BEDICHSMETANA	Bedřich Smetana	93	Spielzeug	tschechischer Komponist
ADAMSANDLER	Adam Sandler	93	Spielzeug	US-amerikanischer Schauspieler und Komiker
PAULPOGBA	Paul Pogba	93	Spielzeug	französischer Fußballspieler
PAULIII	Paul III.	93	Spielzeug	Papst (1534–1549)
YUKAWAHIDEKI	Yukawa Hideki	93	Spielzeug	japanischer Physiker
CHRISHEMSWORTH	Chris Hemsworth	93	Spielzeug	australischer Schauspieler
RUPERTMURDOCH	Rupert Murdoch	93	Spielzeug	US-amerikanischer Medienunternehmer, in Australien geboren
NICKELODEON	Nickelodeon	93	Fernsehsender	US-amerikanischer Fernsehsender
REDDIT	Reddit	92	Soziales Netzwerk|Online-Community	sozialer Nachrichtenaggregator und Diskussionsportal
VISUALBASIC	Visual Basic	92	Programmiersprache	Programmiersprache von Microsoft
DRHOUSE	Dr. House	92	Fernsehserie	US-amerikanische Fernsehserie (2004–2012)
SESAMSTRASSE	Sesamstraße	92	Fernsehserie	Fernsehserie für Kinder
TETRIS	Tetris	92	Computerspiel|Spielreihe|Spiel	Puzzle-Computerspiel aus dem Jahr 1984
BARBIE	Barbie	92	Marke|Franchise	Spielzeugpuppenmarke
THEWHO	The Who	92	Musikgruppe	englische Rockband
GREENDAY	Green Day	92	Musikgruppe	US-amerikanische Punk-Rock-Band
DURANDURAN	Duran Duran	92	Musikgruppe	britische Band
FINDETNEMO	Findet Nemo	92	Animationsfilm	Film von Andrew Stanton und Lee Unkrich (2003)
BRAVEHEART	Braveheart	92	Film	Film von Mel Gibson (1995)
SOKOTRA	Sokotra	92	Insel	Insel
VADODARA	Vadodara	92	Großstadt|Stadt	Millionenstadt in Gujarat, Indien
HAGEN	Hagen	92	Großstadt	kreisfreie Großstadt im Regierungsbezirk Arnsberg in Nordrhein-Westfalen, Deutschland
BURBANK	Burbank	92	Großstadt	Großstadt im Los Angeles County im US-Bundesstaat Kalifornien, Vereinigte Staaten
ULSAN	Ulsan	92	Großstadt|Stadt	südkoreanische Stadt
MENDOZA	Mendoza	92	Großstadt	Großstadt in Argentinien, Hauptstadt der gleichnamigen Provinz
RIVERSIDE	Riverside	92	Großstadt	Stadt in Kalifornien
CHIANGMAI	Chiang Mai	92	Großstadt	Großstadt in Thailand
LOEWEN	Löwen	92	Großstadt	Stadt in Belgien
EXETER	Exeter	92	Großstadt|Stadt	Hauptstadt der Grafschaft Devon im Südwesten Englands
SAMSUN	Samsun	92	Großstadt|Stadt	Stadt in der Türkei
SIDON	Sidon	92	Großstadt|Stadt	Siedlung in Libanon
SAMARRA	Samarra	92	Großstadt|Ausgrabungsstätte	Stadt im Irak
DENIZLI	Denizli	92	Großstadt|Stadt	Stadt in der Türkei
NANNING	Nanning	92	Großstadt	Stadt in China
NIIGATA	Niigata	92	Großstadt	Ort in der Präfektur Niigata, Japan
ANAKKALE	Çanakkale	92	Großstadt|Stadt	Bezirk und Stadt in der Provinz Çanakkale, Türkei
KERBELA	Kerbela	92	Großstadt|Stadt	Stadt im Irak
KITAKYSH	Kitakyūshū	92	Großstadt	Ort in der Präfektur Fukuoka, Japan
WISMAR	Wismar	92	Stadt	Stadt in Mecklenburg-Vorpommern
TERRASSA	Terrassa	92	Stadt	Gemeinde in Spanien
INVERNESS	Inverness	92	Stadt	Stadt in Schottland
MONERO	Monero	92	Kryptowährung|Spielzeug	dezentrale Kryptowährung
BENFICALISSABON	Benfica Lissabon	92	Fußballverein	portugiesischer Sportverein
PHYSIKER	Physiker	92	Beruf	Person, die im Bereich der Physik forscht
FIQH	Fiqh	92	Fachgebiet	islamische Rechtswissenschaft der Scharia nach Koran und Hadith
MATTERHORN	Matterhorn	92	Berg	Gipfel in den Walliser Alpen
NORMANNEN	Normannen	92	Ethnie	ethnische Gruppe aus Skandinavien oder Bewohner der Normandie
ESKIMO	Eskimo	92	Ethnie	Sammelbezeichnung für die indigenen Völker im nördlichen Polargebiet
IREN	Iren	92	Ethnie	Ethnie
PALAESTINENSER	Palästinenser	92	Ethnie	Ethnie
ESCHERICHIACOLI	Escherichia coli	92	Spielzeug	Art der Gattung Escherichia
GALBA	Galba	92	Spielzeug	6. römischer Kaiser, Sohn eines C. S. Galba
CHRISTIANWULFF	Christian Wulff	92	Spielzeug	deutscher Politiker (CDU), 10. Bundespräsident der Bundesrepublik Deutschland (2010–2012)
FRANKHERBERT	Frank Herbert	92	Spielzeug	US-amerikanischer Science-Fiction- und Fantasyautor
HASSANALBOLKIAH	Hassanal Bolkiah	92	Spielzeug	Sultan von Brunei Darussalam
MARIONCOTILLARD	Marion Cotillard	92	Spielzeug	französische Schauspielerin
GOTTLOBFREGE	Gottlob Frege	92	Spielzeug	deutscher Mathematiker, Logiker und Philosoph
EVABRAUN	Eva Braun	92	Spielzeug	Geliebte und spätere Ehefrau von Adolf Hitler
WILHELMWUNDT	Wilhelm Wundt	92	Spielzeug	deutscher Arzt, Philosoph und experimenteller Psychologe
MAXSTIRNER	Max Stirner	92	Spielzeug	deutscher Philosoph
SPARTACUS	Spartacus	92	Spielzeug	römischer Sklave und Gladiator thrakischer Herkunft
VENUSWILLIAMS	Venus Williams	92	Spielzeug	US-amerikanische Tennisspielerin
LEOXII	Leo XII.	92	Spielzeug	252. Papst der katholischen Kirche (1823–1829)
ANAKLET	Anaklet	92	Spielzeug	Papst (hypothetische Amtszeit 76–88)
JUANPERN	Juan Perón	92	Spielzeug	argentinischer Politiker, Präsident von Argentinien
ERNSTMACH	Ernst Mach	92	Spielzeug	österreichischer Physiker, Philosoph und Wissenschaftstheoretiker (1838-1916)
JAMESCAGNEY	James Cagney	92	Spielzeug	US-amerikanischer Schauspieler (1899–1986)
RADOVANKARADI	Radovan Karadžić	92	Spielzeug	bosnisch-serbischer Politiker, Psychiater, Autor und verurteilter Kriegsverbrecher
GERARDPIQUE	Gerard Piqué	92	Spielzeug	spanischer Fußballspieler
ROBBIEWILLIAMS	Robbie Williams	92	Spielzeug	britischer Popsänger
NAOMIWATTS	Naomi Watts	92	Spielzeug	britische Schauspielerin
KIMBASINGER	Kim Basinger	92	Spielzeug	US-amerikanische Schauspielerin
DIDIERDROGBA	Didier Drogba	92	Spielzeug	ivorisch-französischer Fußballspieler
LUDOVICOARIOSTO	Ludovico Ariosto	92	Spielzeug	italienischer Dichter der Renaissance (1474–1533)
RACHELWEISZ	Rachel Weisz	92	Spielzeug	britische Schauspielerin
PATRICKWHITE	Patrick White	92	Spielzeug	australischer Literaturnobelpreisträger
RACHELMCADAMS	Rachel McAdams	92	Spielzeug	kanadische Schauspielerin
MUSLIMBRUEDER	Muslimbrüder	92	Partei|Internationale Organisation	transnationale islamistische Bewegung
KUOMINTANG	Kuomintang	92	Partei	Partei in Taiwan
FORTRAN	Fortran	91	Programmiersprache	prozedurale Programmiersprache
WWE	WWE	91	Unternehmen|Börsenunternehmen	US-amerikanisches Wrestling- und Medienunternehmen
EBAY	eBay	91	Unternehmen|Börsenunternehmen|Online-Community	US-amerikanisches, weltweit größtes Internetauktionshaus
NESTLE	Nestlé	91	Unternehmen|Börsenunternehmen	Schweizer Unternehmen
PORSCHE	Porsche	91	Börsenunternehmen|Autohersteller	deutscher Automobilhersteller, Tochterunternehmen der Volkswagen AG
GOOGLEPLAY	Google Play	91	Marke	digitale Software-Vertriebsplattform von Google
DESSERT	Dessert	91	Gericht/Lebensmittel	süße Speise
HOCKEYSPORT	Hockeysport	91	Sportart	Gruppe von Sportarten
CAPRI	Capri	91	Insel	Insel bei Neapel
GRANCANARIA	Gran Canaria	91	Insel	drittgrößte der Kanarischen Inseln
RECKLINGHAUSEN	Recklinghausen	91	Großstadt	Kreisstadt im Ruhrgebiet, Nordrhein-Westfalen, Deutschland
BADALONA	Badalona	91	Großstadt	Gemeinde in Spanien
SIEGEN	Siegen	91	Großstadt	Großstadt an der Sieg und Kreisstadt des Kreises Siegen-Wittgenstein im südöstlichen Nordrhein-Westfalen; Universitätsstadt und Oberzentrum
ALBAIDA	al-Baida	91	Großstadt|Stadt	Stadt in Libyen
HIPHNG	Hải Phòng	91	Großstadt	zentral verwaltete Städte in Vietnam
CHARLESTON	Charleston	91	Großstadt	Stadt im US-Bundesstaat South Carolina
NEWPORT	Newport	91	Großstadt|Stadt	Gemeinde in Wales, Vereinigtes Königreich
REICHENBERG	Reichenberg	91	Großstadt	Stadt in Tschechien
PORTSAID	Port Said	91	Großstadt|Stadt	Hafenstadt an der ägyptischen Mittelmeerküste und am Suez-Kanal
SUES	Sues	91	Großstadt|Stadt	Hafenstadt in Ägypten am Suez-Kanal
GWALIOR	Gwalior	91	Großstadt|Stadt	Stadt in Indien
DARJEELING	Darjeeling	91	Großstadt	Großstadt in Westbengalen, Indien
KNOXVILLE	Knoxville	91	Großstadt	Stadt in Tennessee, USA
YAZD	Yazd	91	Großstadt	Stadt in Iran
GRANDRAPIDS	Grand Rapids	91	Großstadt	Stadt im US-Bundesstaat Michigan
CONSTANTINE	Constantine	91	Großstadt|Stadt	Stadt in Algerien
GUIYANG	Guiyang	91	Großstadt	Stadt in China
GORI	Gori	91	Stadt	Stadt in Georgien
BRADFORD	Bradford	91	Stadt	Stadt in England
LULE	Luleå	91	Stadt	Hauptstadt der Provinz Norrbottens län in Schweden
IQALUIT	Iqaluit	91	Stadt	Stadt in Kanada
ANGKOR	Angkor	91	Stadt|Ausgrabungsstätte	Region nahe der Stadt Siem Reap in Kambodscha, die einst das Zentrum des Khmer-Königreiches Kambuja bildete. Heute diverse archäologische Stätten
SHILLONG	Shillong	91	Stadt	Stadt in Indien
SOZIOLINGUISTIK	Soziolinguistik	91	Fachgebiet	Wissenschaft von der Sprache im Zusammenhang mit Gesellschaft, Politik und Kultur
KOGNITION	Kognition	91	Fachgebiet	Informationsumgestaltung durch ein verhaltenssteuerndes System
COLUMBIARIVER	Columbia River	91	Fluss	nordamerikanischer Fluss
HUDSONRIVER	Hudson River	91	Fluss	Fluss in den US-Bundesstaaten New York und New Jersey
RIOGRANDE	Rio Grande	91	Fluss	Fluss in den USA und Mexiko
KAILASH	Kailash	91	Berg	heiliger, unbestiegener Berg in Tibet
DERALCHIMIST	Der Alchimist	91	Literarisches Werk	Roman des brasilianischen Schriftstellers Paulo Coelho
TSCHETSCHENEN	Tschetschenen	91	Ethnie	ethnische Gruppe der Wainachen
TADJIKEN	Tadjiken	91	Ethnie	alternative Bezeichnung für Perser
BOHNE	Bohne	91	Spielzeug	Samen der Hülsenfrüchtler, Frisch- oder Trockengemüse, nach Kochen genießbar
MARCELDUCHAMP	Marcel Duchamp	91	Spielzeug	französisch-amerikanischer Maler und Objektkünstler (1887–1968)
SAUERKIRSCHE	Sauerkirsche	91	Spielzeug	Art der Gattung Prunus
KEVINSPACEY	Kevin Spacey	91	Spielzeug	US-amerikanischer Schauspieler und Regisseur
THOMASYOUNG	Thomas Young	91	Spielzeug	englischer Augenarzt und Physiker (1773-1829)
ROBERTOBAGGIO	Roberto Baggio	91	Spielzeug	italienischer Fußballspieler
FERNANDOTORRES	Fernando Torres	91	Spielzeug	spanischer Fußballspieler
NADIACOMNECI	Nadia Comăneci	91	Spielzeug	rumänische Kunstturnerin (geb. 1961)
ANDYMURRAY	Andy Murray	91	Spielzeug	britischer Tennisspieler
NICOLASPOUSSIN	Nicolas Poussin	91	Spielzeug	französischer Maler
ANTONBRUCKNER	Anton Bruckner	91	Spielzeug	österreichischer Komponist
MATAHARI	Mata Hari	91	Spielzeug	niederländische Tänzerin, Kurtisane und Spionin (1876-1917)
GERDMUELLER	Gerd Müller	91	Spielzeug	deutscher Fußballspieler (1945–2021)
OTTOI	Otto I.	91	Spielzeug	ostfränkischer König, römisch-deutscher Kaiser, Herzog von Sachsen
CHLODWIGI	Chlodwig I.	91	Spielzeug	fränkischer König, Merowinger, Begründer des Frankenreiches
ANAXIMENES	Anaximenes	91	Spielzeug	vorsokratischer Naturphilosoph
BILLIEHOLIDAY	Billie Holiday	91	Spielzeug	US-amerikanische Jazz-Sängerin (1915–1959)
JOHNUPDIKE	John Updike	91	Spielzeug	US-amerikanischer Schriftsteller
ISABELLEADJANI	Isabelle Adjani	91	Spielzeug	französische Schauspielerin
HILARYDUFF	Hilary Duff	91	Spielzeug	US-amerikanische Sängerin und Schauspielerin
HENRIBARBUSSE	Henri Barbusse	91	Spielzeug	französischer Politiker und Schriftsteller (1873–1935)
BENEDIKTXIV	Benedikt XIV.	91	Spielzeug	Papst der katholischen Kirche (1740–1758)
GREGORVII	Gregor VII.	91	Spielzeug	Papst (1073–1085)
TOBEYMAGUIRE	Tobey Maguire	91	Spielzeug	US-amerikanischer Schauspieler
KARLGJELLERUP	Karl Gjellerup	91	Spielzeug	dänischer Schriftsteller und Nobelpreisträger
CLAUDESIMON	Claude Simon	91	Spielzeug	französischer Schriftsteller
PIUSV	Pius V.	91	Spielzeug	Papst (1566–1572) und Heiliger
NORODOMSIHANOUK	Norodom Sihanouk	91	Spielzeug	kambodschanischer Adliger, König von Kambodscha
IANMCKELLEN	Ian McKellen	91	Spielzeug	britischer Film- und Theaterschauspieler
HEILIGESLAND	Heiliges Land	91	Ort	Bezeichnung für die Region, die in der Hebräischen Bibel als Kanaan, Eretz Israel oder Gelobtes Land bezeichnet wird
LOST	Lost	90	Fernsehserie	US-amerikanische Fernsehserie (2004–2010)
GENERALMOTORS	General Motors	90	Unternehmen|Börsenunternehmen|Autohersteller	US-amerikanischer Automobilhersteller
REUTERS	Reuters	90	Unternehmen	internationale Nachrichtenagentur mit Sitz in London
NISSAN	Nissan	90	Börsenunternehmen|Marke|Autohersteller	japanischer Automobilhersteller
RADIOHEAD	Radiohead	90	Musikgruppe	englische Band
RATATOUILLE	Ratatouille	90	Animationsfilm	US-amerikanischer Animationsfilm
PILAW	Pilaw	90	Gericht/Lebensmittel	orientalisches Reisgericht
MENORCA	Menorca	90	Insel	eine der Balearischen Inseln im Mittelmeer
KAGOSHIMA	Kagoshima	90	Großstadt	Stadt in Japan
CIUDADJUAREZ	Ciudad Juárez	90	Großstadt	Stadt in Chihuahua, Mexiko
PLANO	Plano	90	Großstadt	Stadt im US-Bundesstaat Texas
SOSNOWIEC	Sosnowiec	90	Großstadt|Stadt	kreisfreie Stadt in Polen
ANNARBOR	Ann Arbor	90	Großstadt	Großstadt im US-Bundesstaat Michigan
KERTSCH	Kertsch	90	Großstadt	Stadt auf der Halbinsel Kertsch in der Krim, Ukraine
NYREGYHAZA	Nyíregyháza	90	Großstadt|Stadt	Stadt im Nordosten Ungarns
SHIZUOKA	Shizuoka	90	Großstadt	Ort in der Präfektur Shizuoka, Japan
KUMAMOTO	Kumamoto	90	Großstadt	Ort in der Präfektur Kumamoto, Japan
SPOKANE	Spokane	90	Großstadt	Großstadt im US-Bundesstaat Washington
HAIKOU	Haikou	90	Großstadt	Stadt in China
KANAZAWA	Kanazawa	90	Großstadt	Ort in der Präfektur Ishikawa, Japan
VERBANIA	Verbania	90	Stadt	italienische Gemeinde
OSIJEK	Osijek	90	Stadt	kroatische Stadt am Ufer der Drau
IMPERIA	Imperia	90	Stadt	italienische Gemeinde
WOLVERHAMPTON	Wolverhampton	90	Stadt	britische Großstadt
KARS	Kars	90	Stadt	Distrikt und Hauptstadt der gleichnamigen Provinz Kars
CASERTA	Caserta	90	Stadt	italienische Gemeinde
SIVAS	Sivas	90	Stadt	Stadt in der Provinz Sivas, Türkei
SALISBURY	Salisbury	90	Stadt	Stadt in England, Vereinigtes Königreich
AIZAWL	Aizawl	90	Stadt	Hauptstadt des indischen Bundesstaates Mizoram
OHRID	Ohrid	90	Stadt	Stadt in Nordmazedonien
MALER	Maler	90	Beruf	bildender Künstler der Malerei
MAIN	Main	90	Fluss	rechter Nebenfluss des Rheins
EBRO	Ebro	90	Fluss	Fluss im Nordosten Spaniens
LIMPOPO	Limpopo	90	Fluss	Fluss in Afrika
NANGAPARBAT	Nanga Parbat	90	Berg	Berg im Himalaya und mit 8125 m der neunthöchste Berg der Erde
DHAULAGIRI	Dhaulagiri	90	Berg	Berg im Himalaya
KRIMTATAREN	Krimtataren	90	Ethnie	turksprachige Ethnie
ZULU	Zulu	90	Ethnie	Ethnie in Afrika
SPANIER	Spanier	90	Ethnie	Personen, die in einem Teil Spaniens beheimatet sind oder die spanische Staatsbürgerschaft besitzen
ASSYRER	Assyrer	90	Ethnie	ethnische Minderheit im Nahen Osten
MIKROWELLENHERD	Mikrowellenherd	90	Werkzeug	Gerät zum schnellen Erwärmen von Speisen, Flüssigkeiten und anderen geeigneten Stoffen
GAENSEGEIER	Gänsegeier	90	Spielzeug	Art der Gattung Gyps
KURTWALDHEIM	Kurt Waldheim	90	Spielzeug	österreichischer Politiker und Diplomat
ASCII	ASCII	90	Spielzeug	7-Bit-Zeichenkodierung
MARTIAL	Martial	90	Spielzeug	römischer Dichter
LUDWIGERHARD	Ludwig Erhard	90	Spielzeug	deutscher Politiker (CDU) und Wirtschaftswissenschaftler, 2. Bundeskanzler der Bundesrepublik Deutschland (1963–1966)
LUDWIGXVIII	Ludwig XVIII.	90	Spielzeug	König von Frankreich und Navarra von 1815 bis 1824
DAVIDGUETTA	David Guetta	90	Spielzeug	französischer DJ und Musikproduzent
PIUSVIII	Pius VIII.	90	Spielzeug	253. Papst der katholischen Kirche
OSWALDSPENGLER	Oswald Spengler	90	Spielzeug	deutscher Geschichtsphilosoph und Kulturhistoriker
YOWERIMUSEVENI	Yoweri Museveni	90	Spielzeug	Präsident von Uganda
MILOZEMAN	Miloš Zeman	90	Spielzeug	Präsident der Tschechischen Republik (2013-2023)
BRIELARSON	Brie Larson	90	Spielzeug	US-amerikanisch-kanadische Schauspielerin
EMILFISCHER	Emil Fischer	90	Spielzeug	deutscher Chemiker und Nobelpreisträger
JOHANNSTRAUSS	Johann Strauss	90	Spielzeug	österreichisch-deutscher Kapellmeister und Komponist (1825–1899)
KIMIRAEIKKOENEN	Kimi Räikkönen	90	Spielzeug	finnischer Automobilrennfahrer
NELLYFURTADO	Nelly Furtado	90	Spielzeug	kanadische Sängerin
PIUSII	Pius II.	90	Spielzeug	Papst (1458–1464)
WILHELMOSTWALD	Wilhelm Ostwald	90	Spielzeug	balten-deutscher Chemiker und Nobelpreisträger (1853-1932)
FERDINANDII	Ferdinand II.	90	Spielzeug	König von Spanien und Aragonien
ROBERTWALPOLE	Robert Walpole	90	Spielzeug	erster Premierminister Großbritanniens
BRIANMAY	Brian May	90	Spielzeug	britischer Musiker und Astrophysiker
SERGIOAGUEERO	Sergio Agüero	90	Spielzeug	argentinischer Fußballspieler
ARTHURBALFOUR	Arthur Balfour	90	Spielzeug	britischer Politiker und Premierminister
JOLINTSAI	Jolin Tsai	90	Spielzeug	taiwanesische Sängerin, Songwriterin und Schauspielerin
EDWARDNORTON	Edward Norton	90	Spielzeug	US-amerikanischer Schauspieler
PIUSVI	Pius VI.	90	Spielzeug	Papst (1775–1799)
LUKASPODOLSKI	Lukas Podolski	90	Spielzeug	deutscher Fußballspieler
POLYBIOS	Polybios	90	Spielzeug	griechischer Historiker
URBANVIII	Urban VIII.	90	Spielzeug	235. Papst der katholischen Kirche
HENRYCAVENDISH	Henry Cavendish	90	Spielzeug	britischer Naturwissenschaftler
JUDELAW	Jude Law	90	Spielzeug	britischer Schauspieler
TERRAKOTTAARMEE	Terrakotta-Armee	90	Ausgrabungsstätte	archäologische Stätte in der Volksrepublik China
MYSPACE	Myspace	89	Website|Soziales Netzwerk|Online-Community	soziales Netzwerk
PRISONBREAK	Prison Break	89	Fernsehserie	US-amerikanische Fernsehserie (2005–2017)
NIKE	Nike	89	Unternehmen|Börsenunternehmen	US-amerikanischer Sportartikelhersteller
TURKISHAIRLINES	Turkish Airlines	89	Börsenunternehmen|Fluggesellschaft	türkische Fluggesellschaft
HOMERSIMPSON	Homer Simpson	89	Fiktiver Mensch|Animierte Figur|Fernsehfigur	Figur der Simpsons
VAIANA	Vaiana	89	Animationsfilm	Computeranimationsfilm von Ron Clements und John Musker (2016)
SANTORIN	Santorin	89	Insel	griechische Kykladeninsel
CLIPPERTONINSEL	Clipperton-Insel	89	Insel	französische Insel im Pazifischen Ozean
OKINAWAHONT	Okinawa Hontō	89	Insel	kleinste der fünf Hauptinseln Japans
MUSICAL	Musical	89	Musikgenre	Form populären Musiktheaters
KAVALLERIE	Kavallerie	89	Beruf	berittene Waffengattung oder Einheit
OHIORIVER	Ohio River	89	Fluss	Nebenfluss des Mississippi
RIOPARANA	Rio Paraná	89	Fluss	Fluss in Südamerika
WEISSERNIL	Weißer Nil	89	Fluss	Quellfluss des Nils
MAKALU	Makalu	89	Berg	Berg im Himalaya und mit 8485 m der fünfthöchste Berg der Erde
ABSTRAKTEKUNST	Abstrakte Kunst	89	Kunstrichtung	Kunstrichtungen, deren Darstellungen losgelöst von Natur und realen Gegenständen sind
MOBYDICK	Moby-Dick	89	Literarisches Werk	Roman von Herman Melville
DASKAPITAL	Das Kapital	89	Literarisches Werk	Buch in drei Bänden von Karl Marx, herausgegeben von Friedrich Engels
SERBEN	Serben	89	Ethnie	südslawische Ethnie
TSCHECHEN	Tschechen	89	Ethnie	westslawische Ethnie
FINNEN	Finnen	89	Ethnie	finno-ugrisches Volk in Nordeuropa
STRATOSPHAERE	Stratosphäre	89	Spielzeug	zweite Schicht der Erdatmosphäre
SCHINKEN	Schinken	89	Spielzeug	Keule des Schweins oder fertig zubereitetes Fleischerzeugnis
CYTOPLASMA	Cytoplasma	89	Spielzeug	Zellbestandteil
CHLOROPLAST	Chloroplast	89	Spielzeug	pflanzliches Zellorganell
SACCHAROSE	Saccharose	89	Spielzeug	chemische Verbindung von Haushaltszucker
OLIVIERGIROUD	Olivier Giroud	89	Spielzeug	französischer Fußballspieler
FRANCKRIBERY	Franck Ribéry	89	Spielzeug	französischer Fußballspieler und -trainer
CARACALLA	Caracalla	89	Spielzeug	römischer Kaiser
JOSERIZAL	José Rizal	89	Spielzeug	philippinischer Schriftsteller, Arzt und Kritiker des Kolonialismus
ALBERTII	Albert II.	89	Spielzeug	Fürst von Monaco (* 1958)
HERAKLEIOS	Herakleios	89	Spielzeug	Kaiser des Byzantinischen Reiches von 610 bis 641
AHMETDAVUTOLU	Ahmet Davutoğlu	89	Spielzeug	türkischer Politiker; Politikwissenschaftler
EMOMALIIRAHMON	Emomalii Rahmon	89	Spielzeug	tadschikischer Politiker, Staatspräsident von Tadschikistan
ROBERTFICO	Robert Fico	89	Spielzeug	slowakischer Jurist und Politiker
ADAYONATH	Ada Yonath	89	Spielzeug	israelische Strukturbiologin und Nobelpreisträgerin (1939–2026)
PETERUSTINOV	Peter Ustinov	89	Spielzeug	britischer Schauspieler, Regisseur und Schriftsteller (1921–2004)
AKON	Akon	89	Spielzeug	US-amerikanischer Sänger
DRAKE	Drake	89	Spielzeug	kanadischer Rapper und Schauspieler
GUSTAVHERTZ	Gustav Hertz	89	Spielzeug	deutscher Physiker und Nobelpreisträger (1887–1975)
HANSZIMMER	Hans Zimmer	89	Spielzeug	deutscher Filmkomponist
WALTERGROPIUS	Walter Gropius	89	Spielzeug	deutscher Architekt und der Gründer des Bauhauses (1883–1969)
LUDWIGBOLTZMANN	Ludwig Boltzmann	89	Spielzeug	österreichischer Physiker
LOUISBRAILLE	Louis Braille	89	Spielzeug	Erfinder der nach ihm benannten Brailleschrift
WILLIAMWALLACE	William Wallace	89	Spielzeug	schottischer Freiheitskämpfer
PEGASOS	Pegasos	89	Spielzeug	Pferd mit Flügeln
SILVESTERI	Silvester I.	89	Spielzeug	Papst (314-335)
GARYLINEKER	Gary Lineker	89	Spielzeug	englischer Fußballspieler
DANIELBERNOULLI	Daniel Bernoulli	89	Spielzeug	Schweizer Mathematiker und Physiker
JOSEECHEGARAY	José Echegaray	89	Spielzeug	spanischer Schriftsteller, Politiker (1832-1916)
JOHNFORD	John Ford	89	Spielzeug	US-amerikanischer Filmregisseur (1894–1973)
JAKOBII	Jakob II.	89	Spielzeug	König von England, Schottland und Irland
GIORGIOVASARI	Giorgio Vasari	89	Spielzeug	italienischer Architekt, Hofmaler der Medici und Biograph italienischer Künstler (1511–1574)
ITALOCALVINO	Italo Calvino	89	Spielzeug	italienischer Schriftsteller (1923–1985)
FRANZII	Franz II.	89	Spielzeug	König von Ungarn sowie letzter Kaiser des Heiligen Römischen Reiches und erster Kaiser von Österreich
PINK	Pink	89	Spielzeug	US-amerikanische Sängerin, Songwriterin und Schauspielerin
EWANMCGREGOR	Ewan McGregor	89	Spielzeug	britisch-US-amerikanischer Schauspieler
OLOFPALME	Olof Palme	89	Spielzeug	schwedischer sozialdemokratischer Politiker, zweimaliger Ministerpräsident Schwedens
SERGIOLEONE	Sergio Leone	89	Spielzeug	italienischer Filmregisseur, Drehbuchautor und Produzent
GEORGII	Georg II.	89	Spielzeug	König von Großbritannien und Irland (1727–1760), Kurfürst von Braunschweig-Lüneburg
LABOURPARTY	Labour Party	89	Partei	britische sozialdemokratische Arbeiterpartei
ALJAZEERA	Al Jazeera	89	Fernsehsender	arabischer Nachrichtensender auf Arabisch und Englisch mit Sitz in Doha, Katar
MARACAN	Maracanã	89	Stadion	Fußballstadion in Brasilien
ROBLOX	Roblox	88	Computerspiel|Spiel	Computerspiel aus dem Jahr 2006
XIAOMI	Xiaomi	88	Unternehmen	chinesischer Technologiekonzern
OPEL	Opel	88	Autohersteller	deutscher Automobilhersteller
AENEAS	Aeneas	88	Fiktiver Mensch	Person der griechischen Mythologie
DORNROESCHEN	Dornröschen	88	Animationsfilm	Zeichentrickfilm der Walt-Disney-Studios aus dem Jahr 1959
NUDEL	Nudel	88	Nahrung	beliebig geformte Teigwaren, die vor dem Verzehr gekocht werden
EISKUNSTLAUF	Eiskunstlauf	88	Sportart	Form des Eislaufs
LONGISLAND	Long Island	88	Insel	Insel im US-Bundesstaat New York
DINGO	Dingo	88	Hunderasse	Unterart der Art Wolf (Canis lupus)
ATALANTABERGAMO	Atalanta Bergamo	88	Fußballverein	italienischer Fußballklub
ATHLETICBILBAO	Athletic Bilbao	88	Fußballverein	Fußballverein aus dem Baskenland, Spanien
MOSEL	Mosel	88	Fluss	linker Nebenfluss des Mittelrheins
DOURO	Douro	88	Fluss	Fluss auf der iberischen Halbinsel
ORANJE	Oranje	88	Fluss	Fluss in Lesotho, Südafrika und Namibia
MURRAYRIVER	Murray River	88	Fluss	Fluss in Australien
THETIMES	The Times	88	Zeitung|Periodikum|Online-Enzyklopädie	nationale Tageszeitung aus Großbritannien
FRANKENSTEIN	Frankenstein	88	Literarisches Werk	Roman von Mary Shelley (1818)
TSCHUWASCHEN	Tschuwaschen	88	Ethnie	turkstämmige Ethnie in Osteuropa, Nachfahren der Wolgabulgaren
KETTE	Kette	88	Werkzeug|Kleidung|Spielzeug	Aneinanderreihung von mindestens 3 beweglichen, ineinandergefügten oder mit Gelenken verbundenen Gliedern
BIGBEN	Big Ben	88	Werkzeug|Musikinstrument|Spielzeug	Uhrturm am Palace of Westminster in London mit der Glocke Big Ben
MUSKATNUSS	Muskatnuss	88	Spielzeug	verschiedene Arten der Gattung Muskatnussbäume (Myristica)
ORGANELL	Organell	88	Spielzeug	strukturell abgrenzbarer Bereich einer Zelle mit einer besonderen Funktion
LAIKA	Laika	88	Spielzeug	sowjetischer Raumfahrthund
UTHANT	U Thant	88	Spielzeug	birmanischer Politiker, UN-Generalsekretär (1961-1971)
DUKEELLINGTON	Duke Ellington	88	Spielzeug	US-amerikanischer Jazzpianist und Komponist (1899–1974)
PIERRETRUDEAU	Pierre Trudeau	88	Spielzeug	15. Premierminister von Kanada (1968–1979, 1980–1984)
ROBERTOBENIGNI	Roberto Benigni	88	Spielzeug	italienischer Schauspieler, Drehbuchautor und Filmregisseur (geb. 1952)
DANNYDEVITO	Danny DeVito	88	Spielzeug	US-amerikanischer Schauspieler, Regisseur und Filmproduzent
EDUARDI	Eduard I.	88	Spielzeug	König von England, Herr von Irland und Herzog von Aquitanien (1272-1307)
JAMESFRANCK	James Franck	88	Spielzeug	deutsch-amerikanischer Physiker (1882–1964)
COURTENEYCOX	Courteney Cox	88	Spielzeug	US-amerikanische Schauspielerin
THIBAUTCOURTOIS	Thibaut Courtois	88	Spielzeug	belgischer Fußballtorwart
JAYZ	Jay-Z	88	Spielzeug	US-amerikanischer Rapper, Musikproduzent und Unternehmer
KARLDOENITZ	Karl Dönitz	88	Spielzeug	deutscher Großadmiral und Oberbefehlshaber der Kriegsmarine; letzter deutscher Reichspräsident
MARKRUFFALO	Mark Ruffalo	88	Spielzeug	US-amerikanischer Schauspieler
ROBERTMUSIL	Robert Musil	88	Spielzeug	österreichischer Schriftsteller und Theaterkritiker
JOHNHERSCHEL	John Herschel	88	Spielzeug	britischer Astronom
MILOFORMAN	Miloš Forman	88	Spielzeug	tschechischstämmiger US-amerikanischer Filmregisseur
TARAS	Tarō Asō	88	Spielzeug	japanischer Politiker
PAULV	Paul V.	88	Spielzeug	233. Papst der römisch-katholischen Kirche (1605–1621)
RUPERTGRINT	Rupert Grint	88	Spielzeug	britischer Schauspieler
GEORGESSIMENON	Georges Simenon	88	Spielzeug	belgischer Schriftsteller
RICHARDIII	Richard III.	88	Spielzeug	König von England (1452–1485)
THORHEYERDAHL	Thor Heyerdahl	88	Spielzeug	norwegischer Anthropologe und Abenteurer (1914-2002)
AVAGARDNER	Ava Gardner	88	Spielzeug	US-amerikanische Schauspielerin
RICHARDGERE	Richard Gere	88	Spielzeug	US-amerikanischer Schauspieler
JUNICHIRKOIZUMI	Jun’ichirō Koizumi	88	Spielzeug	japanischer Politiker, Premierminister von Japan
DENNISGABOR	Dennis Gábor	88	Spielzeug	ungarischer Ingenieur
ANGELADAVIS	Angela Davis	88	Spielzeug	US-amerikanische Bürgerrechtlerin, Soziologin und Schriftstellerin
GEORGEBEST	George Best	88	Spielzeug	nordirischer Fußballspieler (1946–2005)
NASREDDIN	Nasreddin	88	Spielzeug	türkische Sagenfigur
NARZISSMUS	Narzissmus	88	Symptom	sich selbst bewundernde und andere Menschen abwertende Geisteshaltung
ALTEWELT	Alte Welt	88	Ort	vor 1492 für Europa bekannte Kontinente
METAPLATFORMS	Meta Platforms	87	Unternehmen|Börsenunternehmen	US-amerikanisches Technologieunternehmen mit Hauptsitz in Menlo Park, Kalifornien
ADOBE	Adobe	87	Unternehmen|Börsenunternehmen	US-amerikanisches Softwareunternehmen
FIAT	Fiat	87	Unternehmen|Autohersteller	Italienisches Automobilunternehmen
BIATHLON	Biathlon	87	Sportart	Kombinationssportart aus Skilanglauf und Schießen
RUDERSPORT	Rudersport	87	Sportart	olympische Wassersportart
FCBOLOGNA	FC Bologna	87	Fußballverein	italienischer Fußballklub
PERSEPOLISFC	Persepolis FC	87	Fußballverein	iranischer Fußballverein
FCSEVILLA	FC Sevilla	87	Fußballverein	spanischer Fußballverein
DISCJOCKEY	Discjockey	87	Beruf	Person, die auf Tonträgern enthaltene Musik in individueller Auswahl vor Publikum abspielt
UNTERNEHMER	Unternehmer	87	Beruf	Leiter eines eigenen Wirtschaftsunternehmens
BUDGET	Budget	87	Fachgebiet	Geldbetrag, der für etwas zur Verfügung steht
GODAVARI	Godavari	87	Fluss	Fluss in Indien
THEISS	Theiß	87	Fluss	linker Nebenfluss der Donau in Osteuropa
MAUNAKEA	Mauna Kea	87	Berg	höchster Berg auf Hawaii
SINAI	Sinai	87	Berg	Berg auf der Halbinsel Sinai
KARIKATUR	Karikatur	87	Kunstrichtung	komisch überzeichnete Darstellung von Menschen oder gesellschaftlichen Zuständen
SILVESTER	Silvester	87	Feiertag	Feier des neuen Jahres
ROHINGYA	Rohingya	87	Ethnie	Volksgruppe in Südostasien; muslimische Minderheit in Myanmar
KONTRABASS	Kontrabass	87	Werkzeug|Musikinstrument	größtes Streichinstrument
ZELLMEMBRAN	Zellmembran	87	Spielzeug	Grenzschicht einer Zelle
OTHO	Otho	87	Spielzeug	7. römischer Kaiser
MASIELALUSHA	Masiela Lusha	87	Spielzeug	US-amerikanische Schauspielerin
HADRIANVI	Hadrian VI.	87	Spielzeug	Papst (1522–1523)
EMANUELLASKER	Emanuel Lasker	87	Spielzeug	deutscher Schachspieler, Mathematiker und Philosoph, Schachweltmeister 1894 bis 1921
JOHANNESSTARK	Johannes Stark	87	Spielzeug	deutscher Physiker (1874-1957)
BRYANCRANSTON	Bryan Cranston	87	Spielzeug	US-amerikanischer Schauspieler
NAFTALIBENNETT	Naftali Bennett	87	Spielzeug	israelischer Politiker und Unternehmer
ABDUSSALAM	Abdus Salam	87	Spielzeug	pakistanischer Physiker und Nobelpreisträger
NORODOMSIHAMONI	Norodom Sihamoni	87	Spielzeug	König von Kambodscha
SPENCERTRACY	Spencer Tracy	87	Spielzeug	US-amerikanischer Schauspieler (1900–1967)
HERBERTMARCUSE	Herbert Marcuse	87	Spielzeug	deutsch-amerikanischer Philosoph und Soziologe
ALFREDWEGENER	Alfred Wegener	87	Spielzeug	deutscher Meteorologe, Polar- und Geowissenschaftler
RUDOLFHESS	Rudolf Heß	87	Spielzeug	Privatsekretär, deutscher Politiker (NSDAP), MdR (1894—1987)
JUERGENKLOPP	Jürgen Klopp	87	Spielzeug	deutscher Fußballspieler und -trainer
RYANGIGGS	Ryan Giggs	87	Spielzeug	walisischer Fußballspieler
MICHAELCOLLINS	Michael Collins	87	Spielzeug	US-amerikanischer Astronaut und Testpilot
FELSENDOM	Felsendom	87	Spielzeug	Islamisches Gebäude in Al-Aqsa, Jerusalem
BENSTILLER	Ben Stiller	87	Spielzeug	US-amerikanischer Schauspieler, Drehbuchautor, Filmregisseur und Filmproduzent
EVARISTUS	Evaristus	87	Spielzeug	5. Papst (etwa 98–105)
JULIOIGLESIAS	Julio Iglesias	87	Spielzeug	spanischer Sänger und Rechtsanwalt
GIULIOANDREOTTI	Giulio Andreotti	87	Spielzeug	italienischer Politiker (1919–2013)
STEVEIRWIN	Steve Irwin	87	Spielzeug	australischer Dokumentarfilmer, Abenteurer und Zoodirektor (1962–2006)
CAMILLEPISSARRO	Camille Pissarro	87	Spielzeug	Maler des Impressionismus und Wegbereiter des Neoimpressionismus
RICKYMARTIN	Ricky Martin	87	Spielzeug	puerto-ricanischer Sänger
PAULKRUGMAN	Paul Krugman	87	Spielzeug	US-amerikanischer Ökonom und Publizist
HOWARDCARTER	Howard Carter	87	Spielzeug	britischer Ägyptologe
SALLYRIDE	Sally Ride	87	Spielzeug	US-amerikanische Astrophysikerin und Astronautin
BONIFATIUSVIII	Bonifatius VIII.	87	Spielzeug	193. Papst der katholischen Kirche
BEDAVENERABILIS	Beda Venerabilis	87	Spielzeug	englischer Mönch und Heiliger
JEANPERRIN	Jean Perrin	87	Spielzeug	französischer Physiker
TJHIDEKI	Tōjō Hideki	87	Spielzeug	40. japanischer Premierminister und General
JOECOCKER	Joe Cocker	87	Spielzeug	britischer Sänger (1944-2014)
AIRFRANCE	Air France	87	Fluggesellschaft	nationale Fluggesellschaft Frankreichs
SEPSIS	Sepsis	87	Symptom	komplexe systemische Entzündungsreaktion des Organismus
KANO	Kano	87	Ort	Ort in Nigeria
LINKEDIN	LinkedIn	86	Soziales Netzwerk|Spielzeug|Suchmaschine|Online-Community|Große Plattform	soziales Netzwerk für Geschäftskontakte
LAMBORGHINI	Lamborghini	86	Unternehmen|Autohersteller	italienischer Automobilhersteller; Tochterunternehmen der Volkswagen AG
CHEVROLET	Chevrolet	86	Autohersteller	US-amerikanische Marke für Automobile und Automobilteile
KISS	Kiss	86	Musikgruppe	US-amerikanische Hard-Rock-Band
BONJOVI	Bon Jovi	86	Musikgruppe	US-amerikanische Band
OBEN	Oben	86	Animationsfilm	Film aus dem Jahr 2009
MULAN	Mulan	86	Animationsfilm	Zeichentrickfilm von Tony Bancroft und Barry Cook aus dem Jahr 1998
RUEGEN	Rügen	86	Insel	Insel vor der Ostseeküste Vorpommerns in Deutschland
CFCGENUA	CFC Genua	86	Fußballverein	Fußballverein aus Genua
VFBSTUTTGART	VfB Stuttgart	86	Fußballverein	Sportverein aus Stuttgart, Baden-Württemberg
BEIKTAISTANBUL	Beşiktaş Istanbul	86	Fußballverein	Fußballabteilung des türkischen Sportvereins Beşiktaş JK
LEEDSUNITED	Leeds United	86	Fußballverein	englischer Fußballverein
AKTIVISMUS	Aktivismus	86	Beruf	Bemühungen, soziale, politische, ökonomische oder ökologische Veränderungen zu fördern, zu behindern oder zu lenken
FISCHER	Fischer	86	Beruf	Person, die den Fischfang ausübt
NAVIGATION	Navigation	86	Fachgebiet	Fertigkeit, sicher zum gewünschten Zielpunkt zu steuern
WAHRNEHMUNG	Wahrnehmung	86	Fachgebiet	Aufnahme, Weiterleitung und Verarbeitung von Umweltreizen
IRRAWADDY	Irrawaddy	86	Fluss	Fluss in Myanmar
MOSKWA	Moskwa	86	Fluss	linker Nebenfluss der Oka in Russland
LHOTSE	Lhotse	86	Berg	Berg im Himalaya
MOUNTKOSCIUSZKO	Mount Kosciuszko	86	Berg	höchster Berg des australischen Festlandes
JESUSSIRACH	Jesus Sirach	86	Literarisches Werk	Spätschrift des alten Testaments
MASSAI	Massai	86	Ethnie	Ethnie in Afrika
KIRGISEN	Kirgisen	86	Ethnie	turksprachige Ethnie in Zentralasien
RUTULEN	Rutulen	86	Ethnie	kaukasisches Volk in Dagestan und Aserbaidschan
KIMONO	Kimono	86	Werkzeug|Kleidung	traditionelle japanische Kleidung
TEMPLERORDEN	Templerorden	86	Werkzeug|Kleidung	geistlicher Ritterorden, 1120–1312
STIELEICHE	Stieleiche	86	Spielzeug	Art der Gattung Stieleichen (Quercus)
KARLMARTELL	Karl Martell	86	Spielzeug	fränkischer Hausmeier aus dem Geschlecht der Arnulfinger
KLAUSEBNER	Klaus Ebner	86	Spielzeug	österreichischer Schriftsteller
PAULEHRLICH	Paul Ehrlich	86	Spielzeug	deutscher Chemiker, Mediziner und Serologe, Begründer der Chemotherapie
KARLWEIERSTRASS	Karl Weierstraß	86	Spielzeug	deutscher Mathematiker
JEANGABIN	Jean Gabin	86	Spielzeug	französischer Schauspieler
NICOLASAPPERT	Nicolas Appert	86	Spielzeug	französischer Konditor und Erfinder (1749–1841)
BILLMURRAY	Bill Murray	86	Spielzeug	US-amerikanischer Schauspieler, Regisseur, Komiker und Produzent
VACLAVKLAUS	Václav Klaus	86	Spielzeug	tschechischer Ökonom und Politiker; Ministerpräsident, Vorsitzender des Abgeordnetenhauses und Staatspräsident der Tschechischen Republik
GENEKELLY	Gene Kelly	86	Spielzeug	US-amerikanischer Schauspieler und Tänzer (1912–1996)
DIANAROSS	Diana Ross	86	Spielzeug	US-amerikanische Sängerin
KARLLANDSTEINER	Karl Landsteiner	86	Spielzeug	österreichischer Pathologe, Serologe und Nobelpreisträger
SIXTUSI	Sixtus I.	86	Spielzeug	Papst (Bischof von Rom) des 2. Jahrhunderts
EHUDOLMERT	Ehud Olmert	86	Spielzeug	israelischer Politiker
ANDREAPIRLO	Andrea Pirlo	86	Spielzeug	italienischer Fußballspieler
GREGORII	Gregor II.	86	Spielzeug	Papst
AURELIAN	Aurelian	86	Spielzeug	römischer Kaiser
WENJIABAO	Wen Jiabao	86	Spielzeug	ehemaliger Ministerpräsident der Volksrepublik China
TITUSPETRONIUS	Titus Petronius	86	Spielzeug	römischer Schriftsteller
CHRISTINA	Christina	86	Spielzeug	Königin von Schweden
PHILIPPLAHM	Philipp Lahm	86	Spielzeug	deutscher Fußballspieler
GREGORIX	Gregor IX.	86	Spielzeug	Papst der katholischen Kirche (1227–1241)
CLEMENSXII	Clemens XII.	86	Spielzeug	Papst der katholischen Kirche (1730–1740)
EYVINDJOHNSON	Eyvind Johnson	86	Spielzeug	schwedischer Schriftsteller und Nobelpreisträger
HEINRICHV	Heinrich V.	86	Spielzeug	König von England (1413–1422)
PIERREBOURDIEU	Pierre Bourdieu	86	Spielzeug	französischer Soziologe
KALIXTIII	Kalixt III.	86	Spielzeug	Papst (1455–1458)
KATEHUDSON	Kate Hudson	86	Spielzeug	US-amerikanische Schauspielerin
FUZL	Fuzūlī	86	Spielzeug	Diwan-Dichter
LEOIII	Leo III.	86	Spielzeug	Papst
ODYSSEASELYTIS	Odysseas Elytis	86	Spielzeug	griechischer Dichter, Literaturnobelpreisträger und Künstler
CHRISTOPHERWREN	Christopher Wren	86	Spielzeug	britischer Astronom und Architekt
ALBINISMUS	Albinismus	86	Seltene Krankheit	Melaninmangelerkrankung
BAALBEK	Baalbek	86	Ausgrabungsstätte	Stadt und archäologische Stätte in Libanon
NINIVE	Ninive	86	Ausgrabungsstätte	historische assyrische Königsstadt im Gebiet von Mossul im Perserreich
EREMITAGE	Eremitage	86	Museum	Schloss und Museum in Russland
BASTILLE	Bastille	86	Burg	ehemalige Stadttorburg im Osten von Paris
NUPEDIA	Nupedia	85	Website	ehemalige Internetenzyklopädie
TVAZTECA	TV Azteca	85	Unternehmen	mexikanische Unternehmensgruppe
DARTHVADER	Darth Vader	85	Fiktiver Mensch|Animierte Figur|Fernsehfigur|Comicfigur	zentrale Figur in Star Wars
BATMANBEGINS	Batman Begins	85	Film	Film von Christopher Nolan (2005)
BREI	Brei	85	Gericht/Lebensmittel	Gericht aus in Flüssigkeit gekochtem Getreide von dickflüssiger bis halbfester Konsistenz
BIRYANI	Biryani	85	Nahrung	asiatisches Reisgericht
STROMBOLI	Stromboli	85	Insel	italienische Vulkaninsel nördlich von Sizilien
VANCOUVERISLAND	Vancouver Island	85	Insel	Insel im Pazifik vor British Columbia, Kanada
ELLESMEREINSEL	Ellesmere-Insel	85	Insel	Insel Kanadas
DYNAMOKIEW	Dynamo Kiew	85	Fußballverein	ukrainischer Fußballverein
ASMONACO	AS Monaco	85	Fußballverein	monegassischer Fußballverein
SHGUN	Shōgun	85	Beruf	japanischer militärischer Dienstgrad, später erblicher Adelstitel
GEISHA	Geisha	85	Beruf	japanische Unterhaltungskünstlerin, die traditionelle Künste darbietet
PILOT	Pilot	85	Beruf	Führer eines Luftfahrzeugs
TOPONOMASTIK	Toponomastik	85	Fachgebiet	linguistischer Forschungsbereich und Teilgebiet der Onomastik (Namenforschung)
HERALDIK	Heraldik	85	Fachgebiet	Lehre von Wappen und deren richtigem Gebrauch
BIBLIOGRAFIE	Bibliografie	85	Fachgebiet	Erstellung oder die Lehre von der Erstellung eines Literaturverzeichnisses
SENEGALSTROM	Senegal-Strom	85	Fluss	1086 km langer Fluss in Westafrika
SAKRILEG	Sakrileg	85	Literarisches Werk	Roman von Dan Brown
LETRANGER	L'Étranger	85	Literarisches Werk	Roman von Albert Camus
GULLIVERSREISEN	Gullivers Reisen	85	Literarisches Werk	Roman von Jonathan Swift (1726)
DIESCHATZINSEL	Die Schatzinsel	85	Literarisches Werk	Roman von Robert Louis Stevenson (um 1881)
FAUST	Faust	85	Literarisches Werk	Bühnenwerk von Johann Wolfgang von Goethe
SEPTUAGINTA	Septuaginta	85	Schriftwerk	Übersetzung der Hebräischen Bibel in die damalige altgriechische Alltagssprache
BULGAREN	Bulgaren	85	Ethnie	Ethnie
KROATEN	Kroaten	85	Ethnie	südslawische Ethnie
VYASA	Vyasa	85	Spielzeug	mythischer "Ordner der Veden"
LEUCHTDIODE	Leuchtdiode	85	Spielzeug	Licht emittierendes Halbleiter-Bauelement
VITELLIUS	Vitellius	85	Spielzeug	römischer Kaiser
COMMODUS	Commodus	85	Spielzeug	römischer Kaiser
ELAGABAL	Elagabal	85	Spielzeug	römischer Kaiser
LUDWIGXI	Ludwig XI.	85	Spielzeug	König von Frankreich (1461-1483)
LOUISARAGON	Louis Aragon	85	Spielzeug	französischer Dichter und Schriftsteller
JENNIFERDOUDNA	Jennifer Doudna	85	Spielzeug	US-amerikanische Biochemikerin und Molekularbiologin
AUSRUFEZEICHEN	Ausrufezeichen	85	Spielzeug	Satzzeichen
SACHINTENDULKAR	Sachin Tendulkar	85	Spielzeug	indischer Cricketspieler
DAVIDVILLA	David Villa	85	Spielzeug	spanischer Fußballspieler
GRACEHOPPER	Grace Hopper	85	Spielzeug	US-amerikanische Informatikerin und Computerpionierin
LOTHARMATTHAEUS	Lothar Matthäus	85	Spielzeug	deutscher Fußballer
RUDOLFSTEINER	Rudolf Steiner	85	Spielzeug	österreichischer Esoteriker, Schriftsteller und Begründer der Anthroposophie
HEINZFISCHER	Heinz Fischer	85	Spielzeug	österreichischer Politiker (SPÖ), 8. Bundespräsident der Republik Österreich (* 1938)
INNOZENZXI	Innozenz XI.	85	Spielzeug	Papst (1676–1689)
TOVEJANSSON	Tove Jansson	85	Spielzeug	finnlandschwedische Malerin, Illustratorin und Schriftstellerin
HEINRICHII	Heinrich II.	85	Spielzeug	König von England, Herzog der Normandie, Herzog von Aquitanien, Graf von Anjou (1154-1189)
RONPAUL	Ron Paul	85	Spielzeug	US-amerikanischer Arzt und Politiker
DAKOTAFANNING	Dakota Fanning	85	Spielzeug	US-amerikanische Schauspielerin
CESCFABREGAS	Cesc Fàbregas	85	Spielzeug	spanischer Fußballspieler und Trainer
GEORGEGERSHWIN	George Gershwin	85	Spielzeug	US-amerikanischer Komponist
MARIOMONTI	Mario Monti	85	Spielzeug	italienischer Politiker
VANESSAHUDGENS	Vanessa Hudgens	85	Spielzeug	US-amerikanische Schauspielerin und Sängerin
BAYEZIDI	Bayezid I.	85	Spielzeug	Sultan des Osmanischen Reiches
LEOXI	Leo XI.	85	Spielzeug	Papst
JAVIERBARDEM	Javier Bardem	85	Spielzeug	spanischer Schauspieler
PHILIPPIV	Philipp IV.	85	Spielzeug	König von Frankreich (1285–1314)
ALBERTOFUJIMORI	Alberto Fujimori	85	Spielzeug	peruanischer Politiker und Präsident Perus (1990–2000)
ELISABETH	Elisabeth	85	Spielzeug	Kaiserin von Russland
GEORGI	Georg I.	85	Spielzeug	Kurfürst von Braunschweig-Lüneburg (1698–1727), König von Großbritannien und Irland (1714–1727)
ORHANI	Orhan I.	85	Spielzeug	osmanischer Sultan
NIKOLAUSV	Nikolaus V.	85	Spielzeug	Papst der römisch-katholischen Kirche (1447–1455)
TONIKROOS	Toni Kroos	85	Spielzeug	deutscher Fußballspieler
WINDSORCASTLE	Windsor Castle	85	Burg	Schloss in England im Besitz der britischen Krone
THEOFFICE	The Office	84	Fernsehserie	US-amerikanische Fernsehserie (2005–2013)
MRBEAN	Mr. Bean	84	Fernsehserie	Fernsehserie mit Rowan Atkinson (1990–1995)
WALMART	Walmart	84	Unternehmen|Börsenunternehmen|Einzelhandelskette	umsatzstärkster Einzelhandelskonzern der Welt mit Sitz in Bentonville, Arkansas, USA
AEROSMITH	Aerosmith	84	Musikgruppe	amerikanische Rockband
IRONMAN	Iron Man	84	Film	Film von Jon Favreau (2008)
CITIZENKANE	Citizen Kane	84	Film	Film von Orson Welles (1941)
APOCALYPSENOW	Apocalypse Now	84	Film	Film von Francis Ford Coppola (1979)
BLADERUNNER	Blade Runner	84	Film	Film von Ridley Scott (1982)
BODYBUILDING	Bodybuilding	84	Sportart	Sport mit dem Ziel der aktiven Körpergestaltung
JARVISINSEL	Jarvisinsel	84	Insel	Außengebiet der Vereinigten Staaten
SAMPDORIAGENUA	Sampdoria Genua	84	Fußballverein	italienischer Fußballverein aus der Stadt Genua
FCFULHAM	FC Fulham	84	Fußballverein	Fußballverein aus London-Fulham, England
FCSOUTHAMPTON	FC Southampton	84	Fußballverein	englischer Fußballverein
PSVEINDHOVEN	PSV Eindhoven	84	Fußballverein	niederländischer Fußballverein
HEXE	Hexe	84	Beruf	mit Zauberkräften ausgestattete Frau
KRIMINOLOGIE	Kriminologie	84	Fachgebiet	Erkenntnisgewinn über die Ursachen und Erscheinungsformen von Kriminalität
FORSTWIRTSCHAFT	Forstwirtschaft	84	Fachgebiet	Wirtschaftssektor zum Waldbestand
MULTIMEDIA	Multimedia	84	Fachgebiet	Inhalte und Werke, die aus mehreren Medien bestehen
ROURUGUAY	Río Uruguay	84	Fluss	Fluss in Südamerika
ANGARA	Angara	84	Fluss	Fluss in Russland
CHOOYU	Cho Oyu	84	Berg	Berg im Himalaya und mit 8188 m der sechsthöchste Berg der Erde
CHIMBORAZO	Chimborazo	84	Berg	inaktiver Vulkan und höchster Berg Ecuadors; sein Gipfel ist der am weitesten vom Mittelpunkt der Erde entfernte Punkt auf der Erde
PORTRAET	Porträt	84	Kunstrichtung	künstlerische Abbildung von einer oder mehreren Personen
ULYSSES	Ulysses	84	Literarisches Werk	Roman von James Joyce
DIEVERWANDLUNG	Die Verwandlung	84	Literarisches Werk	Erzählung von Franz Kafka (1912)
ESTEN	Esten	84	Ethnie	Ethnie
TUAREG	Tuareg	84	Ethnie	Ethnie in Afrika
KOREANER	Koreaner	84	Ethnie	Volk Ostasiens
REISSVERSCHLUSS	Reißverschluss	84	Gerät|Werkzeug|Kleidung|Spielzeug	Verschlussmittel, das auf Formschluss beruht
WESTMAUER	Westmauer	84	Spielzeug|Ausgrabungsstätte	heilige Stätte des Judentums in Jerusalem
FRANCEPREEREN	France Prešeren	84	Spielzeug	slowenischer Dichter
NERVA	Nerva	84	Spielzeug	römischer Kaiser
FRANOISESAGAN	Françoise Sagan	84	Spielzeug	französische Schriftstellerin
KARLX	Karl X.	84	Spielzeug	König von Frankreich und Navarra von 1824 bis 1830
HUGOLLORIS	Hugo Lloris	84	Spielzeug	französischer Fußballtorhüter
ADOLPHETHIERS	Adolphe Thiers	84	Spielzeug	französischer Politiker und Historiker
WALTHERNERNST	Walther Nernst	84	Spielzeug	deutscher Physiker und Physikochemiker; erhielt den Nobelpreis für Chemie 1920
EDWARDTELLER	Edward Teller	84	Spielzeug	ungarisch-amerikanischer Physiker
HANNESALFVEN	Hannes Alfvén	84	Spielzeug	schwedischer Physiker (1908–1995)
LISAGERRARD	Lisa Gerrard	84	Spielzeug	australische Musikerin und Sängerin
KESHA	Kesha	84	Spielzeug	US-amerikanische Popsängerin, Rapperin und Songwriterin
ALBERTSPEER	Albert Speer	84	Spielzeug	deutscher Kriegsverbrecher, Architekt, Minister für Rüstung und Kriegsproduktion im Nazireich
KATRINAKAIF	Katrina Kaif	84	Spielzeug	britisch-indisches Model und Schauspielerin
CLEMENSVII	Clemens VII.	84	Spielzeug	Papst der römisch-katholischen Kirche (1523-1534)
ANTHONYQUINN	Anthony Quinn	84	Spielzeug	mexikanisch-US-amerikanischer Schauspieler (1915–2001)
VILFREDOPARETO	Vilfredo Pareto	84	Spielzeug	italienischer Ingenieur, Ökonom und Soziologe
BARBARASTANWYCK	Barbara Stanwyck	84	Spielzeug	US-amerikanische Schauspielerin
ELEUTHERUS	Eleutherus	84	Spielzeug	Papst
FRANOISFILLON	François Fillon	84	Spielzeug	französischer Politiker und Premierminister
FREDERICKSODDY	Frederick Soddy	84	Spielzeug	englischer Chemiker und Nobelpreisträger
FABIOCANNAVARO	Fabio Cannavaro	84	Spielzeug	italienischer Fußballspieler und -trainer
GREGORIII	Gregor III.	84	Spielzeug	Papst der römisch-katholischen Kirche
TRISTANTZARA	Tristan Tzara	84	Spielzeug	französischer Schriftsteller, Dadaist
JULIETTEBINOCHE	Juliette Binoche	84	Spielzeug	französische Schauspielerin
VITUSBERING	Vitus Bering	84	Spielzeug	russischer Marineoffizier dänischer Herkunft, Entdecker
JOHNCALE	John Cale	84	Spielzeug	britischer Artrock-Musiker
FRANKCAPRA	Frank Capra	84	Spielzeug	US-amerikanischer Filmregisseur (1897–1991)
URBANI	Urban I.	84	Spielzeug	Papst (222–230)
HARRYMARTINSON	Harry Martinson	84	Spielzeug	schwedischer Schriftsteller, Literaturnobelpreisträger
GREGORXV	Gregor XV.	84	Spielzeug	Papst (1621–1623)
DAMASUSI	Damasus I.	84	Spielzeug	Papst
JAKEGYLLENHAAL	Jake Gyllenhaal	84	Spielzeug	US-amerikanischer Schauspieler
HIPPARCHOS	Hipparchos	84	Spielzeug	griechischer Astronom
NAWAZSHARIF	Nawaz Sharif	84	Spielzeug	pakistanischer Politiker, Premierminister von Pakistan
GUSTAFDALEN	Gustaf Dalén	84	Spielzeug	schwedischer Physiker und Nobelpreisträger der Physik 1912
BURTLANCASTER	Burt Lancaster	84	Spielzeug	US-amerikanischer Schauspieler und Filmproduzent (1913–1994)
SKANDERBEG	Skanderbeg	84	Spielzeug	albanischer Fürst und Nationalheld Albaniens
ANDREASVESALIUS	Andreas Vesalius	84	Spielzeug	flämischer Anatom; gilt als Begründer der neuzeitlichen Anatomie sowie des morphologischen Denkens in der Medizin
CLEMENSVIII	Clemens VIII.	84	Spielzeug	Papst der römisch-katholischen Kirche
KRISTENBELL	Kristen Bell	84	Spielzeug	US-amerikanische Schauspielerin
ROLANDBARTHES	Roland Barthes	84	Spielzeug	französischer Literaturkritiker, Schriftsteller, Philosoph und Semiotiker
EDUARDIII	Eduard III.	84	Spielzeug	König von England (1327-1377)
LENOVO	Lenovo	83	Unternehmen|Börsenunternehmen	chinesischer Computerhersteller
SUZUKI	Suzuki	83	Unternehmen|Börsenunternehmen|Autohersteller	japanischer Hersteller von Motorrädern, Autos und Außenbordmotoren
BRITISHAIRWAYS	British Airways	83	Börsenunternehmen|Fluggesellschaft	britische Fluggesellschaft
CARS	Cars	83	Animationsfilm|Film	Film von John Lasseter und Joe Ranft (2006)
MUAYTHAI	Muay Thai	83	Sportart	Kampfkunst und der Nationalsport Thailands
TRINIDAD	Trinidad	83	Insel	Insel im Karibischen Meer
HOWLANDINSEL	Howlandinsel	83	Insel	Insel im Pazifik, Außengebiet der Vereinigten Staaten
SAAREMAA	Saaremaa	83	Insel	größte Insel Estlands, Ösel
SAIPAN	Saipan	83	Insel	Insel der USA im Pazifischen Ozean
WIEGENLIED	Wiegenlied	83	Musikgenre	Variante des Abendliedes
FCTURIN	FC Turin	83	Fußballverein	italienischer Fußballverein
WERDERBREMEN	Werder Bremen	83	Fußballverein	Sportverein aus Bremen
CRYSTALPALACE	Crystal Palace	83	Fußballverein	englischer Fußballverein aus London
GNU	GNU	83	Betriebssystem	unixoides Betriebssystem
HACKER	Hacker	83	Beruf	Bezeichnung eines Mitglieds einer Computersubkultur
SCHNEIDER	Schneider	83	Beruf	Handwerker für die Herstellung von Kleidung und Textilien
KAMA	Kama	83	Fluss	Fluss in Russland, Nebenfluss der Wolga
GARONNE	Garonne	83	Fluss	Fluss zum Atlantik (Gironde) in Spanien und Frankreich
SAVE	Save	83	Fluss	Nebenfluss der Donau in Südost-Europa
OLIVERTWIST	Oliver Twist	83	Literarisches Werk	Roman von Charles Dickens
BANTU	Bantu	83	Ethnie	Familie ethnolinguistischer Gruppen Afrikas
INUIT	Inuit	83	Ethnie	indigene Volksgruppen, die im arktischen Zentral- und Nordostkanada sowie auf Grönland leben
NIEDERLAENDER	Niederländer	83	Ethnie	Bürger oder Einwohner der Niederlande
BELUTSCHEN	Belutschen	83	Ethnie	Ethnie
KOREISCHITEN	Koreischiten	83	Ethnie	arabischer Stamm aus dem Mohammed stammt
SIEB	Sieb	83	Werkzeug	Werkzeug zum Trennen oder Abtrennen von festen Stoffen
WEBSTUHL	Webstuhl	83	Werkzeug	technische Vorrichtung zur Herstellung von Geweben
YETI	Yeti	83	Spielzeug	Fabelwesen des Himalaya
GNOME	Gnome	83	Spielzeug	Arbeitsumgebung für unixoide Betriebssysteme
PETERI	Peter I.	83	Spielzeug	Kaiser von Brasilien
SALLUST	Sallust	83	Spielzeug	römischer Geschichtsschreiber und Politiker
IDRISSDEBY	Idriss Déby	83	Spielzeug	tschadischer Politiker, ehemaliger Präsident des Tschad (1952–2021)
DIMABILAN	Dima Bilan	83	Spielzeug	russischer Popsänger
HEINRICHMANN	Heinrich Mann	83	Spielzeug	deutscher Schriftsteller
JOSEPHII	Joseph II.	83	Spielzeug	Kaiser des Heiligen Römischen Reiches (1765–1790), Alleinherrscher in den österreichischen Ländern (1780–1790)
KARLLIEBKNECHT	Karl Liebknecht	83	Spielzeug	deutscher Politiker (SPD, KPD), MdR (1871–1919)
KARLLAGERFELD	Karl Lagerfeld	83	Spielzeug	deutscher Modeschöpfer, Designer und Fotograf (1933–2019)
PIUSI	Pius I.	83	Spielzeug	Papst
RAL	Raúl	83	Spielzeug	spanischer Fußballspieler
TELESPHORUS	Telesphorus	83	Spielzeug	Papst
HYGINUS	Hyginus	83	Spielzeug	Papst
HADRIANI	Hadrian I.	83	Spielzeug	Papst
CHARLIESHEEN	Charlie Sheen	83	Spielzeug	US-amerikanischer Schauspieler
JOHNBUNYAN	John Bunyan	83	Spielzeug	englischer Baptistenprediger und Schriftsteller
JULIUSI	Julius I.	83	Spielzeug	35. Papst und Heiliger
SOJOURNERTRUTH	Sojourner Truth	83	Spielzeug	amerikanische Freiheitskämpferin, Frauenrechtlerin und Wanderpredigerin
CONCHITAWURST	Conchita Wurst	83	Spielzeug	österreichischer Sänger, Schauspieler und Travestiekünstler
MALCOLMMCDOWELL	Malcolm McDowell	83	Spielzeug	britischer Schauspieler
GIANNIINFANTINO	Gianni Infantino	83	Spielzeug	schweizerisch-italienischer Fußballfunktionär, FIFA-Präsident
JEANRENO	Jean Reno	83	Spielzeug	französischer Schauspieler
JOHNHOWARD	John Howard	83	Spielzeug	25. Premierminister von Australien (1996–2007)
SIXTUSII	Sixtus II.	83	Spielzeug	Papst (Bischof von Rom) im 3. Jahrhundert
YUKIOHATOYAMA	Yukio Hatoyama	83	Spielzeug	japanischer Politiker
HADRIANIV	Hadrian IV.	83	Spielzeug	Papst von 1154 bis zu seinem Tod war er einziger Papst englischer Herkunft in der Kirchengeschichte
SIXTUSV	Sixtus V.	83	Spielzeug	Papst (1585–1590)
CLINTONDAVISSON	Clinton Davisson	83	Spielzeug	US-amerikanischer Physiker
OLIVERKAHN	Oliver Kahn	83	Spielzeug	deutscher Fußballspieler und -funktionär
LOUISDAGUERRE	Louis Daguerre	83	Spielzeug	französischer Maler, Pionier der Fotografie und Erfinder der Daguerreotypie
MAGICJOHNSON	Magic Johnson	83	Spielzeug	US-amerikanischer Basketballspieler
MARTINAHINGIS	Martina Hingis	83	Spielzeug	tschechisch-schweizerische Tennisspielerin
ASHTONKUTCHER	Ashton Kutcher	83	Spielzeug	US-amerikanischer Schauspieler
ANGLEE	Ang Lee	83	Spielzeug	taiwanischer Filmregisseur, Drehbuchautor und Filmproduzent
INNOZENZVIII	Innozenz VIII.	83	Spielzeug	Papst (1484–1492)
ORIGENES	Origenes	83	Spielzeug	christlicher Philosoph, Bibelkommentator und Apologet im 3. Jahrhundert
HONORIUSI	Honorius I.	83	Spielzeug	Papst
DOMINO	Domino	83	Spiel	Gesellschaftsspiel
EINIGESRUSSLAND	Einiges Russland	83	Partei	russische Partei
DISNEYCHANNEL	Disney Channel	83	Fernsehsender	US-Fernsehsender für Kinder und Jugendliche im Besitz der Walt Disney Company
KNOCHENBRUCH	Knochenbruch	83	Symptom	Beschädigung der Knochen
BYBLOS	Byblos	83	Ausgrabungsstätte	Hafenstadt im Libanon
MAZDA	Mazda	82	Börsenunternehmen|Marke|Autohersteller	japanischer Automobilhersteller
SEXPISTOLS	Sex Pistols	82	Musikgruppe	britische Punk-Band
JUDASPRIEST	Judas Priest	82	Musikgruppe	britische Heavy-Metal-Band
DIRESTRAITS	Dire Straits	82	Musikgruppe	britische Rockband
ICEAGE	Ice Age	82	Animationsfilm	Film von Chris Wedge und Carlos Saldanha (2002)
FANTASIA	Fantasia	82	Animationsfilm	Zeichentrickfilm von Walt-Disney (1940)
OAHU	Oʻahu	82	Insel	eine der acht Hauptinseln des Hawaii-Archipels
SAMOS	Samos	82	Insel	griechische Insel
ANGLESEY	Anglesey	82	Insel	britische Insel
LOMBOK	Lombok	82	Insel	Insel in Indonesien
SPORTLER	Sportler	82	Beruf	Person, die regelmäßig eine oder mehrere Sportarten betreibt
DIPLOMAT	Diplomat	82	Beruf	Regierungsbeauftragter, der seinen Staat auf Regierungsebene gegenüber ausländischen Staaten oder internationalen Organisationen völkerrechtlich vertritt
NINJA	Ninja	82	Beruf	Partisanenkämpfer des vorindustriellen Japan
GRAPHENTHEORIE	Graphentheorie	82	Fachgebiet	Teilgebiet der diskreten Mathematik und der theoretischen Informatik
RIONEGRO	Rio Negro	82	Fluss	Fluss in Brasilien, Kolumbien und Venezuela
OKA	Oka	82	Fluss	rechter Nebenfluss der Wolga im europäischen Teil Russlands
ROPARAGUAY	Río Paraguay	82	Fluss	bedeutendster Nebenfluss des Río Paraná
MANASLU	Manaslu	82	Berg	Berg im Himalaya und mit 8163 m der achthöchste Berg der Erde
FERNSEHGERAET	Fernsehgerät	82	Werkzeug	Gerät zum Empfang und zur Wiedergabe von Fernsehsignalen
DEUTSCHERORDEN	Deutscher Orden	82	Werkzeug|Kleidung	geistliche Ordensgemeinschaft regulierter Chorherren
DEUTERIUM	Deuterium	82	Spielzeug	stabiles Isotop des Wasserstoffs aus einem Proton und einem Neutron, schwerer Wasserstoff
JACOBGRIMM	Jacob Grimm	82	Spielzeug	deutscher Sprach- und Literaturwissenschaftler sowie Jurist, Begründer der deutschen Philologie und Altertumswissenschaft
TERRYGILLIAM	Terry Gilliam	82	Spielzeug	britischer Regisseur, Mitglied von Monty Python (geboren 1940)
MSWATIIII	Mswati III.	82	Spielzeug	König von Eswatini
JOSEPHKABILA	Joseph Kabila	82	Spielzeug	4. Präsident der Demokratischen Republik Kongo
DSCHAHANGIR	Dschahangir	82	Spielzeug	Großmogul von Indien, Sohn Akbars
SEGOLENEROYAL	Ségolène Royal	82	Spielzeug	französische Politikerin, Ökonomin, IEP, ENA
BOBHOPE	Bob Hope	82	Spielzeug	US-amerikanischer Komiker, Schauspieler und Entertainer
MICHAELBALLACK	Michael Ballack	82	Spielzeug	deutscher Fußballspieler
GEORGESLEMATRE	Georges Lemaître	82	Spielzeug	belgischer Astrophysiker und katholischer Priester (1894–1966)
INNOZENZX	Innozenz X.	82	Spielzeug	Papst (1644–1655)
PAULIV	Paul IV.	82	Spielzeug	Papst der katholischen Kirche 1555-1559
BENOTMANDELBROT	Benoît Mandelbrot	82	Spielzeug	französisch-US-amerikanischer Mathematiker
ALECGUINNESS	Alec Guinness	82	Spielzeug	englischer Schauspieler (1914–2000)
BJOERNBORG	Björn Borg	82	Spielzeug	schwedischer Tennisspieler
MIRZAGHALIB	Mirza Ghalib	82	Spielzeug	indischer Dichter türkischer Abstammung
PAULII	Paul II.	82	Spielzeug	Papst (1464–1471)
VIKTORI	Viktor I.	82	Spielzeug	Papst (189–199)
NORMANBORLAUG	Norman Borlaug	82	Spielzeug	US-amerikanischer Agrarwissenschaftler, Friedensnobelpreisträger
KARLIV	Karl IV.	82	Spielzeug	römisch-deutscher König und Kaiser, König von Böhmen
GREGORIV	Gregor IV.	82	Spielzeug	Papst
CLEMENSXIII	Clemens XIII.	82	Spielzeug	Papst der katholischen Kirche (1758–1769)
URBANVII	Urban VII.	82	Spielzeug	Papst (1590)
HUGHLAURIE	Hugh Laurie	82	Spielzeug	englischer Schauspieler, Komiker, Schriftsteller und Musiker
DIONYSIUS	Dionysius	82	Spielzeug	Papst
JULESMAZARIN	Jules Mazarin	82	Spielzeug	französischer Staatsmann und Kardinal
SERGIOBUSQUETS	Sergio Busquets	82	Spielzeug	spanischer Fußballspieler
INNOZENZIV	Innozenz IV.	82	Spielzeug	Papst
JOHANNESVIII	Johannes VIII.	82	Spielzeug	Papst der katholischen Kirche von 872 bis 882
VIETJETAIR	VietJet Air	82	Fluggesellschaft	vietnamesische Fluggesellschaft
THEBEN	Theben	82	Ausgrabungsstätte	Antike Stadt in Ägypten
COBOL	COBOL	81	Programmiersprache	Programmiersprache für kaufmännische Anwendungen
MATLAB	MATLAB	81	Programmiersprache	Programmiersprache
LISP	Lisp	81	Programmiersprache	Programmiersprache
NVIDIA	Nvidia	81	Unternehmen|Börsenunternehmen	US-amerikanisches Unternehmen, das Grafikprozessoren und KI-Beschleuniger entwickelt
VFLWOLFSBURG	VfL Wolfsburg	81	Unternehmen|Fußballverein	Fußballunternehmen aus Wolfsburg, Niedersachsen
DEPECHEMODE	Depeche Mode	81	Musikgruppe	englische Synth-Pop/New Wave/Dark Wave-Band
HERCULES	Hercules	81	Animationsfilm	Zeichentrickfilm aus dem Jahr 1997
ARISTOCATS	Aristocats	81	Animationsfilm	Film von Wolfgang Reitherman (1970)
PARASITE	Parasite	81	Film	Film von Bong Joon-ho (2019)
OPPENHEIMER	Oppenheimer	81	Film	Film von Christopher Nolan (2023)
MONOPOLY	Monopoly	81	Brettspiel|Spiel	Brettspiel
POLO	Polo	81	Sportart|Spielzeug	Mannschaftssport
CHIOS	Chios	81	Insel	griechische Insel
LANZAROTE	Lanzarote	81	Insel	östlichste der acht bewohnten Kanarischen Inseln im Atlantischen Ozean
VOLKSMUSIK	Volksmusik	81	Musikgenre	traditionelle, häufig schriftlos überlieferte Musik
OLYMPIQUELYON	Olympique Lyon	81	Fußballverein	französischer Fußballverein
AFCSUNDERLAND	AFC Sunderland	81	Fußballverein	englischer Fußballverein
CELTICGLASGOW	Celtic Glasgow	81	Fußballverein	schottischer Fußballverein
FKPANEVYS	FK Panevėžys	81	Fußballverein	litauischer Fußballverein
FCVILLARREAL	FC Villarreal	81	Fußballverein	spanischer Fußballverein
SCHAUSPIEL	Schauspiel	81	Fachgebiet	überwiegend gesprochene Darbietung
MACKENZIERIVER	Mackenzie River	81	Fluss	Strom in den Nordwest-Territorien Kanadas
KURA	Kura	81	Fluss	Fluss in Transkaukasien
ARAS	Aras	81	Fluss	Fluss in und entlang der Türkei, Armenien, Iran und Aserbaidschan
PETSCHORA	Petschora	81	Fluss	Fluss in Russland
PLAYBOY	Playboy	81	Zeitschrift	US-amerikanisches Männermagazin
APACHEN	Apachen	81	Ethnie	Indigene Völker im Süden Nordamerikas
NORWEGER	Norweger	81	Ethnie	Volk in Nordeuropa
SHERPA	Sherpa	81	Ethnie	buddhistisches Volk im Himalaya, ursprünglich aus Kham im Osten Tibets
BASCHKIREN	Baschkiren	81	Ethnie	turksprachige Ethnie im Südteil des russischen Uralgebirges
BOSNIAKEN	Bosniaken	81	Ethnie	südslawische Ethnie
ASCHKENASIM	Aschkenasim	81	Ethnie	Juden unter römischer Herrschaft in Mittel-, Nord- und Osteuropa und ihre Nachfahren
TURKMENEN	Turkmenen	81	Ethnie	asiatische Ethnie
SENSOR	Sensor	81	Werkzeug|Spielzeug	technisches Bauteil, das bestimmte physikalische oder chemische Eigenschaften und/oder die stoffliche Beschaffenheit seiner Umgebung qualitativ oder als Messgröße quantitativ erfassen kann
ROTALGEN	Rotalgen	81	Spielzeug	Abteilung im Reich Pflanzen (Plantae)
WANDERRATTE	Wanderratte	81	Spielzeug	Art der Gattung Ratten (Rattus)
OEGEDEIKHAN	Ögedei Khan	81	Spielzeug	dritter Sohn Dschingis Khans, zweiter Großkhan des Mongolenreichs
JACQUESBREL	Jacques Brel	81	Spielzeug	belgischer Chansonnier und Schauspieler (1929–1978)
DIANEKRUGER	Diane Kruger	81	Spielzeug	deutsche Schauspielerin
JOACHIMLOEW	Joachim Löw	81	Spielzeug	deutscher Fußballspieler und -trainer
TRAIANBSESCU	Traian Băsescu	81	Spielzeug	rumänischer Politiker, vierter Präsident Rumäniens
RALPHFIENNES	Ralph Fiennes	81	Spielzeug	britischer Schauspieler
LUDWIGXII	Ludwig XII.	81	Spielzeug	König von Frankreich von 1498 bis 1515
HENRYFIELDING	Henry Fielding	81	Spielzeug	englischer Romanautor, Satiriker, Dramatiker, Journalist und Jurist
OSKARSCHINDLER	Oskar Schindler	81	Spielzeug	sudetendeutscher Industrieller, der etwa 1200 Juden vor dem Tod bewahrte
ELIAKAZAN	Elia Kazan	81	Spielzeug	US-amerikanischer Filmregisseur und Schriftsteller
GUSTAVECOURBET	Gustave Courbet	81	Spielzeug	französischer Maler des Realismus (1819–1877)
RAMNARAYAN	Ram Narayan	81	Spielzeug	indischer Sarangispieler
EDUARDBUCHNER	Eduard Buchner	81	Spielzeug	deutscher Chemiker und Nobelpreisträger
ELCID	El Cid	81	Spielzeug	spanischer Ritter und Nationalheld
LEONIDASI	Leonidas I.	81	Spielzeug	König von Sparta
EMIRKUSTURICA	Emir Kusturica	81	Spielzeug	serbischer Filmregisseur, Schauspieler und Musiker bosnischer Herkunft
HULKHOGAN	Hulk Hogan	81	Spielzeug	US-amerikanischer Profi-Wrestler und Schauspieler (1953–2025)
HEINRICHI	Heinrich I.	81	Spielzeug	König von England (1100-1135)
ALARICHI	Alarich I.	81	Spielzeug	erster König der Visigoten
WLADIMIRI	Wladimir I.	81	Spielzeug	Fürst von Kiew
LILWAYNE	Lil Wayne	81	Spielzeug	US-amerikanischer Rapper
DENNISHOPPER	Dennis Hopper	81	Spielzeug	US-amerikanischer Schauspieler und Regisseur (1936–2010)
GERMAINEGREER	Germaine Greer	81	Spielzeug	australische Intellektuelle, Autorin und Publizistin
COELESTINV	Coelestin V.	81	Spielzeug	192. Papst der katholischen Kirche
IVANRAKITI	Ivan Rakitić	81	Spielzeug	kroatisch-schweizerischer Fußballspieler
FELIXBLOCH	Felix Bloch	81	Spielzeug	Physiker und Nobelpreisträger
ALFONSXIII	Alfons XIII.	81	Spielzeug	König von Spanien (1886–1931)
CLARASCHUMANN	Clara Schumann	81	Spielzeug	deutsche Pianistin und Komponistin
CARLOSFUENTES	Carlos Fuentes	81	Spielzeug	mexikanischer Schriftsteller
VIKTORFRANKL	Viktor Frankl	81	Spielzeug	österreichischer Neurologe und Psychiater, Begründer der Logotherapie und der Existenzanalyse
EDWARDHEATH	Edward Heath	81	Spielzeug	britischer Premierminister
MURADII	Murad II.	81	Spielzeug	osmanischer Sultan
PATRICKSWAYZE	Patrick Swayze	81	Spielzeug	US-amerikanischer Schauspieler, Sänger und Tänzer (1952-2009)
BENEDIKTXIII	Benedikt XIII.	81	Spielzeug	Papst (1724–1730)
JACQUESPREVERT	Jacques Prévert	81	Spielzeug	französischer Autor, Dichter und Chansonnier
USHER	Usher	81	Spielzeug	US-amerikanischer R&B-Sänger
LAWRENTIBERIA	Lawrenti Beria	81	Spielzeug	sowjetischer Politiker und Geheimdienstchef
HORMISDAS	Hormisdas	81	Spielzeug	Papst
ZOSALDAA	Zoë Saldaña	81	Spielzeug	US-amerikanische Schauspielerin und Filmproduzentin
CHINA	China	81	Ort	Kulturraum in Ostasien
ANURADHAPURA	Anuradhapura	81	Ausgrabungsstätte	Hauptstadt der Nördlichen Zentralprovinz von Sri Lanka
BERNABEU	Bernabéu	81	Stadion	Stadion in Madrid, Spanien
SNAPCHAT	Snapchat	80	App|Onlinedienst|Messenger|Spielzeug|Suchmaschine|Online-Community|Große Plattform	Instant-Messaging-Dienst
GITHUB	GitHub	80	Website|Soziales Netzwerk|Spielzeug|Online-Community	webbasierter Hosting-Dienst für Software-Entwicklungsprojekte
MICROSOFTBING	Microsoft Bing	80	Website|Spielzeug|Suchmaschine|Große Plattform	Internet-Suchmaschine von Microsoft
KODAAUTO	Škoda Auto	80	Unternehmen|Autohersteller	tschechischer Automobilhersteller
KIAMOTORS	Kia Motors	80	Unternehmen|Börsenunternehmen|Autohersteller	südkoreanischer Kraftfahrzeughersteller
EAGLES	Eagles	80	Musikgruppe	US-amerikanische Country-Rock-Band
EUROPA	Europa	80	Fiktiver Mensch	Gestalt der griechischen Mythologie
MINNIEMAUS	Minnie Maus	80	Animierte Figur|Fernsehfigur|Comicfigur	Cartoon- und Comicfigur
ROCKDOG	Rock Dog	80	Animationsfilm	Animationsfilm von Ash Brannon aus den Jahr 2016
WASSERSPRINGEN	Wasserspringen	80	Sportart	Wassersportart, bei der von einem Turm oder Sprungbrett ins Wasser gesprungen wird
DELOS	Delos	80	Insel|Welterbe	Insel im Ägäischen Meer
NAXOS	Naxos	80	Insel	griechische Insel der Kykladen im Ägäischen Meer
FUERTEVENTURA	Fuerteventura	80	Insel	eine der Kanarischen Inseln
SARK	Sark	80	Insel	Insel im Ärmelkanal, Kronbesitz, letzter Feudalstaat
FUENEN	Fünen	80	Insel	Insel in Dänemark
JEJUDO	Jejudo	80	Insel	südkoreanische Vulkaninsel
NEUBRITANNIEN	Neubritannien	80	Insel	Insel in Papua-Neuguinea
SOUL	Soul	80	Musikgenre	Musikgenre
SWANSEACITY	Swansea City	80	Fußballverein	walisischer Fußballverein aus Swansea
SDUVAMARIJAMPOL	Sūduva Marijampolė	80	Fußballverein	litauischer Fußballverein
GLASGOWRANGERS	Glasgow Rangers	80	Fußballverein	schottischer Fußballverein
REALSOCIEDAD	Real Sociedad	80	Fußballverein	spanischer Fußballverein
GURU	Guru	80	Beruf	Lehrer und spiritueller Führer in hinduistischen, jainistischen, buddhistischen oder sikhistischen Traditionen
MISSIONAR	Missionar	80	Beruf	Person, die einer Religion angehört und ihren Glauben verbreiten will
ROEMISCHESRECHT	römisches Recht	80	Fachgebiet	Recht, das in der Antike im Römischen Reich galt und später adaptiert wurde im Römischen und Byzantinischen Reich
STRATIGRAPHIE	Stratigraphie	80	Fachgebiet	Teildisziplin der Geologie
GUADALQUIVIR	Guadalquivir	80	Fluss	Fluss in Spanien
RIOMADEIRA	Rio Madeira	80	Fluss	Nebenfluss des Amazonas
MEMEL	Memel	80	Fluss	mitteleuropäischer Strom zur Ostsee in Weißrussland, Litauen und historischem Ostpreußen
STURMHOEHE	Sturmhöhe	80	Literarisches Werk	Roman von Emily Brontë
ZAZA	Zaza	80	Ethnie	Ethnie im Osten der Türkei
ALBANER	Albaner	80	Ethnie|Spielzeug	balkaneuropäische Volksgruppe
DRUCKPRESSE	Druckpresse	80	Produkt	mechanische Presse, Maschine zur Herstellung von Drucksachen
REIFEN	Reifen	80	Werkzeug|Spielzeug	Teil des Rades, auf dem es abrollt
VULCANUS	Vulcanus	80	Spielzeug	römischer Gott der Schmiede
CESAREPAVESE	Cesare Pavese	80	Spielzeug	italienischer Schriftsteller und Übersetzer
NEILYOUNG	Neil Young	80	Spielzeug	kanadischer Rockmusiker
LUIGIGALVANI	Luigi Galvani	80	Spielzeug	italienischer Arzt, Anatom und Biophysiker
KORNBLUME	Kornblume	80	Spielzeug	Art der Gattung Flockenblumen (Centaurea)
MASACCIO	Masaccio	80	Spielzeug	italienischer Maler (1401-1428)
PAULBIYA	Paul Biya	80	Spielzeug	kamerunischer Politiker, Staatsoberhaupt von Kamerun
RUDOLFCLAUSIUS	Rudolf Clausius	80	Spielzeug	deutscher Physiker und Hochschullehrer (1822-1888)
IGNAZSEMMELWEIS	Ignaz Semmelweis	80	Spielzeug	ungarisch-österreichischer Chirurg und Geburtshelfer (1818–1865)
HEIDIKLUM	Heidi Klum	80	Spielzeug	deutsch-amerikanisches Model
JOHNCOCKCROFT	John Cockcroft	80	Spielzeug	englischer Kernphysiker
WALTHERBOTHE	Walther Bothe	80	Spielzeug	deutscher Physiker und Nobelpreisträger
CLAUDIASCHIFFER	Claudia Schiffer	80	Spielzeug	deutsches Fotomodell
JOHNTERRY	John Terry	80	Spielzeug	englischer Fußballspieler
CHRISTOPHWALTZ	Christoph Waltz	80	Spielzeug	österreichisch-deutsch-amerikanischer Schauspieler (geb. 1956)
SUSANBOYLE	Susan Boyle	80	Spielzeug	britische Sängerin
HANDEYENER	Hande Yener	80	Spielzeug	türkische Popsängerin
RATKOMLADI	Ratko Mladić	80	Spielzeug	bosnischer Militär, Oberbefehlshaber der bosnisch-serbischen Truppen, verurteilter Kriegsverbrecher (1942–2026)
JACKLEMMON	Jack Lemmon	80	Spielzeug	US-amerikanischer Schauspieler
GINGERROGERS	Ginger Rogers	80	Spielzeug	US-amerikanische Schauspielerin und Tänzerin
LEOPOLDI	Leopold I.	80	Spielzeug	König der Belgier (1831–1865)
SOTERUS	Soterus	80	Spielzeug	Papst
ALEXANDERVIII	Alexander VIII.	80	Spielzeug	Papst (1689–1691)
ZEPHYRINUS	Zephyrinus	80	Spielzeug	Papst und Heiliger
GREGORVIII	Gregor VIII.	80	Spielzeug	Papst
LIBERIUS	Liberius	80	Spielzeug	Papst
SNORRISTURLUSON	Snorri Sturluson	80	Spielzeug	altisländischer Skalde und Historiker
ANDRZEJWAJDA	Andrzej Wajda	80	Spielzeug	polnischer Film- und Theaterregisseur (1926–2016)
MICHAILTAL	Michail Tal	80	Spielzeug	lettischer/sowjetischer Schachspieler, Schachweltmeister 1960 bis 1961
TOMCLANCY	Tom Clancy	80	Spielzeug	US-amerikanischer Schriftsteller (1947–2013)
PATRICKSTEWART	Patrick Stewart	80	Spielzeug	britischer Schauspieler (* 1940)
ARIUS	Arius	80	Spielzeug	Theologe, Begründer des Arianismus
CALIXTI	Calixt I.	80	Spielzeug	Papst (217–222)
ALEXANDERVII	Alexander VII.	80	Spielzeug	Papst (1655–1667)
BILLYWILDER	Billy Wilder	80	Spielzeug	US-amerikanischer Drehbuchautor, Regisseur und Filmproduzent österreichischer Herkunft
LESTERPEARSON	Lester Pearson	80	Spielzeug	14. Premierminister von Kanada (1963-1968)
INNOZENZXII	Innozenz XII.	80	Spielzeug	Papst (1691–1700)
LUCIUSI	Lucius I.	80	Spielzeug	Papst
MICHAELOWEN	Michael Owen	80	Spielzeug	englischer Fußballspieler
MICHAELKEATON	Michael Keaton	80	Spielzeug	US-amerikanischer Schauspieler
WALTERMONDALE	Walter Mondale	80	Spielzeug	US-amerikanischer Politiker, 42. Vizepräsident der USA
INNOZENZXIII	Innozenz XIII.	80	Spielzeug	Papst (1721–1724)
MURADIII	Murad III.	80	Spielzeug	Sultan des Osmanischen Reiches (1574–1595)
PIUSIII	Pius III.	80	Spielzeug	Papst
FABIANUS	Fabianus	80	Spielzeug	Papst und Märtyrer
CLEMENSX	Clemens X.	80	Spielzeug	Papst (1670–1676)
CLEMENSIX	Clemens IX.	80	Spielzeug	Papst (1667–1669)
OLERMER	Ole Rømer	80	Spielzeug	dänischer Astronom
KARLVI	Karl VI.	80	Spielzeug	König von Frankreich (1380-1422)
CORNELIUS	Cornelius	80	Spielzeug	Papst
EVANGELINELILLY	Evangeline Lilly	80	Spielzeug	kanadische Schauspielerin
LEUKIPP	Leukipp	80	Spielzeug	Philosoph der Antike
PONTIANUS	Pontianus	80	Spielzeug	Papst (230–235)
JOHANNESI	Johannes I.	80	Spielzeug	Papst
ERICCANTONA	Éric Cantona	80	Spielzeug	französischer Fußballspieler und Schauspieler
ROMARIO	Romário	80	Spielzeug	brasilianischer Fußballspieler und Politiker
LISAKUDROW	Lisa Kudrow	80	Spielzeug	US-amerikanische Schauspielerin
CARLABRUNI	Carla Bruni	80	Spielzeug	italienische Musikerin und Fotomodell
DARTS	Darts	80	Spiel	Präzisionssport, bei dem mit Pfeilen auf eine runde Scheibe geworfen wird
ALLIANZARENA	Allianz-Arena	80	Stadion	Stadion des FC Bayern München
CNTOWER	CN Tower	80	Turm	Fernsehturm in Toronto, Kanada
BILLBOARD	Billboard	79	Website|Periodikum	US-amerikanische Entertainment-Marke
DISCORD	Discord	79	Messenger	Instant-Messaging- und VoIP-Software
ADA	Ada	79	Programmiersprache	Programmiersprache
SIEMENS	Siemens	79	Unternehmen	deutscher Technologie- bzw. Mischkonzern
PANASONIC	Panasonic	79	Unternehmen|Börsenunternehmen	japanischer multinationaler Elektronikkonzern
UNITEDAIRLINES	United Airlines	79	Börsenunternehmen|Fluggesellschaft	US-amerikanische Fluggesellschaft
JIUJITSU	Jiu Jitsu	79	Sportart	von den japanischen Samurai stammende Kampfkunst der waffenlosen Selbstverteidigung
GOZO	Gozo	79	Insel	Insel des Archipels der Republik Malta
FLORES	Flores	79	Insel	ist eine der Kleinen Sundainseln
UDINESECALCIO	Udinese Calcio	79	Fußballverein	italienischer Fußballverein
FCBURNLEY	FC Burnley	79	Fußballverein	englischer Fußballverein
AFCBOURNEMOUTH	AFC Bournemouth	79	Fußballverein	englischer Fußballverein
SCHARFSCHUETZE	Scharfschütze	79	Beruf	Schützen, die durch selektiven gezielten Schusswaffeneinsatz ihren Auftrag ausführen
SOELDNER	Söldner	79	Beruf	gegen Bezahlung angeworbener und durch Vertrag gebundener Soldat
PETROLOGIE	Petrologie	79	Fachgebiet	Lehre von der Entstehung, den Eigenschaften und der Nutzung der Gesteine
LOGISTIK	Logistik	79	Fachgebiet	Organisation, Steuerung, Bereitstellung, Optimierung und Sicherung von Prozessen
GOLGIAPPARAT	Golgi-Apparat	79	Spielzeug	Zellbestandteil
VAKUOLE	Vakuole	79	Spielzeug	pflanzliches Zellorganell
TRITIUM	Tritium	79	Spielzeug	natürliches instabiles Isotop des Wasserstoffs, überschwerer Wasserstoff
AXOLOTL	Axolotl	79	Spielzeug	aquatil lebender mexikanischer Schwanzlurch
TRYGVELIE	Trygve Lie	79	Spielzeug	ehemaliger norwegischer Politiker und Rechtsanwalt und erster Generalsekretär der Vereinten Nationen
DIDIUSJULIANUS	Didius Julianus	79	Spielzeug	römischer Kaiser
MACRINUS	Macrinus	79	Spielzeug	römischer Kaiser vom 11. April 217 bis zum 8. Juni 218
FRIEDRICHEBERT	Friedrich Ebert	79	Spielzeug	deutscher Politiker (SPD) und erster Reichspräsident der Weimarer Republik (1919-1925)
DECIUS	Decius	79	Spielzeug	römischer Kaiser von 249 bis 251
PETERGRUENBERG	Peter Grünberg	79	Spielzeug	deutscher Physiker
GUSTAVEDORE	Gustave Doré	79	Spielzeug	französischer Maler und Grafiker
EDDIEREDMAYNE	Eddie Redmayne	79	Spielzeug	britischer Schauspieler und Oscar-Preisträger
WIMWENDERS	Wim Wenders	79	Spielzeug	deutscher Filmregisseur, Dramatiker, Drehbuchautor, Fotograf und Filmproduzent
YOSHIHIKONODA	Yoshihiko Noda	79	Spielzeug	japanischer Politiker
JAROSAWKACZYSKI	Jarosław Kaczyński	79	Spielzeug	polnischer Politiker
GREGORV	Gregor V.	79	Spielzeug	Papst (996–999)
MARTINBORMANN	Martin Bormann	79	Spielzeug	deutscher Politiker, MdR, Leiter der Parteikanzlei der NSDAP und Kriegsverbrecher
PAOLOVERONESE	Paolo Veronese	79	Spielzeug	italienischer Maler der Renaissance (1528–1588)
PETESAMPRAS	Pete Sampras	79	Spielzeug	US-amerikanischer Tennisspieler
GEORGESSEURAT	Georges Seurat	79	Spielzeug	französischer Maler und Vertreter des Pointillismus
BONAVENTURA	Bonaventura	79	Spielzeug	italienischer Theologe und Philosoph, Generalminister des Franziskanerordens, Kardinalbischof von Albano
MARTINBUBER	Martin Buber	79	Spielzeug	österreichisch-israelischer jüdischer Religionsphilosoph und Autor (1878–1965)
KYRILLI	Kyrill I.	79	Spielzeug	Patriarch von Moskau und ganz Russland
HENRIMOISSAN	Henri Moissan	79	Spielzeug	französischer Chemiker und Nobelpreisträger für Chemie
PETERDEBYE	Peter Debye	79	Spielzeug	niederländischer Physiker und Chemiker, Chemienobelpreisträger
VICTORGRIGNARD	Victor Grignard	79	Spielzeug	französischer Chemiker und Nobelpreisträger für Chemie
FARRAHFAWCETT	Farrah Fawcett	79	Spielzeug	US-amerikanische Schauspielerin (1947–2009)
JOHANNESIII	Johannes III.	79	Spielzeug	Papst
BONIFATIUSII	Bonifatius II.	79	Spielzeug	Papst
MELBROOKS	Mel Brooks	79	Spielzeug	US-amerikanischer Komiker und Regisseur
TINAFEY	Tina Fey	79	Spielzeug	US-amerikanische Autorin, Komödiantin und Schauspielerin
KATHARINAI	Katharina I.	79	Spielzeug	Kaiserin von Russland, zweite Frau Peters des Großen
MACAULAYCULKIN	Macaulay Culkin	79	Spielzeug	US-amerikanischer Schauspieler
WILLIAMSHATNER	William Shatner	79	Spielzeug	kanadischer Schauspieler
LEONARDNIMOY	Leonard Nimoy	79	Spielzeug	US-amerikanischer Schauspieler, Regisseur, Filmproduzent und Fotograf (1931–2015)
CARLESPUYOL	Carles Puyol	79	Spielzeug	spanischer Fußballspieler
JEANNEMOREAU	Jeanne Moreau	79	Spielzeug	französische Schauspielerin und Sängerin (1928–2017)
KARLXII	Karl XII.	79	Spielzeug	König von Schweden (1697–1718) und Herzog von Zweibrücken in Personalunion
KAJOL	Kajol	79	Spielzeug	indische Schauspielerin
HERODES	Herodes	79	Spielzeug	König von Judäa (37-4 v. Chr.)
MARCUS	Marcus	79	Spielzeug	Papst
URBANV	Urban V.	79	Spielzeug	Papst (1362-1370)
PLACIDODOMINGO	Plácido Domingo	79	Spielzeug	spanischer Opernsänger (Tenor)
WILLEMBARENTS	Willem Barents	79	Spielzeug	niederländischer Seefahrer und Entdecker
STEPHANI	Stephan I.	79	Spielzeug	Papst
CLEMENSXIV	Clemens XIV.	79	Spielzeug	Papst der katholischen Kirche (1769–1774)
INNOZENZI	Innozenz I.	79	Spielzeug	Papst der katholischen Kirche
JOHANNESXXII	Johannes XXII.	79	Spielzeug	Papst (1316–1334)
BAYEZIDII	Bayezid II.	79	Spielzeug	osmanischer Sultan
PAULODYBALA	Paulo Dybala	79	Spielzeug	argentinischer Fußballspieler
COELESTINI	Coelestin I.	79	Spielzeug	Papst
BONIFATIUSV	Bonifatius V.	79	Spielzeug	Papst
FORMOSUS	Formosus	79	Spielzeug	Papst (891–896)
LARRYBIRD	Larry Bird	79	Spielzeug	US-amerikanischer Basketballspieler und -trainer
SMOG	Smog	79	Spiel	Luftverschmutzung
STAUGUSTINE	St. Augustine	78	Website	Stadt in Florida, Vereinigte Staaten
RSS	RSS	78	Dateiformat|Spielzeug	
STRANGERTHINGS	Stranger Things	78	Fernsehserie	US-amerikanische Fernsehserie (2016–2026)
FUTURAMA	Futurama	78	Animationsserie	US-amerikanische Zeichentrickserie
GAZPROM	Gazprom	78	Unternehmen|Börsenunternehmen	weltweit größtes Gasförderunternehmen
AMD	AMD	78	Unternehmen	US-amerikanisches Halbleiterunternehmen
ORACLE	Oracle	78	Unternehmen|Börsenunternehmen	US-amerikanischer Softwarehersteller
MOTOROLA	Motorola	78	Unternehmen	US-amerikanisches Telekommunikationsunternehmen
MODERNTALKING	Modern Talking	78	Musikgruppe	deutsche Popband
BEACHVOLLEYBALL	Beachvolleyball	78	Sportart	im Sand gespielte Variante des Volleyballs
FUTSAL	Futsal	78	Sportart	offiziell anerkannte Variante des Hallenfußballs
VICTORIAINSEL	Victoria-Insel	78	Insel	Insel in Kanada
EUBOEA	Euböa	78	Insel	griechische Insel
KOS	Kos	78	Insel	griechische Insel
HIIUMAA	Hiiumaa	78	Insel	Ostseeinsel in Estland
DISCO	Disco	78	Musikgenre	Musikgenre
RIVERPLATE	River Plate	78	Fußballverein	Fußballverein aus Buenos Aires, Argentinien
BLACKBURNROVERS	Blackburn Rovers	78	Fußballverein	englischer Fußballverein
FKRITERIAI	FK Riteriai	78	Fußballverein	litauischer Fußballverein
EINSIEDLER	Einsiedler	78	Beruf	Mensch, der abgeschieden von den Menschen lebt
KOMIKER	Komiker	78	Beruf	Person, die es sich zum Ziel oder Beruf gemacht hat, Mitmenschen mimisch, gestisch oder sprachlich zum Lachen zu bringen
PHILATELIE	Philatelie	78	Fachgebiet	Sammeln von Briefmarken
PALMOEL	Palmöl	78	Spielzeug	Pflanzenöl
KOKOSMILCH	Kokosmilch	78	Spielzeug	Produkt der Kokosnuss
ARJUNA	Arjuna	78	Spielzeug	Heldengestalt im indischen Epos Mahabharata
PERTINAX	Pertinax	78	Spielzeug	römischer Kaiser
JOHANNESRAU	Johannes Rau	78	Spielzeug	deutscher Politiker (SPD); Ministerpräsident von Nordrhein-Westfalen, 8. Bundespräsident der Bundesrepublik Deutschland von 1999 bis 2004 (1931–2006)
JOSEFMENGELE	Josef Mengele	78	Spielzeug	deutscher Mediziner und Kriegsverbrecher (1911–1979)
RAJKAPOOR	Raj Kapoor	78	Spielzeug	indischer Filmschauspieler, Filmregisseur und Filmproduzent
DAVIDGROSS	David Gross	78	Spielzeug	US-amerikanischer Physiker und Träger des Nobelpreises für Physik 2004
JANOSADER	János Áder	78	Spielzeug	Präsident von Ungarn von 2012 bis 2022 (geb. 1959)
HERMANNWEYL	Hermann Weyl	78	Spielzeug	deutscher Mathematiker
BORISBECKER	Boris Becker	78	Spielzeug	deutscher Tennisspieler
RUDOLFVIRCHOW	Rudolf Virchow	78	Spielzeug	deutscher Pathologe, Anthropologe, Prähistoriker und Politiker
LESLIENIELSEN	Leslie Nielsen	78	Spielzeug	kanadisch-amerikanischer Schauspieler (1926–2010)
THEODORFONTANE	Theodor Fontane	78	Spielzeug	deutscher Schriftsteller
MANUELVALLS	Manuel Valls	78	Spielzeug	französisch-spanischer Politiker, ehem. Premierminister der Französischen Republik
ERROLFLYNN	Errol Flynn	78	Spielzeug	australischer Schauspieler (1909-1959)
WERNERHERZOG	Werner Herzog	78	Spielzeug	deutscher Filmregisseur, Schauspieler und Filmproduzent
YASUOFUKUDA	Yasuo Fukuda	78	Spielzeug	58. Premierminister Japans
EDHARRIS	Ed Harris	78	Spielzeug	US-amerikanischer Schauspieler, Regisseur und Filmproduzent
JEANJAURES	Jean Jaurès	78	Spielzeug	französischer Philosoph, Politiker, Vertreter des Reformsozialismus (1859–1914)
GUYFAWKES	Guy Fawkes	78	Spielzeug	englischer Attentäter
PASCHALISI	Paschalis I.	78	Spielzeug	Papst
LEOII	Leo II.	78	Spielzeug	Papst
LEOVI	Leo VI.	78	Spielzeug	Papst
ALBERTHOFMANN	Albert Hofmann	78	Spielzeug	Schweizer Chemiker und Entdecker von LSD
ANASTASIUSII	Anastasius II.	78	Spielzeug	Papst
DANNYBOYLE	Danny Boyle	78	Spielzeug	britischer Regisseur, Drehbuchautor und Filmproduzent
KARLVII	Karl VII.	78	Spielzeug	König von Frankreich
CHRISBROWN	Chris Brown	78	Spielzeug	US-amerikanischer Sänger, Rapper, Songwriter und Tänzer
SIXTUSIII	Sixtus III.	78	Spielzeug	Papst (Bischof von Rom) des 5. Jh.s
JIMMYPAGE	Jimmy Page	78	Spielzeug	britischer Gitarrist
STANLEYBALDWIN	Stanley Baldwin	78	Spielzeug	1st Earl Baldwin of Bewdley
JOHNWILLIAMS	John Williams	78	Spielzeug	US-amerikanischer Komponist und Dirigent
CLEMENSV	Clemens V.	78	Spielzeug	Papst von 1305 bis 1314
HONORIUSIII	Honorius III.	78	Spielzeug	Papst (1216–1227)
HERNANCRESPO	Hernán Crespo	78	Spielzeug	argentinischer Fußballspieler
MARCELLINUS	Marcellinus	78	Spielzeug	Bischof von Rom
GEOFFREYRUSH	Geoffrey Rush	78	Spielzeug	australischer Schauspieler
ANTERUS	Anterus	78	Spielzeug	Papst
PELAGIUSI	Pelagius I.	78	Spielzeug	Papst
FATAH	Fatah	78	Partei	palästinensische Partei
SHERLOCK	Sherlock	77	Fernsehserie	britische Fernsehserie (2010–2017)
GREYSANATOMY	Grey’s Anatomy	77	Fernsehserie	US-amerikanische Fernsehserie
PHILIPS	Philips	77	Unternehmen|Börsenunternehmen	niederländischer Medizintechnikkonzern
CITRON	Citroën	77	Autohersteller	Automobilhersteller, Tochterunternehmen der Stellantis Unternehmensgruppe
TARZAN	Tarzan	77	Fiktiver Mensch	Charakter aus Edgar Rice Burroughs „Tarzan bei den Affen“
SKISPRINGEN	Skispringen	77	Sportart	Wintersportart
TRIATHLON	Triathlon	77	Sportart	Mehrkampfsportart bestehend aus Schwimmen, Radfahren und Laufen
BOBSPORT	Bobsport	77	Sportart	Wintersportart
SKIALPIN	Ski Alpin	77	Sportart	Wintersportart
BARBUDA	Barbuda	77	Insel	Insel in der Karibik
BLEACH	Bleach	77	Franchise	Manga
DIESCHLUEMPFE	Die Schlümpfe	77	Franchise	Comicfiguren
HARDROCK	Hard Rock	77	Musikgenre	Stilrichtung der Rockmusik
CAGLIARICALCIO	Cagliari Calcio	77	Fußballverein	italienischer Fußballklub
HAMBURGERSV	Hamburger SV	77	Fußballverein	Sportverein aus Hamburg
BETISSEVILLA	Betis Sevilla	77	Fußballverein	Fußballverein aus Sevilla, Spanien
KONQUISTADOR	Konquistador	77	Beruf	Sammelbegriff für Soldaten, Entdecker und Abenteurer
AUSSENHANDEL	Außenhandel	77	Fachgebiet	internationaler Austausch von Dienstleistungen, Kapital und Waren
KAMIN	Kamin	77	Werkzeug|Spielzeug	Einrichtung zum Verfeuern von festen Brennstoffen in Wohnhäusern
OFEN	Ofen	77	Werkzeug|Spielzeug	Wärmegerät
MESOSPHAERE	Mesosphäre	77	Spielzeug	Schicht der Erdatmosphäre
DOTTER	Dotter	77	Spielzeug	Nährstoffreserve einer Eizelle (für Hühnereidotter Q14523825 verwenden)
EDUARDII	Eduard II.	77	Spielzeug	König von England, Herr von Irland und Herzog von Aquitanien (1307-1327)
PATTISMITH	Patti Smith	77	Spielzeug	US-amerikanische Rockmusikerin und Rockpoetin
FRAANGELICO	Fra Angelico	77	Spielzeug	Maler der italienischen Frührenaissance
GERONIMO	Geronimo	77	Spielzeug	Kriegshäuptling der Apachen (1829-1909)
JOHNCLEESE	John Cleese	77	Spielzeug	britischer Schauspieler und Comedian (geboren 1939)
ROBINHO	Robinho	77	Spielzeug	brasilianischer Fußballspieler
NAJIBRAZAK	Najib Razak	77	Spielzeug	malaysischer Politiker, Premierminister Malaysias
XUANZANG	Xuanzang	77	Spielzeug	chinesisch-buddhistischer Pilgermönch
MARTINWEINEK	Martin Weinek	77	Spielzeug	österreichischer Schauspieler und Regisseur
LEOIX	Leo IX.	77	Spielzeug	Papst (1049–1054)
ARMINIUS	Arminius	77	Spielzeug	Fürst der Cherusker, besiegte 9 n. Chr. die Römer
ELLIEGOULDING	Ellie Goulding	77	Spielzeug	englische Sängerin
JUANES	Juanes	77	Spielzeug	kolumbianischer Sänger, Songschreiber und Gitarrist
ERDMANTEL	Erdmantel	77	Spielzeug	mittlere Schale im chemischen Modell vom inneren Aufbau des Erdkörpers
PHILIPPIII	Philipp III.	77	Spielzeug	König von Spanien, Neapel und Sizilien, als Philipp II. König von Portugal
EDITHSTEIN	Edith Stein	77	Spielzeug	deutsch-jüdische Philosophin und Autorin, katholische Nonne, Opfer des Holocaust (1891-1942)
THOMASPYNCHON	Thomas Pynchon	77	Spielzeug	amerikanischer Schriftsteller
PETERDRUCKER	Peter Drucker	77	Spielzeug	US-amerikanischer Ökonom österreichischer Herkunft
NIKKIHALEY	Nikki Haley	77	Spielzeug	US-amerikanische Politikerin
DOMINIKUS	Dominikus	77	Spielzeug	Gründer des Predigerordens der Dominikaner
JOANFONTAINE	Joan Fontaine	77	Spielzeug	britische Schauspielerin
MURADI	Murad I.	77	Spielzeug	Sultan des Osmanischen Reiches (1359–1389)
DAREIOSIII	Dareios III.	77	Spielzeug	letzter Herrscher des Perserreiches aus der Dynastie der Achämeniden und letzter Pharao der 31. Dynastie
MARIOGOETZE	Mario Götze	77	Spielzeug	deutscher Fußballspieler
ADRIENBRODY	Adrien Brody	77	Spielzeug	US-amerikanischer Schauspieler
ERNESTBORGNINE	Ernest Borgnine	77	Spielzeug	US-amerikanischer Schauspieler (1917–2012)
ADEODATUSII	Adeodatus II.	77	Spielzeug	Papst
EUGENII	Eugen II.	77	Spielzeug	Papst
CHARLESMESSIER	Charles Messier	77	Spielzeug	französischer Astronom
CHARLIEPARKER	Charlie Parker	77	Spielzeug	US-amerikanischer Jazzmusiker (Altsaxofonist) und Komponist
KALEYCUOCO	Kaley Cuoco	77	Spielzeug	US-amerikanische Schauspielerin
ALFONSX	Alfons X.	77	Spielzeug	König von Kastilien und León
WESLEYSNEIJDER	Wesley Sneijder	77	Spielzeug	niederländischer Fußballspieler
NESTORMACHNO	Nestor Machno	77	Spielzeug	ukrainischer Anarchist
SYDNEYPOLLACK	Sydney Pollack	77	Spielzeug	US-amerikanischer Filmregisseur, Filmproduzent und Schauspieler
SILVERIUS	Silverius	77	Spielzeug	Papst
FELIXI	Felix I.	77	Spielzeug	Papst
MALAIEN	Malaien	77	Spielzeug	ethnische Gruppe
RAMSAYMACDONALD	Ramsay MacDonald	77	Spielzeug	britischer Politiker und zweimal Premierminister des Vereinigten Königreichs (1866–1937)
KARLVIII	Karl VIII.	77	Spielzeug	König von Frankreich (1483–1498)
STEPHENIEMEYER	Stephenie Meyer	77	Spielzeug	US-amerikanische Schriftstellerin
EDUARDIV	Eduard IV.	77	Spielzeug	englischer König
BONIFATIUSVI	Bonifatius VI.	77	Spielzeug	Papst
BONIFATIUSI	Bonifatius I.	77	Spielzeug	Papst
SYMMACHUS	Symmachus	77	Spielzeug	Papst
BENEDIKTXII	Benedikt XII.	77	Spielzeug	Papst (1334–1342)
BENEDIKTIX	Benedikt IX.	77	Spielzeug	Tusculaner-Papst
JEANANOUILH	Jean Anouilh	77	Spielzeug	französischer Schriftsteller, Dramatiker und Regisseur (1910–1987)
LIKUD	Likud	77	Partei	israelische Partei
FATIGUE	Fatigue	77	Symptom	medizinisches Symptom, das in der Regel mit körperlicher und/oder geistiger Schwäche einhergeht und sich durch Ruhe oder Schlaf nicht bessert
NABELSCHNUR	Nabelschnur	77	Anatomische Struktur	Verbindungsstrang zwischen Fetus und Plazenta
THEECONOMIST	The Economist	76	Website|Zeitschrift	britische Wochenzeitschrift
SUPERNATURAL	Supernatural	76	Fernsehserie	US-amerikanische Fernsehserie (2005–2020)
ROTTENTOMATOES	Rotten Tomatoes	76	Unternehmen|Spielzeug	US-amerikanische Film-Website
ALFAROMEO	Alfa Romeo	76	Unternehmen|Autohersteller	Italienisches Automobilunternehmen
SHELLPLC	Shell plc	76	Unternehmen|Börsenunternehmen	Mineralöl- und Erdgas-Unternehmen
PFIZER	Pfizer	76	Unternehmen|Börsenunternehmen	US-amerikanischer Pharmakonzern
HYUNDAI	Hyundai	76	Börsenunternehmen|Autohersteller	südkoreanischer Automobilhersteller
THECLASH	The Clash	76	Musikgruppe	britische Band
THEPRODIGY	The Prodigy	76	Musikgruppe	englische Band
MNESKIN	Måneskin	76	Musikgruppe	italienische Rockband
BAERENBRUEDER	Bärenbrüder	76	Animationsfilm	Film von Aaron Blaise und Robert Walker (2003)
LAMPEDUSA	Lampedusa	76	Insel	größte der Pelagischen Inseln im Mittelmeer, Italien
KEFALONIA	Kefalonia	76	Insel	griechische Insel im Ionischen Meer
ITHAKA	Ithaka	76	Insel	griechische Insel im Ionischen Meer
OELAND	Öland	76	Insel	schwedische Insel
FUNK	Funk	76	Musikgenre	Musikgenre
GHASEL	Ghasel	76	Musikgenre	lyrische Form
BANGAGARGDAI	Banga Gargždai	76	Fußballverein	litauischer Fußballverein
LINUXMINT	Linux Mint	76	Betriebssystem	Ubuntu/Debian-basierte Linux-Distribution
FEDORALINUX	Fedora Linux	76	Betriebssystem	Linux-Distribution
NACHHALTIGKEIT	Nachhaltigkeit	76	Fachgebiet	Handlungsprinzip zur Nutzung von Ressourcen
PLANETOLOGIE	Planetologie	76	Fachgebiet	Wissenschaft der nichtstellaren Himmelskörper und Planetensysteme
STILLLEBEN	Stillleben	76	Kunstrichtung	Genre der europäischen Kunst, das reglose Objekte zeigt
KEPLER	Kepler	76	Werkzeug	Teleskop im Weltraum außerhalb der Erdatmosphäre
IONOSPHAERE	Ionosphäre	76	Spielzeug	Teil der Erdatmosphäre, der große Mengen von Ionen und freien Elektronen enthält
AGAR	Agar	76	Spielzeug	Verdickungsmittel in der Mikrobiologie und in Lebensmitteln
LYSOSOM	Lysosom	76	Spielzeug	eukaryotisches Zellorganell
ZELLWAND	Zellwand	76	Spielzeug	Zellorganell
STOERE	Störe	76	Spielzeug	Familie der Ordnung Störartige (Acipenseriformes)
RHESUSAFFE	Rhesusaffe	76	Spielzeug	Art der Gattung Makaken (Macaca)
MOZZARELLA	Mozzarella	76	Spielzeug	italienischer Käse
OCHSE	Ochse	76	Spielzeug	kastriertes männliches Rind
KATEBUSH	Kate Bush	76	Spielzeug	englische Sängerin, Pianistin und Songwriterin
WALTERULBRICHT	Walter Ulbricht	76	Spielzeug	deutscher kommunistischer Politiker und Diktator (1893–1973)
DONATOBRAMANTE	Donato Bramante	76	Spielzeug	italienischer Baumeister
PHILIPPUSARABS	Philippus Arabs	76	Spielzeug	römischer Kaiser von 244 bis 249
GOTTLIEBDAIMLER	Gottlieb Daimler	76	Spielzeug	deutscher Ingenieur, Konstrukteur und Industrieller (1834–1900)
LARRYDAVID	Larry David	76	Spielzeug	US-amerikanischer Comedian, Schauspieler und Produzent
TOMISLAVNIKOLI	Tomislav Nikolić	76	Spielzeug	serbischer Politiker
ANNAKENDRICK	Anna Kendrick	76	Spielzeug	US-amerikanische Schauspielerin
FRIEDRICHIII	Friedrich III.	76	Spielzeug	als König von Preußen Deutscher Kaiser (1888)
ERNSTRUSKA	Ernst Ruska	76	Spielzeug	deutscher Elektrotechniker und Erfinder des Elektronenmikroskops
ALFREDKASTLER	Alfred Kastler	76	Spielzeug	deutsch-französischer Physiker (1902-1984)
SEMIKOLON	Semikolon	76	Spielzeug	Satzzeichen
RICHARDDEDEKIND	Richard Dedekind	76	Spielzeug	deutscher Mathematiker
ERICHOBSBAWM	Eric Hobsbawm	76	Spielzeug	marxistisch orientierter britischer Universalhistoriker mit sozial- und wirtschaftshistorischen Schwerpunkten (1917–2012)
GEORGSIMMEL	Georg Simmel	76	Spielzeug	deutscher Philosoph und Soziologe (1858–1918)
AALIYAH	Aaliyah	76	Spielzeug	US-amerikanische Rhythm-and-Blues-Sängerin (1979–2001)
KONSTANTINXI	Konstantin XI.	76	Spielzeug	letzter byzantinischer Kaiser
LARRYELLISON	Larry Ellison	76	Spielzeug	amerikanischer Unternehmer, Gründer des Softwarekonzerns Oracle
QUINOA	Quinoa	76	Spielzeug	Art der Gattung Gänsefüße (Chenopodium)
DAVEGROHL	Dave Grohl	76	Spielzeug	amerikanischer Rockmusiker
WARRENBEATTY	Warren Beatty	76	Spielzeug	US-amerikanischer Schauspieler, Regisseur, Drehbuchautor und Produzent
PANDORA	Pandora	76	Spielzeug	in der griechischen Mythologie eine von Hephaistos aus Lehm geschaffene Frau
MARCELLUSII	Marcellus II.	76	Spielzeug	Papst (vom 9. April bis zum 1. Mai 1555)
AGATHO	Agatho	76	Spielzeug	Papst
LANDO	Lando	76	Spielzeug	Papst
GIUSEPPEPIAZZI	Giuseppe Piazzi	76	Spielzeug	katholischer Priester, Astronom, Mathematiker (1746–1826)
CONSTANTIUSII	Constantius II.	76	Spielzeug	römischer Kaiser (337-361)
ODOAKER	Odoaker	76	Spielzeug	„König von Italien“, setzte den letzten weströmischen Kaiser ab
KARLBARTH	Karl Barth	76	Spielzeug	Schweizer Theologe
KURTRUSSELL	Kurt Russell	76	Spielzeug	US-amerikanischer Schauspieler
COELESTINIII	Coelestin III.	76	Spielzeug	Papst
LUCMONTAGNIER	Luc Montagnier	76	Spielzeug	französischer Virologe und Nobelpreisträger
JOEYKING	Joey King	76	Spielzeug	US-amerikanische Schauspielerin
JOHNMCENROE	John McEnroe	76	Spielzeug	US-amerikanischer Tennisspieler
ROBERTMITCHUM	Robert Mitchum	76	Spielzeug	US-amerikanischer Schauspieler (1917–1997)
ZICO	Zico	76	Spielzeug	brasilianischer Fußballspieler und -trainer
AHMEDZEWAIL	Ahmed Zewail	76	Spielzeug	ägyptischer Chemiker
CARLOSTEVEZ	Carlos Tévez	76	Spielzeug	argentinischer Fußballspieler
FRITZLANG	Fritz Lang	76	Spielzeug	österreichisch-deutsch-amerikanischer Filmregisseur, Drehbuchautor und Schauspieler (1890–1976)
BANKSY	Banksy	76	Spielzeug	englischer Streetart-Künstler
LUDWIGVII	Ludwig VII.	76	Spielzeug	König von Frankreich (1137–1180)
ANASTASIUSI	Anastasius I.	76	Spielzeug	Papst (399-401)
ZACHARIAS	Zacharias	76	Spielzeug	Papst der römisch-katholischen Kirche
CONSTANTIUSI	Constantius I.	76	Spielzeug	römischer Kaiser (305-306)
CARLLEWIS	Carl Lewis	76	Spielzeug	US-amerikanischer Leichtathlet
KARLIX	Karl IX.	76	Spielzeug	König von Frankreich (1560–1574)
ANNA	Anna	76	Spielzeug	Kaiserin von Russland
HEINRICHIII	Heinrich III.	76	Spielzeug	König von England (1216–1272)
HEINRICHVI	Heinrich VI.	76	Spielzeug	König von England (1422-1461 und 1470-1471)
SAMIKHEDIRA	Sami Khedira	76	Spielzeug	deutsch-tunesischer Fußballspieler
UGOFOSCOLO	Ugo Foscolo	76	Spielzeug	italienischer Dichter
DAVIDGILMOUR	David Gilmour	76	Spielzeug	britischer Musiker und Songwriter
FERNANDEL	Fernandel	76	Spielzeug	französischer Schauspieler und Sänger (1903–1971)
AGAPITUSI	Agapitus I.	76	Spielzeug	Papst
GREGORX	Gregor X.	76	Spielzeug	Papst (1271–1276)
AARONBURR	Aaron Burr	76	Spielzeug	amerikanischer Politiker, dritter Vizepräsident der Vereinigten Staaten
VENEVISIN	Venevisión	76	Fernsehsender	venezolanischer Fernsehsender
GMANETWORK	GMA Network	76	Medienunternehmen	Philippinisches Medienunternehmen
POKEMONGO	Pokémon Go	75	App|Computerspiel|Spiel	Augmented-Reality-Spiel für Smartphones
PINTEREST	Pinterest	75	Website|Soziales Netzwerk|Spielzeug|Spiel|Suchmaschine|Online-Community|Große Plattform	Website zum Teilen und Veröffentlichen von Fotos
DIESOPRANOS	Die Sopranos	75	Fernsehserie	US-amerikanische Fernsehserie (1999–2007)
PEPPAWUTZ	Peppa Wutz	75	Animationsserie	britische Zeichentrick-Fernsehserie für Kinder
PUBG	PUBG	75	Computerspiel|Spiel	Battle-Royale-Shooter aus dem Jahr 2017
GUCCI	Gucci	75	Unternehmen	italienisches Luxusmodehaus
TOSHIBA	Toshiba	75	Unternehmen|Marke	japanischer Technologiekonzern
RYANAIR	Ryanair	75	Börsenunternehmen|Fluggesellschaft	irische Billigfluggesellschaft
AEROFLOT	Aeroflot	75	Börsenunternehmen|Fluggesellschaft	russische Fluggesellschaft
BACKSTREETBOYS	Backstreet Boys	75	Musikgruppe	amerikanische Boygroup
LACUNACOIL	Lacuna Coil	75	Musikgruppe	italienische Band
PETERPAN	Peter Pan	75	Animationsfilm	Zeichentrickfilm aus dem Jahr 1953
HUMMUS	Hummus	75	Gericht/Lebensmittel	orientalische Kichererbsenpaste
PARKOUR	Parkour	75	Sportart	Fortbewegungsart
SPITZBERGEN	Spitzbergen	75	Insel	norwegische Insel
FCSANTOS	FC Santos	75	Fußballverein	Fußballverein aus Santos
FCWATFORD	FC Watford	75	Fußballverein	englischer Fußballverein
FCAUGSBURG	FC Augsburg	75	Fußballverein	Fußballverein aus Augsburg, Bayern
BIRMINGHAMCITY	Birmingham City	75	Fußballverein	englischer Fußballverein
FREEBSD	FreeBSD	75	Betriebssystem	freies Betriebssystem aus der Gruppe der Unix-Derivate
HIRTE	Hirte	75	Beruf	Person, die eine Herde von Nutztieren bewacht und versorgt
TROLL	Troll	75	Beruf	Begriff aus der Netzkultur
SATRAP	Satrap	75	Beruf	Titel des Statthalters einer größeren Provinz (Satrapie)
HEBAMME	Hebamme	75	Beruf	Gesundheitsfachpersonal für Familienplanung, Schwangerschaft, Geburt, Wochenbett und das erste Lebensjahr des Kindes
LAUTE	Laute	75	Werkzeug|Musikinstrument	mehrchöriges Musikinstrument mit gezupften oder geschlagenen Saitenpaaren
AUSTERN	Austern	75	Spielzeug	Familie innerhalb der Klasse der Muscheln
THERMOSPHAERE	Thermosphäre	75	Spielzeug	Schicht oberhalb der Mesopause
JENNAJAMESON	Jenna Jameson	75	Spielzeug	US-amerikanische Pornodarstellerin, Pornoproduzentin, Geschäftsfrau & Schauspielerin
LUCIUSVERUS	Lucius Verus	75	Spielzeug	römischer Kaiser
HARRYMULISCH	Harry Mulisch	75	Spielzeug	niederländischer Schriftsteller
BUDDYHOLLY	Buddy Holly	75	Spielzeug	US-amerikanischer Rock-’n’-Roll-Musiker und -Songschreiber
TAKESHIKITANO	Takeshi Kitano	75	Spielzeug	japanischer Regisseur und Schauspieler
HASHIMTHAI	Hashim Thaçi	75	Spielzeug	ehemaliger Präsident der Republik Kosovo
ANNAMAGNANI	Anna Magnani	75	Spielzeug	italienische Schauspielerin und Oscarpreisträgerin
HASSANII	Hassan II.	75	Spielzeug	marokkanischer Sultan, 2. König von Marokko (1961–1999)
LILYALLEN	Lily Allen	75	Spielzeug	britische Sängerin und Schauspielerin
WILHELMKEITEL	Wilhelm Keitel	75	Spielzeug	deutscher Generalfeldmarschall (1882–1946)
TIMOTHYDALTON	Timothy Dalton	75	Spielzeug	britischer Schauspieler
SOPHIESCHOLL	Sophie Scholl	75	Spielzeug	deutsche Widerstandskämpferin gegen den Nationalsozialismus, Mitglied der „Weißen Rose“
NIKILAUDA	Niki Lauda	75	Spielzeug	österreichischer Automobilrennfahrer, Unternehmer und Pilot (1949–2019)
RICHARDII	Richard II.	75	Spielzeug	König von England (1377-1399)
FRANZMARC	Franz Marc	75	Spielzeug	deutscher Maler des Expressionismus (1880–1916)
THEODORI	Theodor I.	75	Spielzeug	Papst
HAROLDLLOYD	Harold Lloyd	75	Spielzeug	US-amerikanischer Schauspieler (1893-1971)
JEFFGOLDBLUM	Jeff Goldblum	75	Spielzeug	US-amerikanischer Schauspieler
ANASTASIUSIII	Anastasius III.	75	Spielzeug	Papst
GEERTWILDERS	Geert Wilders	75	Spielzeug	niederländischer Politiker
KENNETHKAUNDA	Kenneth Kaunda	75	Spielzeug	erster sambischer Präsident (1964–1991)
MATSHUMMELS	Mats Hummels	75	Spielzeug	deutscher Fußballspieler
ROBERTSCHUMAN	Robert Schuman	75	Spielzeug	Jurist, französischer Politiker, MdEP
SIMONESIGNORET	Simone Signoret	75	Spielzeug	französische Schauspielerin (1921-1985)
LEONBLUM	Léon Blum	75	Spielzeug	französischer Politiker
SIDVICIOUS	Sid Vicious	75	Spielzeug	britischer Punkrock-Musiker
ALANGARCA	Alan García	75	Spielzeug	peruanischer Präsident
KENDRICKLAMAR	Kendrick Lamar	75	Spielzeug	US-amerikanischer Rapper
IMHOTEP	Imhotep	75	Spielzeug	Iripat und Hohepriester des Re von Heliopolis
THEODOSIUSII	Theodosius II.	75	Spielzeug	Oströmischer Kaiser von 408-450
CAJUS	Cajus	75	Spielzeug	Papst
PHILIPPULLMAN	Philip Pullman	75	Spielzeug	englischsprachiger Schriftsteller
ATEMNOT	Atemnot	75	Symptom	unangenehm erschwerte Atemtätigkeit
PLACEBO	Placebo	75	Medikament	Scheinmedikament bzw. Scheinbehandlung
FLICKR	Flickr	74	App|Videoportal|Online-Community	Bilder- und Video-Hosting-Website
BLOGGERCOM	Blogger.com	74	Website|Soziales Netzwerk	soziales Netzwerk und Weblog-Software von Google Inc.
SUNMICROSYSTEMS	Sun Microsystems	74	Unternehmen|Börsenunternehmen	Hersteller von Computern und Software, seit 2010 Teil von Oracle
ALPHABETINC	Alphabet Inc.	74	Unternehmen|Börsenunternehmen	börsennotiertes US-amerikanisches Unternehmen; unter anderem Dachgesellschaft von Google LLC
SLIPKNOT	Slipknot	74	Musikgruppe	amerikanische Band
RAMONES	Ramones	74	Musikgruppe	US-amerikanische Punkrock-Band
RALPHREICHTS	Ralph reichts	74	Animationsfilm	Animationsfilm von Rich Moore (2012)
SQUASH	Squash	74	Sportart	Sportart mit Schlägern für Rückschlag
WRANGELINSEL	Wrangelinsel	74	Insel	russische Insel in der Tschuktschensee
ZAKYNTHOS	Zakynthos	74	Insel	griechische Insel im Ionischen Meer
PHQUC	Phú Quốc	74	Insel	Insel in Vietnam
ETHEREUM	Ethereum	74	Kryptowährung|Spielzeug	freie Software
STOKECITY	Stoke City	74	Fußballverein	englischer Fußballverein
VERBRAUCHER	Verbraucher	74	Beruf	Person oder Gruppe, die Endverbraucher oder Benutzer von Waren und Dienstleistungen ist; zahlt für den Erwerb oder die Benutzung
INTELLEKTUELLER	Intellektueller	74	Beruf	Mensch, der wissenschaftlich, künstlerisch, philosophisch, religiös, literarisch oder journalistisch tätig ist, dort ausgewiesene Kompetenzen erworben hat und in öffentlichen Auseinandersetzungen kritisch oder affirmativ Position bezieht
SEEMANN	Seemann	74	Beruf	Person, die ihren Arbeitsplatz auf Schiffen hat
LIMNOLOGIE	Limnologie	74	Fachgebiet	Wissenschaft von den Binnengewässern als Ökosystemen
ASTROMETRIE	Astrometrie	74	Fachgebiet	Teilbereich der Astronomie, umfasst die Messung und Berechnung von Gestirnspositionen und ihren Bewegungen in genau definierten Bezugsystemen
NLP	NLP	74	Fachgebiet	Bereich der Informatik und Linguistik, Verarbeitung natürlicher Sprache
NUCLEOLUS	Nucleolus	74	Spielzeug	Zellbestandteil
CYNDILAUPER	Cyndi Lauper	74	Spielzeug	US-amerikanische Sängerin
GERHARDMERCATOR	Gerhard Mercator	74	Spielzeug	Mathematiker, Geograf, Kartograf (1512–1594)
JONATHANWINTERS	Jonathan Winters	74	Spielzeug	amerikanischer Komödien-Schauspieler
FELIPECALDERN	Felipe Calderón	74	Spielzeug	mexikanischer Politiker und Präsident
HANFEI	Han Fei	74	Spielzeug	chinesischer Philosoph
BOJKOBORISSOW	Bojko Borissow	74	Spielzeug	bulgarischer Politiker, ehem. Ministerpräsident der Republik Bulgarien
JOHNKEY	John Key	74	Spielzeug	neuseeländischer Politiker
JOYCEBANDA	Joyce Banda	74	Spielzeug	malawische Politikerin, Präsidentin von Malawi
KEVINDURANT	Kevin Durant	74	Spielzeug	US-amerikanischer Basketballspieler
VITALIKLITSCHKO	Vitali Klitschko	74	Spielzeug	ukrainischer Politiker, Bürgermeister von Kiew und ehemaliger Profiboxer
CLEMENSII	Clemens II.	74	Spielzeug	Papst (1046–1047)
MEISTERECKHART	Meister Eckhart	74	Spielzeug	spätmittelalterlicher Theologe, Autor und Philosoph
KURTALDER	Kurt Alder	74	Spielzeug	deutscher Chemiker und Nobelpreisträger
CARLBOSCH	Carl Bosch	74	Spielzeug	deutscher Chemiker und Nobelpreisträger
WUZETIAN	Wu Zetian	74	Spielzeug	einzige Frau, die jemals offiziell chinesischer Kaiser war
ALFREDROSENBERG	Alfred Rosenberg	74	Spielzeug	deutscher Architekt und Politiker (NSDAP), MdR, Parteiideologe
GERDBINNIG	Gerd Binnig	74	Spielzeug	deutscher Physiker und Nobelpreisträger
KARLIII	Karl III.	74	Spielzeug	König von Spanien (1759-1788)
JEANPAUL	Jean Paul	74	Spielzeug	deutscher Schriftsteller
ARMENSARKISSJAN	Armen Sarkissjan	74	Spielzeug	armenischer Physiker, Informatiker, Unternehmer, Diplomat und Politiker
EGONSCHIELE	Egon Schiele	74	Spielzeug	österreichischer Maler des Expressionismus
ROBERTEDWARDS	Robert Edwards	74	Spielzeug	britischer Physiologe und Nobelpreisträger
SAULPERLMUTTER	Saul Perlmutter	74	Spielzeug	US-amerikanischer Astronom
ALFREDMARSHALL	Alfred Marshall	74	Spielzeug	britischer Nationalökonom
KARLKRAUS	Karl Kraus	74	Spielzeug	österreichischer Schriftsteller (1874-1936)
MARCELLUSI	Marcellus I.	74	Spielzeug	Bischof von Rom
SISINNIUS	Sisinnius	74	Spielzeug	Papst
STEVEBUSCEMI	Steve Buscemi	74	Spielzeug	US-amerikanischer Schauspieler
ALANARKIN	Alan Arkin	74	Spielzeug	US-amerikanischer Schauspieler, Regisseur, Kinderbuchautor und Oscarpreisträger (1934–2023)
VALERIAN	Valerian	74	Spielzeug	römischer Kaiser
WILHELMSTEINITZ	Wilhelm Steinitz	74	Spielzeug	österreichisch-amerikanischer Schachspieler, Schachweltmeister 1886 bis 1894 (1836–1900)
CESARIAEVORA	Cesária Évora	74	Spielzeug	kapverdische Sängerin
BERTHEMORISOT	Berthe Morisot	74	Spielzeug	französische Malerin des Impressionismus
HOLLYHUNTER	Holly Hunter	74	Spielzeug	US-amerikanische Schauspielerin
TIBULL	Tibull	74	Spielzeug	römischer Elegiker
GEORGETAKEI	George Takei	74	Spielzeug	US-amerikanischer Film- und Fernsehschauspieler und politischer Aktivist
ISMAEL	Ismael	74	Spielzeug	Sohn Abrahams im Tanach, im Alten Testament und im Koran
VCTORVALDES	Víctor Valdés	74	Spielzeug	spanischer Fußballspieler
WILLIAMHURT	William Hurt	74	Spielzeug	US-amerikanischer Schauspieler (1950–2022)
AHMEDI	Ahmed I.	74	Spielzeug	osmanischer Sultan
ALFREDWERNER	Alfred Werner	74	Spielzeug	Schweizer Chemiker und Nobelpreisträger
VANESSAPARADIS	Vanessa Paradis	74	Spielzeug	französische Sängerin, Model und Schauspielerin
ANTONIOSALIERI	Antonio Salieri	74	Spielzeug	italienisch-österreichischer Komponist
HEILIGEANNA	Heilige Anna	74	Spielzeug	Mutter Marias
GEORGIDIMITROFF	Georgi Dimitroff	74	Spielzeug	bulgarischer Politiker, Kommunist
IMRENAGY	Imre Nagy	74	Spielzeug	ungarischer Politiker, Nationalheld nach seiner Hinrichtung 1958
EUSEBIUS	Eusebius	74	Spielzeug	Bischof von Rom
STEPHANUS	Stephanus	74	Spielzeug	Diakon der Gemeinde von Jerusalem und erster christlicher Märtyrer
THELSTAN	Æthelstan	74	Spielzeug	König von England
ROMANUS	Romanus	74	Spielzeug	Papst
BONIFATIUSIV	Bonifatius IV.	74	Spielzeug	Papst
NORBERTWIENER	Norbert Wiener	74	Spielzeug	US-amerikanischer Mathematiker und Begründer der Kybernetik (1894–1964)
LEMONDE	Le Monde	74	Online-Enzyklopädie	französische Tageszeitung
EMIRATES	Emirates	74	Fluggesellschaft	staatliche Fluggesellschaft mit Sitz in Dubai in den Vereinigten Arabischen Emiraten
UBER	Uber	73	Software|Unternehmen|Börsenunternehmen	Netzwerkunternehmen für Transport, Lebensmittellieferung und Mitfahrgelegenheiten aus Kalifornien, USA
ALEXAINTERNET	Alexa Internet	73	Onlinedienst|Unternehmen	Tochterfirma der US-amerikanischen Firma Amazon.com
PACMAN	Pac-Man	73	Computerspiel|Spiel	Arcade- und Videospiel aus dem Jahr 1980
SEGA	Sega	73	Unternehmen|Videospielentwickler|Spieleentwickler	japanischer Entwickler und Publisher für Computerspiele
FANTA	Fanta	73	Marke	kohlensäurehaltiges Erfrischungsgetränk
THECURE	The Cure	73	Musikgruppe	britische Band
POCAHONTAS	Pocahontas	73	Animationsfilm	Film von Eric Goldberg (1995)
TACO	Taco	73	Gericht/Lebensmittel	Fast-Food-Gericht der mexikanischen Küche
SAUERKRAUT	Sauerkraut	73	Lebensmittel	durch Milchsäuregärung konservierter Weißkohl oder Spitzkohl
RUGBYUNION	Rugby Union	73	Sportart|Spiel	Sportart aus der Rugby-Familie
KICKBOXEN	Kickboxen	73	Sportart	Vollkontakt-Kampfsport, bei dem die behandschuhten Wettkämpfer mit bloßen Füßen schlagen und treten können
LITECOIN	Litecoin	73	Kryptowährung|Spielzeug	Kryptowährung
FOLK	Folk	73	Musikgenre	Musik-Genre
HERTHABSC	Hertha BSC	73	Fußballverein	Sportverein aus Berlin
SCFREIBURG	SC Freiburg	73	Fußballverein	Fußballverein aus Freiburg im Breisgau, Baden-Württemberg
RBLEIPZIG	RB Leipzig	73	Fußballverein	Fußballverein aus Leipzig, Sachsen
OSCLILLE	OSC Lille	73	Fußballverein	Fußballverein aus Lille, Frankreich
FAIAULIAI	FA Šiauliai	73	Fußballverein	litauischer Fußballverein
TRAINER	Trainer	73	Beruf	Person, die andere Menschen in ihren Fertigkeiten trainiert
PSYCHOLOGE	Psychologe	73	Beruf	Berufsbezeichnung von Personen, die das Studium der Psychologie an einer Hochschule abgeschlossen haben
GRAFIKDESIGN	Grafikdesign	73	Fachgebiet	visuelle Gestaltung von Inhalten in verschiedenen Medien
MALZ	Malz	73	Produkt	kurz gekeimtes und wieder getrocknetes Getreide
EHRENLEGION	Ehrenlegion	73	Werkzeug|Kleidung|Spielzeug	französischer Verdienstorden
SYNAPSE	Synapse	73	Spielzeug	Übergang von einer Nervenzelle zu einer anderen
BALKON	Balkon	73	Spielzeug	Plattform vor der Fassade auf Konsolen
ROMANHERZOG	Roman Herzog	73	Spielzeug	deutscher Jurist und CDU-Politiker; Präsident des Bundesverfassungsgerichts;  Bundespräsident von 1994–99 (1934–2017)
MAXIMINUSTHRAX	Maximinus Thrax	73	Spielzeug	römischer Soldatenkaiser von 235 bis 238
ALEXEII	Alexei I.	73	Spielzeug	Zar und Großfürst von Russland
OTTOWALLACH	Otto Wallach	73	Spielzeug	deutscher Chemiker und Nobelpreisträger
SIGISMUND	Sigismund	73	Spielzeug	römisch-deutscher König und Kaiser des Heiligen Römischen Reiches aus dem Hause Luxemburg (1368–1437)
ABBASKIAROSTAMI	Abbas Kiarostami	73	Spielzeug	iranischer Drehbuchautor, Filmregisseur und Lyriker
LAURACHINCHILLA	Laura Chinchilla	73	Spielzeug	costa-ricanische Politikerin
JOHNCOLTRANE	John Coltrane	73	Spielzeug	US-amerikanischer Jazz-Saxophonist
MACKYSALL	Macky Sall	73	Spielzeug	senegalesischer Politiker, Präsident von Senegal (2012–2024)
ZORANMILANOVI	Zoran Milanović	73	Spielzeug	Präsident der Republik Kroatien
PROPERZ	Properz	73	Spielzeug	Vertreter der römischen Liebeselegie
ERICHLUDENDORFF	Erich Ludendorff	73	Spielzeug	deutscher General und Politiker (DVFP, NSFP), MdR (1865–1937)
HEINZGUDERIAN	Heinz Guderian	73	Spielzeug	deutscher General
DAVIDWINELAND	David Wineland	73	Spielzeug	US-amerikanischer Physiker
MICHAELENDE	Michael Ende	73	Spielzeug	deutscher Schriftsteller (1929–1995)
JENSONBUTTON	Jenson Button	73	Spielzeug	britischer Automobilrennfahrer
KIMCLIJSTERS	Kim Clijsters	73	Spielzeug	belgische Tennisspielerin
MATTGROENING	Matt Groening	73	Spielzeug	US-amerikanischer Trickfilmzeichner
DANSHECHTMAN	Dan Shechtman	73	Spielzeug	israelischer Physiker und Nobelpreisträger
WILLIAMHOLDEN	William Holden	73	Spielzeug	US-amerikanischer Schauspieler (1918–1981)
JAMESCAAN	James Caan	73	Spielzeug	US-amerikanischer Schauspieler (1940–2022)
YULBRYNNER	Yul Brynner	73	Spielzeug	US-amerikanischer Schauspieler (1920-1985)
FRANKWILCZEK	Frank Wilczek	73	Spielzeug	US-amerikanischer Physiker und Nobelpreisträger für Physik 2004
FREDERICBASTIAT	Frédéric Bastiat	73	Spielzeug	französischer Wirtschaftswissenschaftler und Politiker
LUCHINOVISCONTI	Luchino Visconti	73	Spielzeug	italienischer Schriftsteller, Theater- und Filmregisseur
VALENTINIANI	Valentinian I.	73	Spielzeug	römischer Kaiser im Westen (364–375)
GIOVANNIBELLINI	Giovanni Bellini	73	Spielzeug	italienischer Maler, Begründer der Frührenaissance (15./16. Jahrhundert)
YVESMONTAND	Yves Montand	73	Spielzeug	französischer Chansonnier und Schauspieler
MAXFRISCH	Max Frisch	73	Spielzeug	Schweizer Architekt und Schriftsteller (1911–1991)
HEINRICHROHRER	Heinrich Rohrer	73	Spielzeug	Schweizer Physiker
LARSULRICH	Lars Ulrich	73	Spielzeug	dänischer Schlagzeuger
JOHNGRISHAM	John Grisham	73	Spielzeug	US-amerikanischer Schriftsteller
SIDNEYLUMET	Sidney Lumet	73	Spielzeug	US-amerikanischer Filmregisseur (1924–2011)
PAULSCHOLES	Paul Scholes	73	Spielzeug	englischer Fußballspieler
IRVINGBERLIN	Irving Berlin	73	Spielzeug	US-amerikanischer Komponist (1888–1989)
EDWARDKENNEDY	Edward Kennedy	73	Spielzeug	US-amerikanischer Politiker
BONIFATIUSIX	Bonifatius IX.	73	Spielzeug	Papst (1389–1404)
SHANIATWAIN	Shania Twain	73	Spielzeug	kanadische Sängerin
CECILPOWELL	Cecil Powell	73	Spielzeug	englischer Physiker
GERARDBUTLER	Gerard Butler	73	Spielzeug	schottischer Schauspieler
INNOZENZII	Innozenz II.	73	Spielzeug	Papst (1130–1143)
MEHMEDIV	Mehmed IV.	73	Spielzeug	Sultan des Osmanischen Reiches (1648–1687)
LAURENTGBAGBO	Laurent Gbagbo	73	Spielzeug	Politiker aus Côte d'Ivoire
ANTONYHEWISH	Antony Hewish	73	Spielzeug	britischer Radioastronom und Physik-Nobelpreisträger
SINNFEIN	Sinn Féin	73	Partei	irische Partei
ETHZUERICH	ETH Zürich	73	Spieleentwickler	technische Universität in Zürich
ANGINAPECTORIS	Angina pectoris	73	Symptom	Symptom bei Herzinsuffizienz, Schmerz-Anfall in der Brust
ROLLINGSTONE	Rolling Stone	72	Website|Zeitschrift	US-amerikanische Zeitschrift
VAMPIREDIARIES	Vampire Diaries	72	Fernsehserie	Fernsehserie von The CW (2009–2017)
HALFLIFE	Half-Life	72	Computerspiel|Spiel	Computerspiel aus dem Jahr 1998
FORTNITE	Fortnite	72	Computerspiel|Spiel	Online-Computerspiel, veröffentlicht von Epic Games
YANDEX	Yandex	72	Unternehmen|Börsenunternehmen|Spielzeug|Suchmaschine	Unternehmen aus Russland
ATT	AT&T	72	Unternehmen|Börsenunternehmen	US-amerikanisches Telekommunikationsunternehmen
VOLVO	Volvo	72	Unternehmen|Börsenunternehmen	schwedischer Nutzfahrzeug-Konzern
TOGG	Togg	72	Autohersteller	türkisches Automobilunternehmen
KORN	Korn	72	Musikgruppe	US-amerikanische Nu-Metal-Band
BEEGEES	Bee Gees	72	Musikgruppe	englischsprachige Popgruppe und Geschwister-Trio
THECRANBERRIES	The Cranberries	72	Musikgruppe	irische Rockband
ROBOTS	Robots	72	Animationsfilm	Film von Chris Wedge und Carlos Saldanha (2005)
CHUTNEY	Chutney	72	Gericht/Lebensmittel	würzige, häufig süß-saure Sauce der indischen Küche mit püreeartiger Beschaffenheit
SPORTSCHIESSEN	Sportschießen	72	Sportart	sportlicher Umgang mit Schusswaffen oder Sportbogen
BREAKING	Breaking	72	Sportart	Tanzform der Hip-Hop-Szene
INSELSKYE	Insel Skye	72	Insel	größte Insel der Inneren Hebriden an der Westküste Schottlands
MAUI	Maui	72	Insel	zweitgrößte Hauptinsel Hawaiis
PATMOS	Patmos	72	Insel	Insel in Griechenland
ROBBENISLAND	Robben Island	72	Insel	Insel vor der südafrikanischen Großstadt Kapstadt
SCOOBYDOO	Scooby-Doo	72	Franchise	US-amerikanische Zeichentrickserie
GRUNGE	Grunge	72	Musikgenre	Genre der Rockmusik und Subkultur
BEAGLE	Beagle	72	Hunderasse	Hunderasse
SCHACHTARDONEZK	Schachtar Donezk	72	Fußballverein	ukrainischer Fußballverein
CELTAVIGO	Celta Vigo	72	Fußballverein	spanischer Fußballclub
SERIENMOERDER	Serienmörder	72	Beruf	Person, die mehr als zwei Menschen über eine Zeit länger einem Monat getötet hat
FOTOGRAF	Fotograf	72	Beruf	Urheber von fotografischen Aufnahmen
VULKANOLOGIE	Vulkanologie	72	Fachgebiet	Wissenschaft, die sich mit der systematischen Erforschung der Vulkane und des Vulkanismus beschäftigt
MOLKE	Molke	72	Spielzeug	wässrige Restflüssigkeit der Käseherstellung
IMMERGRUEN	immergrün	72	Spielzeug	Pflanze ohne blattlose Ruhephase
ADOLFBUTENANDT	Adolf Butenandt	72	Spielzeug	Universitätsprofessor für Biochemie, Nobelpreisträger
CLAIREHOLT	Claire Holt	72	Spielzeug	australische Schauspielerin
MIRANDACOSGROVE	Miranda Cosgrove	72	Spielzeug	US-amerikanische Schauspielerin und Sängerin
HANWUDI	Han Wudi	72	Spielzeug	Kaiser der Han-Dynastie in China
LIONELRICHIE	Lionel Richie	72	Spielzeug	US-amerikanischer Sänger, Liedschreiber und Schauspieler
LETSIEIII	Letsie III.	72	Spielzeug	König von Lesotho
SALIBERISHA	Sali Berisha	72	Spielzeug	albanischer Politiker, 2. Präsident der Republik Albanien (1992 - 1997)
DAMASUSII	Damasus II.	72	Spielzeug	Papst
AUGUSTBEBEL	August Bebel	72	Spielzeug	deutscher sozialistischer Politiker und Mitbegründer der SPD, MdR, Führer der Arbeiterbewegung
MAXSCHELER	Max Scheler	72	Spielzeug	deutscher Philosoph und Soziologe
ERICHKAESTNER	Erich Kästner	72	Spielzeug	deutscher Schriftsteller, Publizist und Drehbuchautor
KATHRYNBIGELOW	Kathryn Bigelow	72	Spielzeug	US-amerikanische Filmregisseurin
NICOROSBERG	Nico Rosberg	72	Spielzeug	deutsch-finnischer Automobilrennfahrer und Investor
FELIXKLEIN	Felix Klein	72	Spielzeug	deutscher Mathematiker und Hochschullehrer in Göttingen (1849-1925)
MANUELI	Manuel I.	72	Spielzeug	Kaiser von Byzanz
TOKYOSKYTREE	Tokyo Skytree	72	Spielzeug	Fernsehturm in Tokio, Japan
ANGELIQUEKERBER	Angelique Kerber	72	Spielzeug	deutsche Tennisspielerin
ARTHURKOESTLER	Arthur Koestler	72	Spielzeug	ungarisch-britisch Schriftsteller
SAMWORTHINGTON	Sam Worthington	72	Spielzeug	Australischer Schauspieler
LUDWIGII	Ludwig II.	72	Spielzeug	König von Bayern (1845/1864–1886)
EDUARDOGALEANO	Eduardo Galeano	72	Spielzeug	uruguayischer Journalist, Essayist und Schriftsteller
JOEFRAZIER	Joe Frazier	72	Spielzeug	US-amerikanischer Boxer (1944–2011)
KONSTANTINI	Konstantin I.	72	Spielzeug	Papst
ANDREGEIM	Andre Geim	72	Spielzeug	russisch-niederländischer-britischer Physiker
QUINTUSENNIUS	Quintus Ennius	72	Spielzeug	römischer Schriftsteller
MARINUSII	Marinus II.	72	Spielzeug	Papst
DONUS	Donus	72	Spielzeug	Papst
NIKOLAUSIV	Nikolaus IV.	72	Spielzeug	191. Papst der katholischen Kirche
JEANHARLOW	Jean Harlow	72	Spielzeug	US-amerikanische Schauspielerin
MARINAABRAMOVI	Marina Abramović	72	Spielzeug	Performance-Künstlerin
ASHLEYTISDALE	Ashley Tisdale	72	Spielzeug	US-amerikanische Schauspielerin und Sängerin
MARTINSCHULZ	Martin Schulz	72	Spielzeug	deutscher Politiker (SPD), MdB, MdEP
MARIOGMEZ	Mario Gómez	72	Spielzeug	deutsch-spanischer Fußballspieler (geb. 1985)
JEANRENOIR	Jean Renoir	72	Spielzeug	französischer Filmregisseur
HIDETOSHINAKATA	Hidetoshi Nakata	72	Spielzeug	japanischer Fußballspieler
PATRICKVIEIRA	Patrick Vieira	72	Spielzeug	französischer Fußballspieler
JAVIERZANETTI	Javier Zanetti	72	Spielzeug	argentinischer Fußballspieler
ASHLEYCOLE	Ashley Cole	72	Spielzeug	englischer Fußballspieler
MAXERNST	Max Ernst	72	Spielzeug	deutscher Maler des Dadaismus und des Surrealismus (1891–1976)
HAAKONVII	Haakon VII.	72	Spielzeug	König von Norwegen (1905–1957)
LUDWIGVIII	Ludwig VIII.	72	Spielzeug	König von Frankreich
ALEXANDERRYBAK	Alexander Rybak	72	Spielzeug	belarussisch-norwegischer Sänger, Violinist, Komponist und Schauspieler
AMANDAPEET	Amanda Peet	72	Spielzeug	US-amerikanische Schauspielerin
LOUISNEEL	Louis Néel	72	Spielzeug	französischer Physiker
HARRYMAGUIRE	Harry Maguire	72	Spielzeug	englischer Fußballspieler
GAIUSMARIUS	Gaius Marius	72	Spielzeug	römischer Feldherr und Staatsmann
IVANPERII	Ivan Perišić	72	Spielzeug	kroatischer Fußballspieler
BORISGODUNOW	Boris Godunow	72	Spielzeug	russischer Regent und Zar zur Zeit der Wirren
BONIFATIUSIII	Bonifatius III.	72	Spielzeug	Papst
LUCIUSII	Lucius II.	72	Spielzeug	Papst (1144–1145)
SABINIANUS	Sabinianus	72	Spielzeug	Papst
BIOS	BIOS	71	Software	Firmware von Computern, die beim Startvorgang die Hardware initialisiert
TUMBLR	Tumblr	71	Website|Soziales Netzwerk|Online-Community	Blogging-Plattform
PUBMED	PubMed	71	Website	textbasierte Meta-Datenbank medizinischer Artikel
HASKELL	Haskell	71	Programmiersprache	funktionale Programmiersprache
STARCRAFT	StarCraft	71	Computerspiel|Spiel	Computerspiel aus dem Jahr 1998
BAIDU	Baidu	71	Unternehmen|Börsenunternehmen|Spielzeug|Suchmaschine|Online-Community	chinesisches Unternehmen, das die gleichnamige Suchmaschine betreibt
CANON	Canon	71	Unternehmen|Börsenunternehmen	japanisches Unternehmen
EXXONMOBIL	ExxonMobil	71	Unternehmen|Börsenunternehmen	US-Mineralölkonzern
ELECTRONICARTS	Electronic Arts	71	Börsenunternehmen|Videospielentwickler|Spieleentwickler	US-amerikanischer Publisher und Entwickler von Computerspielen
JACKSPARROW	Jack Sparrow	71	Fiktiver Mensch	fiktiver Charakter aus Fluch der Karibik
RIO	Rio	71	Animationsfilm	Film von Carlos Saldanha (2011)
TAUZIEHEN	Tauziehen	71	Sportart	Mannschaftssport
WRESTLING	Wrestling	71	Sportart|Spiel	Kampfsport mit professionellen Athleten, die Würfe, Sprünge, Greif- und Schlagtechniken einsetzen
CAPOEIRA	Capoeira	71	Sportart	brasilianische Kampfkunst bzw. ein Kampftanz
KAUAI	Kauaʻi	71	Insel	eine der acht Hauptinseln von Hawaiʻi
MYKONOS	Mykonos	71	Insel	griechische Insel der Kykladen
KAMMERMUSIK	Kammermusik	71	Musikgenre	Form klassischer Musik, die für eine kleine Gruppe von Instrumenten komponiert wurde
ALTERNATIVEROCK	Alternative Rock	71	Musikgenre	Musikstil
BLACKMETAL	Black Metal	71	Musikgenre	Stilrichtung des Metal
THRASHMETAL	Thrash Metal	71	Musikgenre	Subgenre des Heavy Metal
CHIHUAHUA	Chihuahua	71	Hunderasse	mexikanische Hunderasse, kleinste Hunderasse der Welt
FLUMINENSEFC	Fluminense FC	71	Fußballverein	brasilianischer Fußballverein
CARDIFFCITY	Cardiff City	71	Fußballverein	walisischer Fußballverein aus Cardiff
NORWICHCITY	Norwich City	71	Fußballverein	Fußballverein aus Norwich in England
SPARTAKMOSKAU	Spartak Moskau	71	Fußballverein	russischer Fußballverein
ALNASR	Al-Nasr	71	Fußballverein	saudi-arabischer Fußballverein
BOLTONWANDERERS	Bolton Wanderers	71	Fußballverein	englischer Fußballverein
RSCANDERLECHT	RSC Anderlecht	71	Fußballverein	Fußballverein aus Anderlecht, Belgien
BARBIER	Barbier	71	Beruf	Handwerker, welcher Bart und Haare pflegt
ABGEORDNETER	Abgeordneter	71	Beruf	Mitglied eines Parlaments
EUNUCH	Eunuch	71	Beruf	kastrierter Mann
KAUFMANN	Kaufmann	71	Beruf	Person, die erwerbsmäßig ein Geschäft tätigt (Vollkaufmann, Geschäftsmann)
DIRIGENT	Dirigent	71	Beruf	künstlerisch-musikalischer Leiter eines musizierenden Ensembles
WEBDESIGN	Webdesign	71	Fachgebiet	Erstellung, Bearbeitung und Wartung von Webseiten
SUKKOT	Sukkot	71	Feiertag	jüdisches Laubhüttenfest im Herbst
DRAGONBALLZ	Dragonball Z	71	Anime-Serie	Animeserie (1989–1996)
ZUCKERROHR	Zuckerrohr	71	Produkt|Spielzeug	Anbaupflanze
HEILIGERGRAL	Heiliger Gral	71	Werkzeug	mythischer Gegenstand
EXOSPHAERE	Exosphäre	71	Spielzeug	oberer Teil der Atmosphäre eines Planeten
PARMESAN	Parmesan	71	Spielzeug	Hartkäse aus Kuhmilch
FICUSRELIGIOSA	Ficus religiosa	71	Spielzeug	Art der Gattung Feigen (Ficus)
SEMIRAMIS	Semiramis	71	Spielzeug	babylonische Königin
SCHWARZPAPPEL	Schwarz-Pappel	71	Spielzeug	Pflanzenart der Gattung Pappeln (Populus)
WEISSEMAULBEERE	Weiße Maulbeere	71	Spielzeug	Art der Gattung Maulbeeren (Morus)
JOEPESCI	Joe Pesci	71	Spielzeug	US-amerikanischer Schauspieler
PAULSIMON	Paul Simon	71	Spielzeug	US-amerikanischer Musiker, Songwriter und Produzent
HANGAOZU	Han Gaozu	71	Spielzeug	Kaiser von China und der Gründer der Han-Dynastie
WOLFGANGPAUL	Wolfgang Paul	71	Spielzeug	deutscher Physiker (1913–1993)
IVOJOSIPOVI	Ivo Josipović	71	Spielzeug	kroatischer Politiker, Jurist und Komponist
FILIPVUJANOVI	Filip Vujanović	71	Spielzeug	montenegrinischer Politiker, Präsident der Republik Montenegro
ISAYASAFEWERKI	Isayas Afewerki	71	Spielzeug	eritreischer Politiker, Staatspräsident und Regierungschef von Eritrea
JANEZJANA	Janez Janša	71	Spielzeug	slowenischer Politiker
VIKTORII	Viktor II.	71	Spielzeug	Papst der römisch-katholischen Kirche
TULSIGABBARD	Tulsi Gabbard	71	Spielzeug	US-amerikanische Politikerin
HEINRICHIV	Heinrich IV.	71	Spielzeug	römisch-deutscher König (1056–1105) und Kaiser (1084–1105)
FELIPEMASSA	Felipe Massa	71	Spielzeug	brasilianischer Automobilrennfahrer
ERNSTJUENGER	Ernst Jünger	71	Spielzeug	deutscher Schriftsteller und Publizist (1895–1998)
AUGUSTKEKULE	August Kekulé	71	Spielzeug	deutscher Chemiker und Naturwissenschaftler
ALAINPROST	Alain Prost	71	Spielzeug	französischer Formel-1-Fahrer
ALEXIOSI	Alexios I.	71	Spielzeug	Kaiser von Byzanz
LEOPOLDIII	Leopold III.	71	Spielzeug	König der Belgier (1934-1951)
JULIUSNEPOS	Julius Nepos	71	Spielzeug	letzter (von Ostrom anerkannter) weströmischer Kaiser
PAULSABATIER	Paul Sabatier	71	Spielzeug	französischer Chemiker und Nobelpreisträger
UMARUYARADUA	Umaru Yar’Adua	71	Spielzeug	nigerianischer Politiker
EVELYNWAUGH	Evelyn Waugh	71	Spielzeug	britischer Schriftsteller (1903-1966)
KEMALKILIDAROLU	Kemal Kılıçdaroğlu	71	Spielzeug	Türkischer Politiker
BARTHOLOMEOSI	Bartholomeos I.	71	Spielzeug	griechisch-orthodoxer Geistlicher, Patriarch von Konstantinopel
DEBORAHKERR	Deborah Kerr	71	Spielzeug	britische Schauspielerin (1921–2007)
AMINMAALOUF	Amin Maalouf	71	Spielzeug	französischer Schriftsteller libanesischer Herkunft
ISABELLEHUPPERT	Isabelle Huppert	71	Spielzeug	französische Schauspielerin
WILLIAMWYLER	William Wyler	71	Spielzeug	Schweizerisch-US-amerikanischer Filmregisseur und Produzent
NANAMOUSKOURI	Nana Mouskouri	71	Spielzeug	griechische Sängerin
JAMESBLUNT	James Blunt	71	Spielzeug	britischer Sänger und Songwriter
MARKROTHKO	Mark Rothko	71	Spielzeug	russisch-amerikanischer Maler
MELESZENAWI	Meles Zenawi	71	Spielzeug	äthiopischer Politiker, Premierminister Äthiopiens
HELENA	Helena	71	Spielzeug	Mutter des römischen Kaisers Konstantin
PAOLOROSSI	Paolo Rossi	71	Spielzeug	italienischer Fußballspieler (1956-2020)
HENRYHUDSON	Henry Hudson	71	Spielzeug	englischer Seefahrer
STABHOCHSPRUNG	Stabhochsprung	71	Spiel	Leichtathletikdisziplin
BAATHPARTEI	Baath-Partei	71	Partei	panarabische Ideologie, politische Partei in mehreren Staaten
DIELINKE	Die Linke	71	Partei	politische Partei in Deutschland
ALIBABAGROUP	Alibaba Group	70	Website|Unternehmen|Börsenunternehmen	Unternehmen mit Sitz in Hangzhou, China
KURZFILM	Kurzfilm	70	Dateiformat	Gegenstück zum Langfilm ausschließlich über seine Länge
ASUS	ASUS	70	Unternehmen|Marke	taiwanesischer Hersteller von Computerhardware und -zubehör
MITSUBISHI	Mitsubishi	70	Unternehmen	ehemaliger japanischer Mischkonzern, Konglomerat formal unabhängiger Unternehmen
TATAMOTORS	Tata Motors	70	Unternehmen|Börsenunternehmen	indischer Automobilhersteller
BAMBOOAIRWAYS	Bamboo Airways	70	Unternehmen|Fluggesellschaft	vietnamnesische Fluggesellschaft
DEUTSCHEBANK	Deutsche Bank	70	Börsenunternehmen	globales Bank- und Finanzdienstleistungsunternehmen aus Deutschland
LOCKHEEDMARTIN	Lockheed Martin	70	Börsenunternehmen	US-amerikanischer Rüstungs- und Technologiekonzern
QANTASAIRWAYS	Qantas Airways	70	Börsenunternehmen|Fluggesellschaft	australische Fluggesellschaft
ARCTICMONKEYS	Arctic Monkeys	70	Musikgruppe	britische Band
JOYDIVISION	Joy Division	70	Musikgruppe	britische Band
DAFTPUNK	Daft Punk	70	Musikgruppe	französisches Musik-Duo
THEKILLERS	The Killers	70	Musikgruppe	amerikanische Rockband
WILHELMTELL	Wilhelm Tell	70	Fiktiver Mensch	Schweizer Freiheitskämpfer
MINIONS	Minions	70	Animationsfilm	Film aus dem Jahr 2015
MARAJ	Marajó	70	Insel	brasilianische Insel
BANKSINSEL	Banksinsel	70	Insel	Insel in Kanada
BIOKO	Bioko	70	Insel	Insel im Golf von Guinea, Teil Äquatorialguineas
USEDOM	Usedom	70	Insel	deutsch-polnische Ostseeinsel
ANTIGUA	Antigua	70	Insel	Insel der Kleinen Antillen, Teil des Inselstaats Antigua und Barbuda
SONATE	Sonate	70	Musikgenre	mehrsätziges Instrumentalstück für sehr kleine kammermusikalische Besetzung
FCMIDDLESBROUGH	FC Middlesbrough	70	Fußballverein	englischer Fußballverein
RUBINKASAN	Rubin Kasan	70	Fußballverein	russischer Fußballverein
RCDMALLORCA	RCD Mallorca	70	Fußballverein	spanischer Fußballverein
RAYOVALLECANO	Rayo Vallecano	70	Fußballverein	Fußballverein aus Madrid-Vallecas, Spanien
FCSBBUKAREST	FCSB Bukarest	70	Fußballverein	rumänischer Fußballverein
YOUTUBER	YouTuber	70	Beruf	Person, die Videos auf YouTube veröffentlicht
HANDLESEN	Handlesen	70	Beruf	Chiromantie
DIALEKTOLOGIE	Dialektologie	70	Fachgebiet	Teilgebiet der Sprachwissenschaft, das sich mit der Erforschung von Dialekten beschäftigt
SHISHA	Shisha	70	Werkzeug|Kleidung|Spielzeug	Wasserpfeife orientalischem Ursprungs
BRIEFUMSCHLAG	Briefumschlag	70	Werkzeug	Versandverpackung eines Briefes
ZITRONENGRAESER	Zitronengräser	70	Spielzeug	Gattung der Familie Süßgräser (Poaceae)
NETFRAMEWORK	.NET Framework	70	Spielzeug	Software-Plattform zur Entwicklung und Ausführung von Anwendungsprogrammen
KORONA	Korona	70	Spielzeug	Bereich der Atmosphäre der Sonne
LINUXKERNEL	Linux-Kernel	70	Spielzeug	Unix-ähnlicher monolithischer Betriebssystem-Kernel
MARDUK	Marduk	70	Spielzeug	babylonische Gottheit
RJURIK	Rjurik	70	Spielzeug	warägischer Fürst
NICOLASANELKA	Nicolas Anelka	70	Spielzeug	französischer Fußballspieler
SANDROPERTINI	Sandro Pertini	70	Spielzeug	7. Präsident der Republik Italien
WALTERSCHEEL	Walter Scheel	70	Spielzeug	deutscher Politiker (FDP); 4. Bundespräsident der Bundesrepublik Deutschland
THEODORHEUSS	Theodor Heuss	70	Spielzeug	deutscher Journalist und Politiker; MdR; 1. Bundespräsident der Bundesrepublik Deutschland
ANDREIRUBLJOW	Andrei Rubljow	70	Spielzeug	russischer Ikonenmaler (um 1360-1428)
SERGEGAINSBOURG	Serge Gainsbourg	70	Spielzeug	französischer Chansonnier, Filmschauspieler, Komponist und Schriftsteller
ANDREAMANTEGNA	Andrea Mantegna	70	Spielzeug	italienischer Renaissancemaler und Kupferstecher (1431–1506)
JOSEPHBONAPARTE	Joseph Bonaparte	70	Spielzeug	ältester Bruder Napoléons
BORISVIAN	Boris Vian	70	Spielzeug	französischer Schriftsteller und Musiker
ROBERTALTMAN	Robert Altman	70	Spielzeug	US-amerikanischer Regisseur, Autorenfilmer und Produzent (1925–2006)
KENNETHBRANAGH	Kenneth Branagh	70	Spielzeug	britischer Schauspieler, Drehbuchautor, Regisseur und Produzent
DAVIDCRONENBERG	David Cronenberg	70	Spielzeug	kanadischer Regisseur
TODORSCHIWKOW	Todor Schiwkow	70	Spielzeug	bulgarischer Politiker, Staatschef von Bulgarien
BASILEIOSII	Basileios II.	70	Spielzeug	Kaiser von Byzanz der makedonischen Dynastie
GJORGEIVANOV	Gjorge Ivanov	70	Spielzeug	nordmazedonischer Politiker
ALFONSOCUARN	Alfonso Cuarón	70	Spielzeug	mexikanischer Filmregisseur, Drehbuchautor, Produzent und Filmeditor
ANAIVANOVI	Ana Ivanović	70	Spielzeug	serbische Tennisspielerin
STEPHANIX	Stephan IX.	70	Spielzeug	Papst
TABAREVAZQUEZ	Tabaré Vázquez	70	Spielzeug	Politiker und Präsident Uruguays
HEMAMALINI	Hema Malini	70	Spielzeug	indische Filmschauspielerin, Tänzerin und Politikerin
OTTODIELS	Otto Diels	70	Spielzeug	deutscher Chemiker und Hochschullehrer; Nobelpreisträger für Chemie (1950)
EDUARDBERNSTEIN	Eduard Bernstein	70	Spielzeug	deutscher Politiker (SPD, USPD), MdR und Theoretiker (1850–1932)
ASHLEYYOUNG	Ashley Young	70	Spielzeug	englischer Fußballspieler
WILHELMREICH	Wilhelm Reich	70	Spielzeug	austroamerikanischer Psychiater, Psychoanalytiker, Sexualpädagoge und Soziologe (1897-1957)
MIRCEAELIADE	Mircea Eliade	70	Spielzeug	rumänischer Religionswissenschaftler, Philosoph und Schriftsteller (1907–1986)
ROMYSCHNEIDER	Romy Schneider	70	Spielzeug	deutsch-französische Schauspielerin (1938–1982)
GEOFFREYHINTON	Geoffrey Hinton	70	Spielzeug	britisch-kanadischer Informatiker und Psychologe
LUCAPACIOLI	Luca Pacioli	70	Spielzeug	italienischer Mathematiker und Franziskaner
CLAUDESHANNON	Claude Shannon	70	Spielzeug	US-amerikanischer Mathematiker, Begründer der Informationstheorie
GIOVANNICABOTO	Giovanni Caboto	70	Spielzeug	italienischer Entdecker
TIMROBBINS	Tim Robbins	70	Spielzeug	US-amerikanischer Schauspieler
MESROP	Mesrop	70	Spielzeug	armenischer Heiliger und Entwickler des Armenischen Alphabets
LILIUOKALANI	Lili’uokalani	70	Spielzeug	hawaiische Königin
LARSONSAGER	Lars Onsager	70	Spielzeug	norwegischer Physikochemiker, theoretischer Physiker und Nobelpreisträger
BENMOTTELSON	Ben Mottelson	70	Spielzeug	US-amerikanisch-dänischer Physiker, Nobelpreisträger für Physik 1975
PAAVONURMI	Paavo Nurmi	70	Spielzeug	finnischer Mittel- und Langstreckenläufer
AGAPITUSII	Agapitus II.	70	Spielzeug	Papst
MICKEYROONEY	Mickey Rooney	70	Spielzeug	US-amerikanischer Schauspieler (1920–2014)
RICHARDHARRIS	Richard Harris	70	Spielzeug	irischer Schauspieler und Sänger (1930–2002)
ROGERTAYLOR	Roger Taylor	70	Spielzeug	britischer Schlagzeuger der Band Queen
RONHOWARD	Ron Howard	70	Spielzeug	US-amerikanischer Schauspieler, Regisseur und Filmproduzent
WIZKHALIFA	Wiz Khalifa	70	Spielzeug	amerikanischer Rapper und Schauspieler
JOHANNASPYRI	Johanna Spyri	70	Spielzeug	Schweizer Schriftstellerin
ADAMRIESS	Adam Riess	70	Spielzeug	US-amerikanischer Astrophysiker
ELIEDUCOMMUN	Élie Ducommun	70	Spielzeug	Schweizer Friedensnobelpreisträger
MIRANDAKERR	Miranda Kerr	70	Spielzeug	australisches Model
DANICARVAJAL	Dani Carvajal	70	Spielzeug	spanischer Fußballspieler
JOHNHUSTON	John Huston	70	Spielzeug	US-amerikanischer Filmregisseur, Drehbuchautor und Schauspieler (1906–1987)
TIMCURRY	Tim Curry	70	Spielzeug	britischer Schauspieler (1946–2026)
ALVAROMORATA	Álvaro Morata	70	Spielzeug	spanischer Fußballspieler
BRUCEDICKINSON	Bruce Dickinson	70	Spielzeug	britischer Rockmusiker und Sänger
RENZOPIANO	Renzo Piano	70	Spielzeug	italienischer Architekt
MITTELMEERRAUM	Mittelmeerraum	70	Ort	Großregion rund um das Mittelmeer
PROLOG	Prolog	69	Programmiersprache	Programmiersprache
HANNAHMONTANA	Hannah Montana	69	Fernsehserie	US-amerikanische Fernsehserie (2006–2011)
HEROES	Heroes	69	Fernsehserie	US-amerikanische Fernsehserie (2006–2010)
VOLKSWAGENAG	Volkswagen AG	69	Unternehmen|Börsenunternehmen|Autohersteller	deutscher Automobilhersteller
PUMASE	Puma SE	69	Unternehmen|Börsenunternehmen	deutscher Sportartikelhersteller
CISCO	Cisco	69	Unternehmen|Börsenunternehmen	US-amerikanischer Telekommunikationsausrüster
AIRCANADA	Air Canada	69	Börsenunternehmen|Fluggesellschaft	kanadische Fluggesellschaft
RASPBERRYPI	Raspberry Pi	69	Marke	Einplatinencomputer
JAGUARCARS	Jaguar Cars	69	Autohersteller	Marke des britischen Autoherstellers Jaguar Land Rover
JONASBROTHERS	Jonas Brothers	69	Musikgruppe	US-amerikanische Band
BARTSIMPSON	Bart Simpson	69	Fiktiver Mensch|Animierte Figur|Fernsehfigur	Zeichentrickfigur aus der Fernsehserie „Die Simpsons“
BUGSBUNNY	Bugs Bunny	69	Animierte Figur	Zeichentrickfigur
SCHWIMMSPORT	Schwimmsport	69	Sportart	Sportart des Schwimmens
SOFTBALL	Softball	69	Sportart|Spiel	Ballsportart, Variante des Baseball
SKILANGLAUF	Skilanglauf	69	Sportart	Wintersportart
BAROCKMUSIK	Barockmusik	69	Musikgenre	Periode in der abendländischen Kunstmusik
JPOP	J-Pop	69	Musikgenre	Musik-Genre
GOLDENRETRIEVER	Golden Retriever	69	Hunderasse	britische Hunderasse
MUEZZIN	Muezzin	69	Beruf	Ausrufer, der Muslime zum Gebet ruft
CHEMIKER	Chemiker	69	Beruf	Naturwissenschaftler, der sich mit Themen aus der Chemie befasst
TERMINOLOGIE	Terminologie	69	Fachgebiet	Menge aller Fachausdrücke eines Fachgebiets
EROTIKA	Erotika	69	Kunstrichtung	sinnliche, oft sexuelle Anziehung zwischen Menschen
PLASTID	Plastid	69	Spielzeug	teilungsfähiges Zellorganell mit einem eigenen Genom
KOPFHOERER	Kopfhörer	69	Spielzeug	kleine Schallwandler, die an oder in den Ohren getragen werden
PATRICEEVRA	Patrice Evra	69	Spielzeug	französischer Fußballspieler
ERICABIDAL	Éric Abidal	69	Spielzeug	französischer Fußballspieler
GORDIANI	Gordian I.	69	Spielzeug	römischer Kaiser vom 19. März bis 9. April 238
GORDIANIII	Gordian III.	69	Spielzeug	römischer Kaiser von 238 bis 244
MEMPHISDEPAY	Memphis Depay	69	Spielzeug	niederländischer Fußballspieler
KARLMAY	Karl May	69	Spielzeug	deutscher Schriftsteller (1842–1912)
ALFREDJODL	Alfred Jodl	69	Spielzeug	deutscher Generaloberst und Berufsoffizier
ANNAFARIS	Anna Faris	69	Spielzeug	US-amerikanische Schauspielerin
GERHARDDOMAGK	Gerhard Domagk	69	Spielzeug	deutscher Pathologe und Bakteriologe
SOPHIEGERMAIN	Sophie Germain	69	Spielzeug	französische Mathematikerin
PTOLEMAIOSII	Ptolemaios II.	69	Spielzeug	König der Ptolemäer und Alleinherrscher seit 283/282 v. Chr.
ANDRESCHUERRLE	André Schürrle	69	Spielzeug	ehemaliger deutscher Fußballspieler
YAHYAJAMMEH	Yahya Jammeh	69	Spielzeug	gambischer Politiker, Staatspräsident von Gambia
BERNARDARNAULT	Bernard Arnault	69	Spielzeug	französischer Unternehmer
KONRADZUSE	Konrad Zuse	69	Spielzeug	deutscher Informatiker und Bauingenieur
ANSELADAMS	Ansel Adams	69	Spielzeug	amerikanischer Fotograf (1902–1984)
WILLARDBOYLE	Willard Boyle	69	Spielzeug	kanadischer Physiker
KARLKAUTSKY	Karl Kautsky	69	Spielzeug	österreichisch-tschechischer Philosoph, marxistischer Theoretiker und sozialdemokratischer Politiker (1854-1938)
FRANZBOAS	Franz Boas	69	Spielzeug	deutsch-US-amerikanischer Ethnologe
KONSTANTINVII	Konstantin VII.	69	Spielzeug	Kaiser von Byzanz
ANGUSYOUNG	Angus Young	69	Spielzeug	australisch-schottischer Musiker
JANEWYMAN	Jane Wyman	69	Spielzeug	US-amerikanische Schauspielerin
BAUDOUINI	Baudouin I.	69	Spielzeug	König der Belgier (1951–1993)
CHRISEVERT	Chris Evert	69	Spielzeug	US-amerikanische Tennisspielerin
EDDYMERCKX	Eddy Merckx	69	Spielzeug	belgischer Radrennfahrer
MAURICEALLAIS	Maurice Allais	69	Spielzeug	französischer Ingenieur und Wirtschaftswissenschaftler
MICHELMAYOR	Michel Mayor	69	Spielzeug	Schweizer Astronom
SHINJIKAGAWA	Shinji Kagawa	69	Spielzeug	japanischer Fußballspieler
MIKESHINODA	Mike Shinoda	69	Spielzeug	amerikanischer Musiker
GUSTAVV	Gustav V.	69	Spielzeug	König von Schweden (1907–1950)
OLAVV	Olav V.	69	Spielzeug	König von Norwegen (1957–1991)
MELVINCALVIN	Melvin Calvin	69	Spielzeug	US-amerikanischer Chemiker, Biochemiker und Nobelpreisträger
ORNELLAMUTI	Ornella Muti	69	Spielzeug	italienische Schauspielerin (geb. 1955)
ANDYRODDICK	Andy Roddick	69	Spielzeug	US-amerikanischer Tennisspieler
OLGAKURYLENKO	Olga Kurylenko	69	Spielzeug	französisch-ukrainische Schauspielerin
CHICHARITO	Chicharito	69	Spielzeug	mexikanischer Fußballspieler (*1988)
JEANDUBUFFET	Jean Dubuffet	69	Spielzeug	französischer Maler und Bildhauer (1901–1985)
SVANTEPAEAEBO	Svante Pääbo	69	Spielzeug	schwedischer Biologe, Paläogenetiker und Nobelpreisträger 2022
ANNAKOMNENA	Anna Komnena	69	Spielzeug	byzantinische Historikerin
VICENTEFOX	Vicente Fox	69	Spielzeug	mexikanischer Politiker und ehemaliger Präsident von Mexiko
SCRABBLE	Scrabble	69	Spiel	Brettspiel
BRIDGE	Bridge	69	Spiel	Kartenspiel für vier Personen, Stichspiel
KARAOKE	Karaoke	69	Spiel	Form der Unterhaltung, bei der zu aufgezeichneter Musik gesungen wird
GLEE	Glee	68	Fernsehserie|Franchise	US-amerikanische Musical-Comedy-Serie von Fox (2009–2015)
TOKIOHOTEL	Tokio Hotel	68	Musikgruppe	deutsche Band
POPEYE	Popeye	68	Fiktiver Mensch|Animierte Figur|Comicfigur	fiktive Figur
JOKER	Joker	68	Fiktiver Mensch|Animierte Figur|Fernsehfigur|Comicfigur	fiktive Figur aus dem DC Universe
YODA	Yoda	68	Animierte Figur|Fernsehfigur|Comicfigur	Charakter des Star-Wars-Universums
ANASTASIA	Anastasia	68	Animationsfilm	Film von Don Bluth und Gary Goldman (1997)
FINDETDORIE	Findet Dorie	68	Animationsfilm	Animationsfilm von Andrew Stanton (2016)
ANGRYBIRDS	Angry Birds	68	Franchise	Spiele-Franchise von Rovio Entertainment Corporation
DACKEL	Dackel	68	Hunderasse	von der FCI anerkannte deutsche Hunderasse
VASALL	Vasall	68	Beruf	Freie in einem persönlichen Treueverhältnis zu einem Schutzherrn
BIBLIOTHEKAR	Bibliothekar	68	Beruf	Betreuer und Verwalter von Bibliotheken
YAKUZA	Yakuza	68	Beruf	Oberbegriff für japanische kriminelle Organisationen
COWBOY	Cowboy	68	Beruf	in Nordamerika gebräuchliche Bezeichnung für einen Viehhirten
FLEISCHER	Fleischer	68	Beruf	Handwerker, der für die Zubereitung und den Verkauf von Fleisch verantwortlich ist
TENOR	Tenor	68	Beruf	Stimmlage
DEDUKTION	Deduktion	68	Fachgebiet	Schlussfolgerung gegebener Prämissen auf die logisch zwingenden Konsequenzen
UKIYOE	Ukiyo-e	68	Kunstrichtung	Japanische Kunstform insbesondere im Holzschnitt
BLACKFRIDAY	Black Friday	68	Feiertag	Freitag nach Thanksgiving mit vielen Rabattaktionen
PURIM	Purim	68	Feiertag	jüdisches Fest
SAILORMOON	Sailor Moon	68	Manga	japanisches Medienfranchise
ZYTOSKELETT	Zytoskelett	68	Spielzeug	Zellbestandteil
AXON	Axon	68	Spielzeug	Nervenzellfortsatz
ASTHENOSPHAERE	Asthenosphäre	68	Spielzeug	zäh-plastische Schicht des Erdmantels unterhalb der Lithosphäre
LIGER	Liger	68	Spielzeug	Hybride, die aus der Kreuzung eines männlichen Löwen (Panthera leo) und eines weiblichen Tigers (Panthera tigris) hervorgehen
BACKHEFE	Backhefe	68	Spielzeug	Art der Gattung Zuckerhefen (Saccharomyces)
DOLLY	Dolly	68	Spielzeug	erstes aus einer ausdifferenzierten somatischen Zelle geklontes Säugetier
HACHIK	Hachikō	68	Spielzeug	japanischer Akita-Hund
BATIK	Batik	68	Spielzeug	Textilfärbetechnik
SITA	Sita	68	Spielzeug	hinduistische Göttin der Landwitschaft
JAMESCOBURN	James Coburn	68	Spielzeug	US-amerikanischer Filmschauspieler (1928–2002)
FAUREGNASSINGBE	Faure Gnassingbé	68	Spielzeug	togoischer Politiker, Präsident und Premierminister von Togo
ALPHACONDE	Alpha Condé	68	Spielzeug	guineischer Politiker
RALALBIOL	Raúl Albiol	68	Spielzeug	spanischer Fußballspieler (* 1985)
FRIEDRICHPAULUS	Friedrich Paulus	68	Spielzeug	deutscher Generalfeldmarschall in der Zeit des Nationalsozialismus
MICHAELCARRICK	Michael Carrick	68	Spielzeug	englischer Fußballspieler
DAVIDALABA	David Alaba	68	Spielzeug	österreichischer Fußballspieler
ERNSTROEHM	Ernst Röhm	68	Spielzeug	deutscher Politiker (NSDAP), MdR und Führer der Sturmabteilung (SA)
THEODORHAENSCH	Theodor Hänsch	68	Spielzeug	deutscher Physiker und Nobelpreisträger (* 1941)
STEPHAN	Stephan	68	Spielzeug	König von England (1135-1154)
BELALUGOSI	Bela Lugosi	68	Spielzeug	US-amerikanischer Schauspieler (1882–1956)
RUDOLFCARNAP	Rudolf Carnap	68	Spielzeug	deutscher Philosoph des logischen Empirismus (1891–1970)
HONGWU	Hongwu	68	Spielzeug	Gründer der Ming-Dynastie
MICHAELHANEKE	Michael Haneke	68	Spielzeug	österreichischer Filmregisseur und Drehbuchautor
HUAGUOFENG	Hua Guofeng	68	Spielzeug	ehemaliger Vorsitzender der Kommunistischen Partei Chinas
ROBERTBARANY	Robert Bárány	68	Spielzeug	österreichischer Mediziner, Neurochemiker und Nobelpreisträger
CALVINHARRIS	Calvin Harris	68	Spielzeug	schottischer DJ
WASSILYLEONTIEF	Wassily Leontief	68	Spielzeug	russisch-amerikanischer Wirtschaftswissenschaftler und Nobelpreisträger
PAULETTEGODDARD	Paulette Goddard	68	Spielzeug	US-amerikanische Schauspielerin
DAVEBAUTISTA	Dave Bautista	68	Spielzeug	US-amerikanischer Wrestler und Schauspieler
DANCASTELLANETA	Dan Castellaneta	68	Spielzeug	US-amerikanischer Schauspieler
GALLIENUS	Gallienus	68	Spielzeug	römischer Kaiser
NORMANFOSTER	Norman Foster	68	Spielzeug	britischer Architekt
BECHAMELSAUCE	Béchamelsauce	68	Spielzeug	Helle Milchsauce, Mehlschwitze
ARTUROTOSCANINI	Arturo Toscanini	68	Spielzeug	italienischer Dirigent
SAMUELUMTITI	Samuel Umtiti	68	Spielzeug	französisch-kamerunischer Fußballspieler
MOBY	Moby	68	Spielzeug	US-amerikanischer Musiker
MAHDI	Mahdi	68	Spielzeug	Nachkomme Mohammeds, der gemäß islamischer Tradition in der Endzeit das Unrecht in der Welt beseitigen wird
KONSTANTINII	Konstantin II.	68	Spielzeug	römischer Kaiser
SERGEHAROCHE	Serge Haroche	68	Spielzeug	französischer Physiker
MIKLSHORTHY	Miklós Horthy	68	Spielzeug	ungarischer Militär und Politiker
SPIKELEE	Spike Lee	68	Spielzeug	US-amerikanischer Filmregisseur, Filmproduzent, Schriftsteller und Schauspieler
EHUDBARAK	Ehud Barak	68	Spielzeug	israelischer General, Politiker und Ministerpräsident
SILVESTERIII	Silvester III.	68	Spielzeug	Papst
MANRAY	Man Ray	68	Spielzeug	US-amerikanischer Maler und Fotograf
KARLXV	Karl XV.	68	Spielzeug	König von Schweden und Norwegen (1859–1872)
JAKOBV	Jakob V.	68	Spielzeug	König von Schottland (1513-1542)
MARATSAFIN	Marat Safin	68	Spielzeug	russischer Tennisspieler
THORNTONWILDER	Thornton Wilder	68	Spielzeug	US-amerikanischer Schriftsteller
RUSSELLHULSE	Russell Hulse	68	Spielzeug	US-amerikanischer Physiker
IWANMASEPA	Iwan Masepa	68	Spielzeug	ukrainischer Diplomat und Politiker
JORDANES	Jordanes	68	Spielzeug	oströmischer Historiker
BOLESAWI	Bolesław I.	68	Spielzeug	erster König von Polen
MOCTEZUMAII	Moctezuma II.	68	Spielzeug	Herrscher des Aztekenreiches (1502–1520)
VINCENZOBELLINI	Vincenzo Bellini	68	Spielzeug	italienischer Opernkomponist (1801-1835)
MICKEYROURKE	Mickey Rourke	68	Spielzeug	US-amerikanischer Schauspieler
VERCINGETORIX	Vercingetorix	68	Spielzeug	Fürst der gallisch-keltischen Arverner
JOHNKNOX	John Knox	68	Spielzeug	schottischer Prediger
HICKELKASTEN	Hickelkasten	68	Spiel	Kinderspiel
NORDISCHERRAT	Nordischer Rat	68	Internationale Organisation	internationale Organisation
COURSERA	Coursera	67	Website|Börsenunternehmen	Unternehmen für Online-Bildungstechnologie
VOGUE	Vogue	67	Website|Marke|Zeitschrift	US-amerikanisches Mode- und Lifestyle-Magazin
TED	TED	67	Website|Marke	Innovationskonferenz
THREADS	Threads	67	Soziales Netzwerk	soziales Netzwerk von Meta Platforms
VIBER	Viber	67	Messenger|Online-Community	Chat-Dienst
DEXTER	Dexter	67	Fernsehserie	US-amerikanische Fernsehserie (2006–2013)
JEEP	Jeep	67	Unternehmen|Autohersteller	US-amerikanische Automarke
LANDROVER	Land Rover	67	Unternehmen|Autohersteller	ehemaliger britischer Automobilhersteller
HTC	HTC	67	Unternehmen|Börsenunternehmen|Marke	taiwanesischer Elektronikgeräte-Hersteller
ROBERTBOSCH	Robert Bosch	67	Unternehmen	deutscher Technologiekonzern
GMMGRAMMY	GMM Grammy	67	Unternehmen|Plattenlabel	Unternehmen in Thailand
PRADA	Prada	67	Börsenunternehmen	italienisches Modeunternehmen  Gründerin seit Sommer 2004  Iris Clooney
NIKON	Nikon	67	Börsenunternehmen	japanisches Unternehmen
CADILLAC	Cadillac	67	Autohersteller	US-amerikanische Automarke von General Motors
FLEETWOODMAC	Fleetwood Mac	67	Musikgruppe	britisch-amerikanische Rockband
GENESIS	Genesis	67	Musikgruppe	britische Band (gegründet 1967)
EXO	EXO	67	Musikgruppe	südkoreanische Boyband
HERCULEPOIROT	Hercule Poirot	67	Fiktiver Mensch|Fernsehfigur	fiktiver belgischer Detektiv von Agatha Christie
DIECROODS	Die Croods	67	Animationsfilm	Dreamworks-Animationsfilm (2013)
SALAMI	Salami	67	Gericht/Lebensmittel	Rohwurstsorte aus Schweinefleisch und anderen Fleischsorten
MEERESFRUECHTE	Meeresfrüchte	67	Gericht/Lebensmittel	Sammelbegriff für essbare wirbellose Meerestiere
BREZEL	Brezel	67	Gericht/Lebensmittel	Gebäck in Form eines symmetrisch verschlungenen Teigstrangs
BANDY	Bandy	67	Sportart|Spiel	Ball- und Mannschaftssportart auf Eis
KANTATE	Kantate	67	Musikgenre	mehrsätziges Werk für Singstimmen mit Instrumentalbegleitung
HOUSEMUSIK	House-Musik	67	Musikgenre	Stilrichtung der elektronischen Tanzmusik, die in den 1980er Jahren in den USA entstand
SKA	Ska	67	Musikgenre	Musikgenre jamaikanischen Ursprungs
ABBEYROAD	Abbey Road	67	Album	Studioalbum der Beatles von 1969
TURINERGRABTUCH	Turiner Grabtuch	67	Werkzeug|Kleidung	Acheiropoieton
TOR	Tor	67	Spielzeug	Netzwerk zur Anonymisierung von Verbindungsdaten
DATEISYSTEM	Dateisystem	67	Spielzeug	Ablageorganisation auf einem Datenträger eines Computers
SICHERUNG	Sicherung	67	Spielzeug	Überstromschutzeinrichtung, die durch Abschmelzen eines Drahtes auslöst
ADOBEFLASH	Adobe Flash	67	Spielzeug	Software zur Programmierung und Darstellung multimedialer und interaktiver Inhalte
GUSTAVHEINEMANN	Gustav Heinemann	67	Spielzeug	deutscher Politiker; MdB, Bundesminister, 3. Bundespräsident der Bundesrepublik Deutschland (1969–1974)
JACKIESTEWART	Jackie Stewart	67	Spielzeug	britischer Automobilrennfahrer
LUDWIGX	Ludwig X.	67	Spielzeug	ehemaliger König von Frankreich und Navarra
GIORGIONE	Giorgione	67	Spielzeug	italienischer Maler der Renaissance (1478–1510)
JENSLEHMANN	Jens Lehmann	67	Spielzeug	deutscher Fußballspieler
MAUNOKOIVISTO	Mauno Koivisto	67	Spielzeug	finnischer Politiker, neunter Präsident Finnlands (1982–1994)
HUNSEN	Hun Sen	67	Spielzeug	kambodschanischer Politiker
BUJARNISHANI	Bujar Nishani	67	Spielzeug	albanischer Politiker
CAROLYNBERTOZZI	Carolyn Bertozzi	67	Spielzeug	US-amerikanische Biochemikerin und Nobelpreisträgerin
THEOWALCOTT	Theo Walcott	67	Spielzeug	englischer Fußballspieler
PERMERTESACKER	Per Mertesacker	67	Spielzeug	deutscher Fußballspieler
PAULKARRER	Paul Karrer	67	Spielzeug	Schweizer Chemiker und Nobelpreisträger (1889-1971)
MILEVAMARI	Mileva Marić	67	Spielzeug	serbische Physikerin und Mathematikerin, Ehefrau Albert Einsteins (1875–1948)
ERNSTABBE	Ernst Abbe	67	Spielzeug	deutscher Physiker, Optiker, Sozialreformer (1840-1905)
MANFREDEIGEN	Manfred Eigen	67	Spielzeug	deutscher Biophysiker, Nobelpreisträger für Chemie
HENRYPURCELL	Henry Purcell	67	Spielzeug	englischer Komponist
LEEMARVIN	Lee Marvin	67	Spielzeug	US-amerikanischer Schauspieler (1924–1987)
MAXIMILIANI	Maximilian I.	67	Spielzeug	Erzherzog von Österreich, Kaiser von Mexiko (1864–1867)
LITTLERICHARD	Little Richard	67	Spielzeug	US-amerikanischer Rock-’n’-Roll-Sänger, -Pianist und -Songwriter (1932-2020)
JOHNMCCARTHY	John McCarthy	67	Spielzeug	US-amerikanischer Informatiker; Erfinder der Programmiersprache LISP
JUSTINEHENIN	Justine Henin	67	Spielzeug	belgische Tennisspielerin
NORMASHEARER	Norma Shearer	67	Spielzeug	kanadisch-amerikanische Schauspielerin (1902–1983)
TRITICUMSPELTA	Triticum spelta	67	Spielzeug	Art der Gattung Weizen (Triticum)
YVESLETERME	Yves Leterme	67	Spielzeug	belgischer Politiker
SHIGERUMIYAMOTO	Shigeru Miyamoto	67	Spielzeug	japanischer Computerspielentwickler und Manager
PAULBERG	Paul Berg	67	Spielzeug	amerikanischer Biochemiker und Molekularbiologe und Träger des Chemienobelpreises (1980) (1926–2023)
MARIKIVINIEMI	Mari Kiviniemi	67	Spielzeug	finnische Politikerin
BARRYSHARPLESS	Barry Sharpless	67	Spielzeug	US-amerikanischer Chemiker und Nobelpreisträger
AKIRASUZUKI	Akira Suzuki	67	Spielzeug	japanischer Chemiker und Nobelpreisträger
DIDIERQUELOZ	Didier Queloz	67	Spielzeug	Schweizer Forscher und Astronom
JOHNCUSACK	John Cusack	67	Spielzeug	US-amerikanischer Schauspieler, Filmproduzent und Drehbuchautor
FILIPPOINZAGHI	Filippo Inzaghi	67	Spielzeug	italienischer Fußballspieler und -trainer
MARJANESATRAPI	Marjane Satrapi	67	Spielzeug	iranisch-französische Comic-Autorin, Filmemacherin und Kinderbuchautorin (1969–2026)
KIMCAMPBELL	Kim Campbell	67	Spielzeug	19. Premierministerin von Kanada (1993-1993)
SANIAMIRZA	Sania Mirza	67	Spielzeug	indische Tennisspielerin
JULIANA	Juliana	67	Spielzeug	Königin der Niederlande (1948–1980)
ROBERTBROWN	Robert Brown	67	Spielzeug	schottischer Botaniker (1773-1858)
LUCYLAWLESS	Lucy Lawless	67	Spielzeug	neuseeländische Schauspielerin
FALCAO	Falcao	67	Spielzeug	kolumbianischer Fußballspieler
LEOPOLDMOZART	Leopold Mozart	67	Spielzeug	Komponist der Wiener Klassik
SIMONWIESENTHAL	Simon Wiesenthal	67	Spielzeug	österreichischer Publizist, Schriftsteller und Leiter des jüdischen Dokumentationszentrums Wien (1908–2005)
ROBERTKUBICA	Robert Kubica	67	Spielzeug	polnischer Autorennfahrer
MAKOTOHASEBE	Makoto Hasebe	67	Spielzeug	japanischer Fußballspieler
MIESZKOI	Mieszko I.	67	Spielzeug	polnischer Herzog
JOHANNII	Johann II.	67	Spielzeug	König von Frankreich (1350–1364), Herzog der Normandie (1332–1350)
VALENTINIANIII	Valentinian III.	67	Spielzeug	Kaiser des weströmischen Reiches
ARTHURHARDEN	Arthur Harden	67	Spielzeug	britischer Chemiker und Nobelpreisträger
GHEORGHEHAGI	Gheorghe Hagi	67	Spielzeug	rumänischer Fußballspieler und -trainer
ROCKSTARGAMES	Rockstar Games	67	Spieleentwickler	US-amerikanischer Publisher für Computerspiele
WORLDCAT	WorldCat	66	Website	bibliografische Datenbank mit über 2 Milliarden Artikeln aus 10.000 Bibliotheken weltweit
SOUNDCLOUD	SoundCloud	66	Onlinedienst|Musikstreaming|Soziales Netzwerk|Online-Community	Online-Plattform zum Austausch und zur Distribution von Audiodateien
VICTORIOUS	Victorious	66	Fernsehserie	US-amerikanische Teen-Sitcom (2010–2013)
BAYERAG	Bayer AG	66	Unternehmen|Börsenunternehmen	Holding-Gesellschaft des Bayer-Konzerns in der chemischen und pharmazeutischen Industrie
ROLEX	Rolex	66	Unternehmen	Schweizer Hersteller von Luxusuhren mit Sitz in Genf
TOTALENERGIES	TotalEnergies	66	Unternehmen	Französischer, multinationaler Energie- und Mineralölkonzern
PEPSICO	PepsiCo	66	Unternehmen|Börsenunternehmen	US-amerikanischer Getränke- und Lebensmittelkonzern
KARA	Kara	66	Musikgruppe	südkoreanische Girlgroup
DREAMTHEATER	Dream Theater	66	Musikgruppe	amerikanische Band
LIMPBIZKIT	Limp Bizkit	66	Musikgruppe	US-amerikanische Nu-Metal-Band
ERDNUSSBUTTER	Erdnussbutter	66	Nahrung	Brotaufstrich aus gemahlenen Erdnüssen
NUMETAL	Nu Metal	66	Musikgenre	Musikstil
ROTTWEILER	Rottweiler	66	Hunderasse	Hunderasse
ERFINDER	Erfinder	66	Beruf	Person, die eine zuvor nicht bekannte Lösung im Bereich der Technik hervorbringt
PROMINENZ	Prominenz	66	Beruf	herausragende Persönlichkeit
PIANIST	Pianist	66	Beruf	Musiker, der Klavier spielt
SCHARFRICHTER	Scharfrichter	66	Beruf	Person, die die Todesstrafe vollstreckt
MEERESBIOLOGIE	Meeresbiologie	66	Fachgebiet	Wissenschaft der Lebewesen und Lebensvorgänge in marinen Lebensräumen
WORTSCHATZ	Wortschatz	66	Fachgebiet	Gesamtheit aller Wörter einer Sprache
BOSNIEN	Bosnien	66	Land	historisches Land in Mitteleuropa
IRONDOME	Iron Dome	66	Produkt|Werkzeug	israelisches mobiles Raketenabwehrsystem
ANEMOMETER	Anemometer	66	Werkzeug	Messinstrument zur lokalen Messung der Geschwindigkeit eines Strömungsfeldes
SONNENBLUMENOEL	Sonnenblumenöl	66	Spielzeug	Öl aus den Samen von Helianthus annuus L.
SATOSHINAKAMOTO	Satoshi Nakamoto	66	Spielzeug	Pseudonym für eine Person oder Gruppe, welche die Währung Bitcoin entwickelt hat
CHRISROCK	Chris Rock	66	Spielzeug	US-amerikanischer Komiker und Schauspieler
ALBRECHTKOSSEL	Albrecht Kossel	66	Spielzeug	deutscher Mediziner und Physiologe, Nobelpreis für Physiologie oder Medizin 1910
CHARLESLAUGHTON	Charles Laughton	66	Spielzeug	britisch-US-amerikanischer Schauspieler und Regisseur (1899–1962)
BLAISECOMPAORE	Blaise Compaoré	66	Spielzeug	burkinischer Politiker, Präsident von Burkina Faso
GEORGECUKOR	George Cukor	66	Spielzeug	US-amerikanischer Filmregisseur und Filmproduzent (1899–1983)
MIREILLEMATHIEU	Mireille Mathieu	66	Spielzeug	französische Sängerin
SLASH	Slash	66	Spielzeug	US-amerikanischer Rockmusiker
GEORGEGAMOW	George Gamow	66	Spielzeug	russisch-amerikanischer Physiker und Schriftsteller
HANSFRANK	Hans Frank	66	Spielzeug	deutscher Jurist, Kriegsverbrecher, Putschist und Politiker, MdR (NSDAP)
THOMASBACH	Thomas Bach	66	Spielzeug	deutscher Fechter und Sportfunktionär; 9. Präsident des Internationalen Olympischen Komitees
TAKASHIINUI	Takashi Inui	66	Spielzeug	japanischer Fußballspieler
JOSEPHROTH	Joseph Roth	66	Spielzeug	österreichischer Schriftsteller und Journalist
JOERGHAIDER	Jörg Haider	66	Spielzeug	österreichischer Politiker
ISCO	Isco	66	Spielzeug	spanischer Fußballspieler
AXLROSE	Axl Rose	66	Spielzeug	US-amerikanischer Sänger und Songwriter
LUKESHAW	Luke Shaw	66	Spielzeug	englischer Fußballspieler
ANTONIORUEDIGER	Antonio Rüdiger	66	Spielzeug	deutscher Fußballspieler
GABRIELFAURE	Gabriel Fauré	66	Spielzeug	französischer Komponist
DAVIDPOLITZER	David Politzer	66	Spielzeug	US-amerikanischer Physiker und Träger des Nobelpreises für Physik
NORMANRAMSEY	Norman Ramsey	66	Spielzeug	US-amerikanischer Physiker und Nobelpreisträger
WEICHWEIZEN	Weichweizen	66	Spielzeug	Art der Gattung Weizen (Triticum) aus einer Kreuzung mit Emmer
MAXIMIAN	Maximian	66	Spielzeug	Kaiser des römischen Reichs
SIDNEYSHELDON	Sidney Sheldon	66	Spielzeug	US-amerikanischer Schriftsteller und Drehbuchautor
WILHELMBUSCH	Wilhelm Busch	66	Spielzeug	deutscher humoristischer Dichter und Zeichner (1832–1908)
BILLPAXTON	Bill Paxton	66	Spielzeug	US-amerikanischer Schauspieler, Filmregisseur und Filmproduzent (1955–2017)
KEVINKLINE	Kevin Kline	66	Spielzeug	US-amerikanischer Schauspieler und Oscar-Preisträger (* 1947)
PATRICKSUESKIND	Patrick Süskind	66	Spielzeug	deutscher Schriftsteller und Drehbuchautor (geboren 1949)
JESSIEJ	Jessie J	66	Spielzeug	britische Singer-Songwriterin
LUISERAINER	Luise Rainer	66	Spielzeug	deutsche Schauspielerin (1910-2014)
JAMESHORNER	James Horner	66	Spielzeug	US-amerikanischer Filmkomponist (1953-2015)
LEOPOLDRUIKA	Leopold Ružička	66	Spielzeug	Schweizer Chemiker und Nobelpreisträger
ALBERTOCONTADOR	Alberto Contador	66	Spielzeug	spanischer Radrennfahrer
JANNERUDA	Jan Neruda	66	Spielzeug	tschechischer Journalist, Dichter und Schriftsteller
JONATHANDEMME	Jonathan Demme	66	Spielzeug	US-amerikanischer Filmregisseur, -produzent und Drehbuchautor
DIZZYGILLESPIE	Dizzy Gillespie	66	Spielzeug	US-amerikanischer Jazztrompeter, Komponist, Sänger, Arrangeur und Bandleader
LKAYGUENDOAN	İlkay Gündoğan	66	Spielzeug	deutscher Fußballspieler
JENNIFERJONES	Jennifer Jones	66	Spielzeug	US-amerikanische Schauspielerin
APPIAN	Appian	66	Spielzeug	römischer Historiker
QATARAIRWAYS	Qatar Airways	66	Fluggesellschaft	nationale Fluggesellschaft Katars
BULIMIANERVOSA	Bulimia nervosa	66	Symptom	Essstörung, die durch episodenartige Essanfälle (Binge-Eating), gefolgt von Handlungen, wie z.B. Erbrechen, die die Gewichtszunahme verhindern sollen, gekennzeichnet ist
WECHAT	WeChat	65	App|Soziales Netzwerk|Messenger	mobiler Kommunikationsdienst
SCRATCH	Scratch	65	Onlinedienst|Programmiersprache	Erziehungsorientierte visuelle Programmiersprache für Kinder und Jugendliche
XHTML	XHTML	65	Dateiformat	Auszeichnungssprache zur Strukturierung von Text, Bildern etc. in Dokumenten wie Websites
VHS	VHS	65	Dateiformat	Aufzeichnungs- und Wiedergabesystem für Videorekorder
BLACKMIRROR	Black Mirror	65	Fernsehserie	britische Fernsehserie
COUNTERSTRIKE	Counter-Strike	65	Computerspiel|Spiel	Ego-Shooter-Computerspiel aus dem Jahre 2000
UNILEVER	Unilever	65	Unternehmen|Börsenunternehmen	multinationaler Konsumgüter-Konzern mit Sitz in London
VISAINC	Visa Inc.	65	Unternehmen|Börsenunternehmen	Gesellschaft für Kreditkarten, Debitkarten und Guthabenkarten
SONYMOBILE	Sony Mobile	65	Unternehmen	ehemaliger japanischer Hersteller von Mobiltelefonen und Tablets
SAUDIARAMCO	Saudi Aramco	65	Unternehmen|Börsenunternehmen	saudi-arabischer Ölkonzern
LUKESKYWALKER	Luke Skywalker	65	Fiktiver Mensch|Fernsehfigur|Comicfigur	Figur aus Star Wars
PUDDING	Pudding	65	Gericht/Lebensmittel	Süßspeise
SKELETON	Skeleton	65	Sportart	Wintersportart
LACROSSE	Lacrosse	65	Sportart|Spiel	Mannschafts-Ballsport
HARDCOREPUNK	Hardcore Punk	65	Musikgenre	Musikgenre des Punk
TECHNO	Techno	65	Musikgenre	Genre elektronischer Tanzmusik
DEATHMETAL	Death Metal	65	Musikgenre	Stilrichtung des Metal
PROGRESSIVEROCK	Progressive Rock	65	Musikgenre	Subgenre des Rocks
AKITA	Akita	65	Hunderasse	japanische Hunderasse
OPENBSD	OpenBSD	65	Betriebssystem	Betriebssystem aus der Gruppe der Unix-Derivate
EXPERTE	Experte	65	Beruf	Sachkundiger auf einem bestimmten Gebiet
PASTOR	Pastor	65	Beruf	kirchliche Amtsbezeichnung eines Seelsorgers
DERSPIEGEL	Der Spiegel	65	Zeitschrift	deutsches Nachrichtenmagazin (seit 1947)
NOTIZBUCH	Notizbuch	65	Produkt	Buch zum Schreiben und Zeichnen
WASSERPFLANZE	Wasserpflanze	65	Spielzeug	Pflanzen, die ganz oder teilweise unter Wasser leben und sich sekundär an das Leben im Wasser angepasst haben
FLIPFLOP	Flipflop	65	Spielzeug	elektronische Schaltung
DUCKDUCKGO	DuckDuckGo	65	Spielzeug|Suchmaschine	Datenschutzorientierte Suchmaschine
SAMIRNASRI	Samir Nasri	65	Spielzeug	französischer Fußballspieler
PUPIENUS	Pupienus	65	Spielzeug	römischer Kaiser (* um 167; † Juli 238)
STEINEICHE	Steineiche	65	Spielzeug	Art der Gattung Eichen (Quercus)
PERUGINO	Perugino	65	Spielzeug	italienischer Maler (1448-1523)
FRIEDRICHHEBBEL	Friedrich Hebbel	65	Spielzeug	deutscher Dramatiker und Lyriker
GEORGIPARWANOW	Georgi Parwanow	65	Spielzeug	bulgarischer Staatspräsident
MWAIKIBAKI	Mwai Kibaki	65	Spielzeug	kenianischer Politiker und dritter Präsident von Kenia (2002–2013)
NADAR	Nadar	65	Spielzeug	französischer Fotograf, Schriftsteller, Zeichner und Luftschiffer
OLLANTAHUMALA	Ollanta Humala	65	Spielzeug	peruanischer Politiker
CHLOTHARI	Chlothar I.	65	Spielzeug	Fränkischer König; Sohn Chlodwigs I.
BONIYAYI	Boni Yayi	65	Spielzeug	Ökonom, ehemaliger Präsident von Benin und ehemaliger Vorsitzender der Afrikanischen Union
CHRISTAWOLF	Christa Wolf	65	Spielzeug	deutsche Schriftstellerin
ARRIAN	Arrian	65	Spielzeug	römischer Politiker und Geschichtsschreiber
ALFONSXII	Alfons XII.	65	Spielzeug	König von Spanien (1874–1885)
AMENOPHISIII	Amenophis III.	65	Spielzeug	9. altägyptischer Pharao der 18. Dynastie
HERBERTKROEMER	Herbert Kroemer	65	Spielzeug	deutscher Physiker (1928–2024)
GERHARDERTL	Gerhard Ertl	65	Spielzeug	deutscher Physiker, Oberflächenchemiker und Nobelpreisträger
OTTOWARBURG	Otto Warburg	65	Spielzeug	deutscher Biochemiker, Arzt und Physiologe
HANSFISCHER	Hans Fischer	65	Spielzeug	deutscher Chemiker und Mediziner, Nobelpreisträger für Chemie
MARKWEBBER	Mark Webber	65	Spielzeug	australischer Automobilrennfahrer
NASTASSJAKINSKI	Nastassja Kinski	65	Spielzeug	deutsche Schauspielerin
TIPUSULTAN	Tipu Sultan	65	Spielzeug	indischer Herrscher
JOSHBROLIN	Josh Brolin	65	Spielzeug	US-amerikanischer Schauspieler, Filmproduzent und Regisseur
ALEXSALMOND	Alex Salmond	65	Spielzeug	britischer Politiker, von 2007–2014 Erster Minister Schottlands (1954–2024)
MAXHORKHEIMER	Max Horkheimer	65	Spielzeug	deutscher Philosoph und Soziologe
ERNSTTHAELMANN	Ernst Thälmann	65	Spielzeug	deutscher Politiker (KPD), MdHB, MdR
VLADIMIRPRELOG	Vladimir Prelog	65	Spielzeug	Schweizer Chemiker und Nobelpreisträger
ADOLFWINDAUS	Adolf Windaus	65	Spielzeug	deutscher Chemiker, Biochemiker und Nobelpreisträger
CARLSCHMITT	Carl Schmitt	65	Spielzeug	deutscher Hochschullehrer, Jurist im Nationalsozialismus, Staatsrechtler und politischer Philosoph
DJANGOREINHARDT	Django Reinhardt	65	Spielzeug	französischer Komponist, Gitarrist und Begründer eines europäischen Jazzstils
SAXOGRAMMATICUS	Saxo Grammaticus	65	Spielzeug	dänischer Geschichtsschreiber
BENNYGOODMAN	Benny Goodman	65	Spielzeug	amerikanischer Jazzmusiker (Klarinettist) und Bandleader
JOHNDENVER	John Denver	65	Spielzeug	US-amerikanischer Sänger (1943–1997)
GENNAROGATTUSO	Gennaro Gattuso	65	Spielzeug	italienischer Fußballspieler
HARVEYMILK	Harvey Milk	65	Spielzeug	US-amerikanischer Politiker und Bürgerrechtler der Schwulen- und Lesbenbewegung (1930–1978)
THEODORKOCHER	Theodor Kocher	65	Spielzeug	Schweizer Chirurg, Nobelpreis 1909
LOUISAGASSIZ	Louis Agassiz	65	Spielzeug	schweizerisch-amerikanischer Naturforscher (1807-1873)
THIAGO	Thiago	65	Spielzeug	spanisch-brasilianischer Fußballspieler
QIANLONG	Qianlong	65	Spielzeug	vierter Qing-Kaiser von China
GOTTFRIEDKELLER	Gottfried Keller	65	Spielzeug	Schweizer Schriftsteller, Dichter und Maler
HERGE	Hergé	65	Spielzeug	belgischer Comic-Autor und Zeichner
ALBERTOSORDI	Alberto Sordi	65	Spielzeug	italienischer Filmschauspieler
PAULMARTIN	Paul Martin	65	Spielzeug	21. Premierminister von Kanada (2003-2006)
MAUROICARDI	Mauro Icardi	65	Spielzeug	argentinischer Fußballspieler
HJALMARBRANTING	Hjalmar Branting	65	Spielzeug	schwedischer Politiker, Reichstagsabgeordneter und Premierminister (1860-1925)
LUDWIGVI	Ludwig VI.	65	Spielzeug	König von Frankreich
AEMILIANUS	Aemilianus	65	Spielzeug	römischer Kaiser
CAFU	Cafu	65	Spielzeug	brasilianischer Fußballspieler
AIRINDIA	Air India	65	Fluggesellschaft	indische Fluggesellschaft
ETIHADAIRWAYS	Etihad Airways	65	Fluggesellschaft	nationale Fluggesellschaft der Vereinigten Arabischen Emirate mit Sitz in Abu Dhabi
NHK	NHK	65	Fernsehsender|Radiosender	öffentlich-rechtliche Rundfunkgesellschaft in Japan
SCHNARCHEN	Schnarchen	65	Symptom	Geräusch, das beim Schlafen gemacht wird
HARMAGEDON	Harmagedon	65	Ort	biblischer Begriff der endzeitlichen Entscheidungsschlacht Gottes
AMAZONKINDLE	Amazon Kindle	64	Software|Marke	E-Book-Reader von Amazon
UNIQLO	UNIQLO	64	Unternehmen	japanischer Bekleidungshersteller und Verkäufer
CHANEL	Chanel	64	Unternehmen	französischer Modekonzern
EASTMANKODAK	Eastman Kodak	64	Unternehmen|Börsenunternehmen	US-amerikanisches Unternehmen aus dem Bereich Fotografietechnik
OPPOELECTRONICS	Oppo Electronics	64	Unternehmen	chinesischer Elektronikhersteller
VWKAEFER	VW Käfer	64	Automodell	von 1938 bis 2003 produzierter kompakter Ur-Volkswagen
BONEYM	Boney M.	64	Musikgruppe	deutsche Band
KRAFTWERK	Kraftwerk	64	Musikgruppe	deutsche Band
CLANNAD	Clannad	64	Musikgruppe	irische Musikgruppe
BIGBANG	Big Bang	64	Musikgruppe	südkoreanische Boygroup
ONEREPUBLIC	OneRepublic	64	Musikgruppe	amerikanische Poprockband
ANTZ	Antz	64	Animationsfilm	Animationsfilm von Eric Darnell (1998)
SORBET	Sorbet	64	Nahrung	eiskaltes Getränk oder eine halb gefrorene Speise aus Fruchtsaft, Fruchtpüree und Zucker
BUBBLETEA	Bubble Tea	64	Getränk	taiwanesisches Tee-Getränk
MAHJONGG	Mah-Jongg	64	Brettspiel|Spiel	chinesisches Spiel
ORATORIUM	Oratorium	64	Musikgenre	Vertonung einer zumeist geistlichen Handlung
SOLARIS	Solaris	64	Betriebssystem	Unix-Betriebssystem auf Basis von SunOS
MUDSCHAHID	Mudschahid	64	Beruf	arabische Bezeichnung für einen Menschen, der den Dschihad („Anstrengung“) betreibt
MANGAKA	Mangaka	64	Beruf	Personen, die Mangas zeichnen
DIENSTBOTE	Dienstbote	64	Beruf	ständig im Haushalt wohnende, angestellte Hilfskraft für Arbeiten im Haushalt
BAECKER	Bäcker	64	Beruf	Handwerker, welcher Brot, Brötchen, Kleingebäck und feine Backwaren herstellt
VIDEOBEWEIS	Videobeweis	64	Beruf	Überprüfung strittiger Schiedsrichterentscheidungen im Fußball per Videotechnologie
THRILLER	Thriller	64	Album	Album von Michael Jackson (1982)
HOEHENMESSER	Höhenmesser	64	Werkzeug|Spielzeug	Gerät, mit dem die Höhe eines Objekts über einer definierten Ebene oder Referenzfläche gemessen wird.
GRIESS	Grieß	64	Spielzeug	Teilstücke des Getreidekorns (meist Weizen) mit einer Größe von 0,3 bis 1 mm
ZENTRIOL	Zentriol	64	Spielzeug	Zellorganell
KOLLAGEN	Kollagen	64	Spielzeug	Strukturprotein von Tieren, helikale Moleküle repetitiver Primär- und Sekundärstruktur
SUKKULENTE	Sukkulente	64	Spielzeug	saftreiche Pflanzen, die an besondere Klima- und Bodenverhältnisse angepasst sind
LAUBABWERFEND	laubabwerfend	64	Spielzeug	
BACARYSAGNA	Bacary Sagna	64	Spielzeug	französischer Fußballspieler
KARLCARSTENS	Karl Carstens	64	Spielzeug	deutscher Politiker (CDU); MdB, Bundestagspräsident, 5. Bundespräsident der Bundesrepublik Deutschland (1979–1984)
AGNOLOBRONZINO	Agnolo Bronzino	64	Spielzeug	italienischer Maler des Manierismus (1503–1572)
SANDDORN	Sanddorn	64	Spielzeug	Art der Gattung Sanddorne (Hippophae)
BALBINUS	Balbinus	64	Spielzeug	römischer Kaiser
ANTIOCHOSIII	Antiochos III.	64	Spielzeug	König des Seleukidenreiches
WOODYGUTHRIE	Woody Guthrie	64	Spielzeug	amerikanischer Singer-Songwriter (1912–1967)
ERICBANA	Eric Bana	64	Spielzeug	australischer Schauspieler, Drehbuchautor und Filmproduzent
RICKYGERVAIS	Ricky Gervais	64	Spielzeug	britischer Comedian, Radiomoderator, Schauspieler, Autor, Regisseur und Filmproduzent
OTTOLILIENTHAL	Otto Lilienthal	64	Spielzeug	deutscher Pionier des Gleit- und Muskelkraftflugs (1848-1896)
DAVIDLEAN	David Lean	64	Spielzeug	britischer Filmregisseur
ANTONIOCONTE	Antonio Conte	64	Spielzeug	italienischer Fußballspieler und -trainer
ATIFETEJAHJAGA	Atifete Jahjaga	64	Spielzeug	kosovarische Politikerin, Präsidentin der Republik Kosovo
PETRAKVITOVA	Petra Kvitová	64	Spielzeug	tschechische Tennisspielerin
HUGOWEAVING	Hugo Weaving	64	Spielzeug	britischer Schauspieler
ALOISALZHEIMER	Alois Alzheimer	64	Spielzeug	deutscher Psychiater (1864–1915)
PHILIPPI	Philipp I.	64	Spielzeug	König von Frankreich (1060–1108)
AUGUSTMACKE	August Macke	64	Spielzeug	deutscher Maler des Expressionismus, Mitglied der Gruppe „Der Blaue Reiter“ (1887–1914)
JOVIAN	Jovian	64	Spielzeug	Römischer Kaiser (363-364)
MICHAELBAY	Michael Bay	64	Spielzeug	US-amerikanischer Regisseur und Produzent
ROLANDEMMERICH	Roland Emmerich	64	Spielzeug	deutscher Filmproduzent, Regisseur und Drehbuchautor
NICOLAUSOTTO	Nicolaus Otto	64	Spielzeug	deutscher Kaufmann, Erfinder und Verbrennungsmotorpionier
FRITZPREGL	Fritz Pregl	64	Spielzeug	österreichischer Chemiker und Nobelpreisträger
RICHARDKUHN	Richard Kuhn	64	Spielzeug	österreichisch-deutscher Chemiker, Nobelpreisträger
ZHAOZIYANG	Zhao Ziyang	64	Spielzeug	ehemaliger Generalsekretär der Kommunistischen Partei Chinas
CANDICEBERGEN	Candice Bergen	64	Spielzeug	US-amerikanische Schauspielerin (geb. 1946)
GEORGEGROSZ	George Grosz	64	Spielzeug	deutscher Maler und Grafiker (1893–1959)
HUANGDI	Huangdi	64	Spielzeug	legendärer erster Kaiser Chinas
PETERAGRE	Peter Agre	64	Spielzeug	US-amerikanischer Molekularbiologe und Nobelpreisträger für Chemie
ELIWALLACH	Eli Wallach	64	Spielzeug	US-amerikanischer Schauspieler (1915–2014)
MONICAVITTI	Monica Vitti	64	Spielzeug	italienische Schauspielerin
GLENNMILLER	Glenn Miller	64	Spielzeug	US-amerikanischer Jazz-Posaunist, Bandleader, Komponist und Arrangeur
PAULMORPHY	Paul Morphy	64	Spielzeug	US-amerikanischer Schachspieler
TOMFELTON	Tom Felton	64	Spielzeug	britischer Schauspieler
RICHARDERNST	Richard Ernst	64	Spielzeug	Schweizer Chemiker und Nobelpreisträger
KANGXI	Kangxi	64	Spielzeug	Kaiser von China (1661-1722)
PHAEDRUS	Phaedrus	64	Spielzeug	römischer Fabeldichter
JEANCHRETIEN	Jean Chrétien	64	Spielzeug	20. Premierminister von Kanada (1993-2003)
ROBERTOMANCINI	Roberto Mancini	64	Spielzeug	italienischer Fußballspieler und -trainer
EMILZATOPEK	Emil Zátopek	64	Spielzeug	tschechischer Langstreckenläufer
OSKARII	Oskar II.	64	Spielzeug	König von Schweden (1872–1907), König von Norwegen (1872–1905)
DAVIDHOCKNEY	David Hockney	64	Spielzeug	britischer Maler und Druckgraphiker (1937–2026)
ARTHURASHE	Arthur Ashe	64	Spielzeug	US-amerikanischer Tennisspieler
IANMCEWAN	Ian McEwan	64	Spielzeug	britischer Schriftsteller
BLACKJACK	Black Jack	64	Spiel	Kartenglücksspiel
IBERIA	Iberia	64	Fluggesellschaft	nationale Fluggesellschaft Spaniens
TVN	tvN	64	Fernsehsender	südkoreanischer Fernsehsender
RUST	Rust	63	Programmiersprache	Programmiersprache
SMALLVILLE	Smallville	63	Fernsehserie	US-amerikanische Fernsehserie (2001–2011)
CRIMINALMINDS	Criminal Minds	63	Fernsehserie	US-amerikanische Fernsehserie (2005–2020, seit 2022)
ICARLY	iCarly	63	Fernsehserie	US-amerikanische Jugend-Sitcom (2007–2012)
MODERNFAMILY	Modern Family	63	Fernsehserie	US-amerikanische Sitcom (2009–2020)
JIMMYNEUTRON	Jimmy Neutron	63	Animationsserie	US-amerikanische Fernsehserie (2002–2006)
BLUEY	Bluey	63	Animationsserie	australische Animationsserie
AMONGUS	Among Us	63	Computerspiel|Spiel	Computerspiel aus dem Jahr 2018
SONYMUSIC	Sony Music	63	Unternehmen	US-amerikanischer Musikverlag, Nachfolger von Columbia/CBS Records
SAP	SAP	63	Unternehmen|Börsenunternehmen	deutscher Softwarehersteller
ROXETTE	Roxette	63	Musikgruppe	schwedische Band
PANTERA	Pantera	63	Musikgruppe	US-amerikanische Metal-Band
YES	Yes	63	Musikgruppe	englische Band
THEKINKS	The Kinks	63	Musikgruppe	englische Band
ROT	Rot	63	Animationsfilm	Computeranimationsfilm von Domee Shi (2022)
BRUEHE	Brühe	63	Gericht/Lebensmittel	klare Suppe, Bouillon
XIANGQI	Xiangqi	63	Brettspiel|Spiel	in Ostasien übliche Form des Schachspiels
KEND	Kendō	63	Sportart	Sportart
ACAPPELLA	A cappella	63	Musikgenre	historischer mehrstimmiger Vokalsatz, auch in der Popmusik
KUBUNTU	Kubuntu	63	Betriebssystem	Linux-Distribution basierend auf Ubuntu
ARCHLINUX	Arch Linux	63	Betriebssystem	Linux-Distribution
FREISCHAFFENDER	Freischaffender	63	Beruf	freiberuflicher Selbständiger
SONGSCHREIBER	Songschreiber	63	Beruf	Person, die Songs verfasst
REGISSEUR	Regisseur	63	Beruf	Person, die Werke der darstellenden Kunst inszeniert
INDOLOGIE	Indologie	63	Fachgebiet	Studium der indischen Geschichte, Literatur, Philosophie und Kultur
FESTNAHME	Festnahme	63	Ereignis	Festhaltung von Personen auf rechtlicher Grundlage
LICHTMESS	Lichtmess	63	Feiertag	Christliches Fest
LEFIGARO	Le Figaro	63	Zeitung	französische Tageszeitung
SCIENCE	Science	63	Zeitschrift|Periodikum	wissenschaftliche Fachzeitschrift
MUELLEIMER	Mülleimer	63	Werkzeug	Behälter, der Müll aufbewahrt
RELAIS	Relais	63	Werkzeug|Spielzeug	durch elektrischen Strom fernbetätigter Schalter
ASPNET	ASP.NET	63	Spielzeug	Programmiersprache
GIOVANNILEONE	Giovanni Leone	63	Spielzeug	6. Präsident der Republik Italien
WARDCUNNINGHAM	Ward Cunningham	63	Spielzeug	US-amerikanischer Programmierer
GORDIANII	Gordian II.	63	Spielzeug	Mitregent des römischen Kaisers Gordian I
SASHAGREY	Sasha Grey	63	Spielzeug	US-amerikanische Pornodarstellerin, Schauspielerin, Autorin und Musikerin
ERNSTCASSIRER	Ernst Cassirer	63	Spielzeug	deutsch-schwedischer Philosoph
KLAUSKINSKI	Klaus Kinski	63	Spielzeug	deutscher Schauspieler (1926–1991)
IVANGAPAROVI	Ivan Gašparovič	63	Spielzeug	slowakischer Politiker
JUSTINIANII	Justinian II.	63	Spielzeug	Kaiser von Byzanz
LIAMHEMSWORTH	Liam Hemsworth	63	Spielzeug	australischer Schauspieler
AMADEUSI	Amadeus I.	63	Spielzeug	König von Spanien
KYLEWALKER	Kyle Walker	63	Spielzeug	englischer Fußballspieler
AHMETZOGU	Ahmet Zogu	63	Spielzeug	Präsident der Republik Albanien und später König der Albaner
WILLIAN	Willian	63	Spielzeug	brasilianischer Fußballspieler
GARBIEMUGURUZA	Garbiñe Muguruza	63	Spielzeug	spanische Tennisspielerin
GEORGAGRICOLA	Georg Agricola	63	Spielzeug	deutscher Mineraloge und Begründer der modernen Mineralogie (1494-1555)
LINDSEYVONN	Lindsey Vonn	63	Spielzeug	US-amerikanische Skirennläuferin
KARLZIEGLER	Karl Ziegler	63	Spielzeug	deutscher Chemiker und Nobelpreisträger
RAHULGANDHI	Rahul Gandhi	63	Spielzeug	indischer Politiker
MAXDELBRUECK	Max Delbrück	63	Spielzeug	deutsch-amerikanischer Genetiker und Biophysiker
FRANZWERFEL	Franz Werfel	63	Spielzeug	tschechisch-österreichischer Schriftsteller
KARLRENNER	Karl Renner	63	Spielzeug	österreichischer sozialdemokratischer Politiker der SPÖ
CARLORFF	Carl Orff	63	Spielzeug	deutscher Komponist und Musikpädagoge (1895–1982)
THEUNDERTAKER	The Undertaker	63	Spielzeug	US-amerikanischer Wrestler und Schauspieler
GUYVERHOFSTADT	Guy Verhofstadt	63	Spielzeug	belgischer Jurist und Politiker, Ministerpräsident
PAULBREITNER	Paul Breitner	63	Spielzeug	deutscher Fußballspieler (geb. 1951)
GOETTERBAUM	Götterbaum	63	Spielzeug	Art der Gattung Götterbäume (Ailanthus)
SCRATES	Sócrates	63	Spielzeug	brasilianischer Fußballspieler
MAXTHEILER	Max Theiler	63	Spielzeug	südafrikanisch-US-amerikanischer Biologe (1899-1972)
BONNIEWRIGHT	Bonnie Wright	63	Spielzeug	britische Filmschauspielerin
JULIEDELPY	Julie Delpy	63	Spielzeug	französisch-amerikanische Schauspielerin, Filmregisseurin, Drehbuchautorin und Singer-Songwriterin
HIDEKISHIRAKAWA	Hideki Shirakawa	63	Spielzeug	japanischer Chemiker, Träger des Chemie-Nobelpreises 2000
KICHITANAKA	Kōichi Tanaka	63	Spielzeug	japanischer Chemiker, Nobelpreis für Chemie 2002
STEVEMARTIN	Steve Martin	63	Spielzeug	US-amerikanischer Komiker und Schauspieler
DANIELBOVET	Daniel Bovet	63	Spielzeug	schweizstämmiger italienischer Pharmakologe und Esperantist (1907-1992)
BRUNOGANZ	Bruno Ganz	63	Spielzeug	Schweizer Schauspieler (1941–2019)
ABEBEBIKILA	Abebe Bikila	63	Spielzeug	äthiopischer Marathonläufer und zweifacher Olympiasieger
NICKLASBENDTNER	Nicklas Bendtner	63	Spielzeug	dänischer Fußballspieler
AIWEIWEI	Ai Weiwei	63	Spielzeug	chinesischer Künstler (geboren 1957)
WERNERFAYMANN	Werner Faymann	63	Spielzeug	österreichischer Politiker (SPÖ), Bundeskanzler der Republik Österreich (2008-2016)
MARKIAN	Markian	63	Spielzeug	oströmischer Kaiser von 450 bis 457
RAYMONDARON	Raymond Aron	63	Spielzeug	französischer Politologe, Soziologe und Publizist
ROBERTII	Robert II.	63	Spielzeug	König von Frankreich (996–1031)
HAHNENKAMPF	Hahnenkampf	63	Spiel	Form des Tierkampfes
PARTIDOPOPULAR	Partido Popular	63	Partei	konservative spanische Partei
EURONEWS	Euronews	63	Fernsehsender	paneuropäischer Fernsehsender
UBISOFT	Ubisoft	63	Videospielentwickler|Spieleentwickler	französischer Entwickler- und Verlegerfirma für Computerspiele
PANIKATTACKE	Panikattacke	63	Symptom	plötzliches Auftreten einer körperlichen und psychischen Alarmreaktion
APPSTORE	App Store	62	App	von Apple betriebene Plattform für elektronische Software-Distribution
ARXIV	arXiv	62	Website	Dokumentenserver für Preprints
LASTFM	Last.fm	62	Soziales Netzwerk	Internetradio auf Basis von sozialer Software
GENSHINIMPACT	Genshin Impact	62	Computerspiel|Spiel	Computerspiel aus dem Jahr 2020
MASERATI	Maserati	62	Unternehmen|Autohersteller	italienischer Sportwagenhersteller
HSBC	HSBC	62	Unternehmen|Börsenunternehmen	britische Großbank
GUINNESS	Guinness	62	Unternehmen	schwarzes, obergäriges irisches Stout-Bier
MASTERCARD	Mastercard	62	Unternehmen|Börsenunternehmen	Gesellschaft für Kreditkarten, Debitkarten und Guthabenkarten
EMBRAER	Embraer	62	Börsenunternehmen	brasilianischer Flugzeugbauer
JAPANAIRLINES	Japan Airlines	62	Börsenunternehmen|Fluggesellschaft	japanische Fluggesellschaft
TOYOTACOROLLA	Toyota Corolla	62	Automodell	Modellbezeichnung für einen Pkw der unteren Mittelklasse bzw. der Kompaktklasse
LYNYRDSKYNYRD	Lynyrd Skynyrd	62	Musikgruppe	US-amerikanische Rockband
KINO	Kino	62	Musikgruppe	russische Rockband
BLONDIE	Blondie	62	Musikgruppe	US-amerikanische New-Wave-Band (1974-)
BLUR	Blur	62	Musikgruppe	Britpopband um Damon Albarn und Graham Coxon
INDIANAJONES	Indiana Jones	62	Fiktiver Mensch|Fernsehfigur|Comicfigur	Hauptfigur der gleichnamigen Abenteuerfilmreihe
NARUTOUZUMAKI	Naruto Uzumaki	62	Fiktiver Mensch	Hauptcharakter der Mangareihe Naruto
LEIAORGANA	Leia Organa	62	Fiktiver Mensch|Animierte Figur|Fernsehfigur|Comicfigur	fiktiver Charakter aus dem Star-Wars-Universum
WOLVERINE	Wolverine	62	Animierte Figur|Comicfigur	Comicfigur
UNCLESAM	Uncle Sam	62	Comicfigur	Nationalallegorie der Vereinigten Staaten
DERSCHATZPLANET	Der Schatzplanet	62	Animationsfilm	Zeichentrickfilm von Ron Clements und John Musker (2002)
RADSPORT	Radsport	62	Sportart	Sportart, die mit dem Fahrrad ausgeführt wird
FUGE	Fuge	62	Musikgenre	musikalisches Kompositionsprinzip
POPROCK	Pop-Rock	62	Musikgenre	Musikgenre
BOSSANOVA	Bossa Nova	62	Musikgenre	Musikgenre aus Brasilien
MOPS	Mops	62	Hunderasse	Hunderasse
ORAKEL	Orakel	62	Beruf	transzendente Offenbarung durch ein Medium
KADI	Kadi	62	Beruf	islamischer Rechtsgelehrter, Richter
KELLNER	Kellner	62	Beruf	Berufsbezeichnung
AIRBAG	Airbag	62	Werkzeug|Spielzeug	Teil des Insassenrückhaltesystems von Kraftfahrzeugen
PEROXISOM	Peroxisom	62	Spielzeug	Zellorganell
NUMAPOMPILIUS	Numa Pompilius	62	Spielzeug	sagenhafter zweiter König von Rom
ERNSTMAYR	Ernst Mayr	62	Spielzeug	deutsch-amerikanischer Biologe (1904–2005)
HEINRICHLUEBKE	Heinrich Lübke	62	Spielzeug	deutscher Politiker; MdB, Bundesminister, 2. Bundespräsident der Bundesrepublik Deutschland
SUEGARDNER	Sue Gardner	62	Spielzeug	kanadische Journalistin
ZEDRACHBAUM	Zedrachbaum	62	Spielzeug	Art der Gattung Melia, Mahagonigewächse
ERNSTBLOCH	Ernst Bloch	62	Spielzeug	deutscher Philosoph
CASIMIRFUNK	Casimir Funk	62	Spielzeug	polnischer Biochemiker
BAMIRTOPI	Bamir Topi	62	Spielzeug	Präsident der Republik Albanien (2007–2012)
ANDRYRAJOELINA	Andry Rajoelina	62	Spielzeug	madagassischer Politiker, Staatsoberhaupt von Madagaskar
YAOMING	Yao Ming	62	Spielzeug	chinesischer Basketballspieler
MARCELLOLIPPI	Marcello Lippi	62	Spielzeug	italienischer Fußballspieler und -trainer
STANLAUREL	Stan Laurel	62	Spielzeug	englischer Komiker und Filmschauspieler (1890–1965)
YANISVAROUFAKIS	Yanis Varoufakis	62	Spielzeug	griechisch-australischer Wirtschaftswissenschaftler und Politiker
ULRIKEMEINHOF	Ulrike Meinhof	62	Spielzeug	deutsche Journalistin und Terroristin, Mitbegründerin der RAF
DIEGOMILITO	Diego Milito	62	Spielzeug	argentischer Fußballspieler italienischer Herkunft
CARLZEISS	Carl Zeiß	62	Spielzeug	deutscher Mechaniker und Unternehmer
FRANZBOPP	Franz Bopp	62	Spielzeug	deutscher Sprachwissenschaftler und Sanskritforscher
SONIASOTOMAYOR	Sonia Sotomayor	62	Spielzeug	US-amerikanische Juristin
GEORGTRAKL	Georg Trakl	62	Spielzeug	österreichischer Dichter des Expressionismus (1887-1914)
STEFANHELL	Stefan Hell	62	Spielzeug	deutscher Biophysiker und Nobelpreisträger
DIRKNOWITZKI	Dirk Nowitzki	62	Spielzeug	deutscher Basketballspieler
RUDIVOELLER	Rudi Völler	62	Spielzeug	deutscher Fußballspieler, -trainer und -funktionär
FRANOISQUESNAY	François Quesnay	62	Spielzeug	französischer Arzt, Ökonom und Kupferstecher
IVARAASEN	Ivar Aasen	62	Spielzeug	norwegischer Dichter und Sprachforscher
JEANSIMMONS	Jean Simmons	62	Spielzeug	britisch-US-amerikanische Schauspielerin (1929–2010)
VINCEVAUGHN	Vince Vaughn	62	Spielzeug	US-amerikanischer Schauspieler
JAMESGARNER	James Garner	62	Spielzeug	US-amerikanischer Schauspieler (1928–2014)
JACKWILSHERE	Jack Wilshere	62	Spielzeug	englischer Fußballspieler
MAURICEJARRE	Maurice Jarre	62	Spielzeug	französischer Komponist
MIGUELINDURAIN	Miguel Indurain	62	Spielzeug	spanischer Radrennfahrer
ROSANNAARQUETTE	Rosanna Arquette	62	Spielzeug	US-amerikanische Schauspielerin
ALESBJALJAZKI	Ales Bjaljazki	62	Spielzeug	belarussischer Menschenrechtler und Nobelpreisträger (born 1962)
MASSIMODALEMA	Massimo D’Alema	62	Spielzeug	italienischer Politiker, Ministerpräsident und Außenminister, MdEP
JOHNMACDONALD	John Macdonald	62	Spielzeug	erster Premierminister von Kanada (1867–1873, 1878–1891)
OSCAR	Oscar	62	Spielzeug	brasilianischer Fußballspieler (* 1991)
OSKARI	Oskar I.	62	Spielzeug	König von Schweden und Norwegen (1844–1859)
VALTTERIBOTTAS	Valtteri Bottas	62	Spielzeug	finnischer Automobilrennfahrer
PIERREBOULEZ	Pierre Boulez	62	Spielzeug	französischer Komponist, Dirigent und Musiktheoretiker
JIMMYCONNORS	Jimmy Connors	62	Spielzeug	US-amerikanischer Tennisspieler
MAXBECKMANN	Max Beckmann	62	Spielzeug	deutscher Maler und Graphiker (1884–1950)
PAULOFREIRE	Paulo Freire	62	Spielzeug	brasilianischer Pädagoge, Jurist, Historiker, Philosoph und Autor
DIMITARBERBATOW	Dimitar Berbatow	62	Spielzeug	bulgarischer Fußballspieler
FRANCOBARESI	Franco Baresi	62	Spielzeug	italienischer Fußballspieler (1960–2026)
FELICITYHUFFMAN	Felicity Huffman	62	Spielzeug	US-amerikanische Schauspielerin
BOLESAWPRUS	Bolesław Prus	62	Spielzeug	polnischer Schriftsteller und Publizist
KUNGFU	Kung Fu	62	Spiel	Kampfkunst
THEINDEPENDENT	The Independent	62	Online-Enzyklopädie	britische Zeitung
BBCONE	BBC One	62	Fernsehsender	britischer Fernsehsender
NASENBLUTEN	Nasenbluten	62	Symptom	Bluten aus einem oder beiden Nasenlöchern
ALLMUSIC	AllMusic	61	Website	Online-Datenbank, die umfassend Musiker und Musikveröffentlichungen enthält
KOTLIN	Kotlin	61	Programmiersprache	Programmiersprache
TWINPEAKS	Twin Peaks	61	Fernsehserie	US-amerikanische Fernsehserie (1990–1991, 2017)
WEDNESDAY	Wednesday	61	Fernsehserie	US-amerikanische Fernsehserie
DORA	Dora	61	Animationsserie	US-amerikanische Zeichentrickserie (2000–2015)
VODAFONE	Vodafone	61	Unternehmen	international tätiges britisches Mobilfunkunternehmen
NASCAR	NASCAR	61	Unternehmen	US-amerikanischer Motorsportveranstalter
ACER	Acer	61	Unternehmen	taiwanisches Unternehmen der Computerindustrie mit Sitz in Taipeh
ERICSSON	Ericsson	61	Unternehmen|Börsenunternehmen	schwedischer Telekommunikationsausrüster
EASYJET	easyJet	61	Börsenunternehmen|Fluggesellschaft	britische Billigfluggesellschaft
SPRITE	Sprite	61	Marke	Limonade der The Coca-Cola Company
IMAGINEDRAGONS	Imagine Dragons	61	Musikgruppe	amerikanische Pop-Rock-Band
VANHALEN	Van Halen	61	Musikgruppe	amerikanische Rockband
SEPULTURA	Sepultura	61	Musikgruppe	brasilianische Metal-Band
MAYHEM	Mayhem	61	Musikgruppe	norwegische Black-Metal-Band
DRWATSON	Dr. Watson	61	Fiktiver Mensch|Fernsehfigur	Romanfigur aus den Büchern von Arthur Conan Doyle
GOOFY	Goofy	61	Animierte Figur|Fernsehfigur|Comicfigur	Comicfigur
GRAFDRACULA	Graf Dracula	61	Animierte Figur|Fernsehfigur	Fiktive Figur aus einem Roman von Bram Stoker
THOR	Thor	61	Comicfigur	Comicfigur aus dem Marvel-Universum
PALMWEIN	Palmwein	61	Getränk	alkoholisches Getränk
RENNRODELN	Rennrodeln	61	Sportart	Wintersportart
SAMBO	Sambo	61	Sportart	russisch-sowjetische Kampfsportart
EMO	Emo	61	Musikgenre	Subgenre des Hardcore Punk
DALMATINER	Dalmatiner	61	Hunderasse	von der FCI anerkannte kroatische Hunderasse
DEUTSCHERBOXER	Deutscher Boxer	61	Hunderasse	Hunderasse
PUDEL	Pudel	61	Hunderasse	Hunderasse
SIBERIANHUSKY	Siberian Husky	61	Hunderasse	Hunderasse
FUSSBALLSPIELER	Fußballspieler	61	Beruf	Person, die an Fußballwettbewerben teilnimmt
KONSERVIERUNG	Konservierung	61	Fachgebiet	Prozess zur Erhöhung der Haltbarkeitszeit von Lebensmitteln
UML	UML	61	Fachgebiet	grafische Modellierungssprache für Software und andere Systeme (ISO-Norm)
GERONTOLOGIE	Gerontologie	61	Fachgebiet	Wissenschaft vom Altern
SELBSTBILDNIS	Selbstbildnis	61	Kunstrichtung	Form eines Porträts
THEFAME	The Fame	61	Album	Album von Lady Gaga (2008)
NASSERSEE	Nassersee	61	Werkzeug|Spielzeug	Stausee in Ägypten und Sudan
INARIJAERVI	Inarijärvi	61	Werkzeug|Spielzeug	See in der finnischen Gemeinde Inari
OPENGL	OpenGL	61	Spielzeug	Grafik-API
FLAGELLUM	Flagellum	61	Spielzeug	Zellorganell
YCHROMOSOM	Y-Chromosom	61	Spielzeug	Geschlechtschromosom, das die Ausbildung des männlichen Phänotyps bewirkt
GRASFROSCH	Grasfrosch	61	Spielzeug	Art der Gattung Echte Frösche (Rana)
ZENERDIODE	Zener-Diode	61	Spielzeug	Halbleiterdiode mit charakteristischer Durchbruchspannung zum Betrieb in Sperrrichtung
JIMMU	Jimmu	61	Spielzeug	japanischer Kaiser
ENLIL	Enlil	61	Spielzeug	mesopotamische Gottheit
CHARLESLYELL	Charles Lyell	61	Spielzeug	britischer Geologe, Verfechter des Aktualismus und der Evolutionstheorie
ANTONIOCANOVA	Antonio Canova	61	Spielzeug	italienischer Bildhauer (1757–1822)
LUIGIEINAUDI	Luigi Einaudi	61	Spielzeug	italienischer Staatspräsident und Finanzwissenschaftler
LOUISBONAPARTE	Louis Bonaparte	61	Spielzeug	Bruder von Kaiser Napoleon I. und König von Holland
GOUGHWHITLAM	Gough Whitlam	61	Spielzeug	21. Premierminister von Australien (1972–1975)
CACAU	Cacau	61	Spielzeug	brasilianisch-deutscher Fußballspieler und Funktionär
ROBERTBRESSON	Robert Bresson	61	Spielzeug	französischer Filmregisseur
LUDWIGTIECK	Ludwig Tieck	61	Spielzeug	deutscher Dichter, Schriftsteller, Herausgeber und Übersetzer der Romantik
TOMAROSICK	Tomáš Rosický	61	Spielzeug	tschechischer Fußballspieler
ALFREDDOEBLIN	Alfred Döblin	61	Spielzeug	deutscher Arzt und Schriftsteller (1878–1957)
ANNASEGHERS	Anna Seghers	61	Spielzeug	deutsche Schriftstellerin
DESIBOUTERSE	Desi Bouterse	61	Spielzeug	surinamischer Politiker und Anführer eines Militärregimes
EMRECAN	Emre Can	61	Spielzeug	deutscher Fußballspieler
CHRISSMALLING	Chris Smalling	61	Spielzeug	englischer Fußballspieler
JAFARPANAHI	Jafar Panahi	61	Spielzeug	iranischer Filmregisseur
ENDAKENNY	Enda Kenny	61	Spielzeug	irischer Politiker
JACOBBURCKHARDT	Jacob Burckhardt	61	Spielzeug	Schweizer Kulturhistoriker mit Schwerpunkt Kunstgeschichte (1818–1897)
RAJNIKANT	Rajnikant	61	Spielzeug	indischer Schauspieler
GUENTERBLOBEL	Günter Blobel	61	Spielzeug	US-amerikanischer Biochemiker
ECHIDNA	Echidna	61	Spielzeug	Gestalt der griechischen Mythologie, die zur Mutter zahlreicher Ungeheuer wurde
CHRISTIANWOLFF	Christian Wolff	61	Spielzeug	deutscher Universalgelehrter, Jurist, Mathematiker und Philosoph (1679-1754)
SERGIOPEREZ	Sergio Pérez	61	Spielzeug	mexikanischer Automobilrennfahrer
DANIELRICCIARDO	Daniel Ricciardo	61	Spielzeug	australischer Automobilrennfahrer
RUDOLFI	Rudolf I.	61	Spielzeug	römisch-deutscher König
KLAUSMANN	Klaus Mann	61	Spielzeug	deutscher Schriftsteller (1906–1949)
XANANAGUSMO	Xanana Gusmão	61	Spielzeug	osttimoresischer Politiker (Präsident 2002–2007, Premierminister 2007–2015)
KONSTANSII	Konstans II.	61	Spielzeug	oströmischer Kaiser von 641 bis 668
ANTONZEILINGER	Anton Zeilinger	61	Spielzeug	österreichischer Quantenphysiker und Nobelpreisträger (geb. 1945)
MANUELII	Manuel II.	61	Spielzeug	Kaiser von Byzanz
ROBERTLEFKOWITZ	Robert Lefkowitz	61	Spielzeug	US-amerikanischer Biochemiker und Nobelpreisträger
SHINYAYAMANAKA	Shin’ya Yamanaka	61	Spielzeug	japanischer Arzt
OTTOSKORZENY	Otto Skorzeny	61	Spielzeug	österreichisch-deutscher nationalsozialistischer Offizier der Waffen-SS
PAULDOUMER	Paul Doumer	61	Spielzeug	Staatspräsident von Frankreich (1931–1932)
ADOLFLOOS	Adolf Loos	61	Spielzeug	österreichischer und tschechischer Architekt und Architekturtheoretiker
RONALDGOLIAS	Ronald Golias	61	Spielzeug	brasilianischer Schauspieler und Komiker (1929-2005)
CRAZYHORSE	Crazy Horse	61	Spielzeug	Anführer der Oglala (1840–1877)
GEORGEPORTER	George Porter	61	Spielzeug	englischer Chemiker und Nobelpreisträger
AHA	Aha	61	Spielzeug	altägyptischer König; früher König der ersten Dynastie
TONEGAWASUSUMU	Tonegawa Susumu	61	Spielzeug	japanischer Molekularbiologe
JELENAJANKOVI	Jelena Janković	61	Spielzeug	serbische Tennisspielerin
CIMABUE	Cimabue	61	Spielzeug	italienischer Maler (1240–1302)
AMYMACDONALD	Amy Macdonald	61	Spielzeug	schottische Sängerin und Songschreiberin
CATHERINEASHTON	Catherine Ashton	61	Spielzeug	britische Politikerin der Labour Party
THELONIOUSMONK	Thelonious Monk	61	Spielzeug	afroamerikanischer Jazzmusiker, Pianist und Komponist
WILLIAMLIPSCOMB	William Lipscomb	61	Spielzeug	US-amerikanischer Chemiker und Nobelpreisträger für Chemie
IDRS	Idrīs	61	Spielzeug	Prophet des Islam
EDONEILL	Ed O’Neill	61	Spielzeug	US-amerikanischer Schauspieler
LIUSHAOQI	Liu Shaoqi	61	Spielzeug	ehemaliger chinesischer Staatspräsident (1898-1969)
MARIONBARTOLI	Marion Bartoli	61	Spielzeug	französische Tennisspielerin
RIVERPHOENIX	River Phoenix	61	Spielzeug	US-amerikanischer Schauspieler und Musiker (1970–1993)
ASAPHHALL	Asaph Hall	61	Spielzeug	US-amerikanischer Astronom
ANOUSHEHANSARI	Anousheh Ansari	61	Spielzeug	US-amerikanisch-iranische Multimillionärin und die erste Weltraumtouristin
ZHURONGJI	Zhu Rongji	61	Spielzeug	Ministerpräsident der Volksrepublik China
MIKENICHOLS	Mike Nichols	61	Spielzeug	US-amerikanischer Regisseur, Drehbuchautor, Produzent und Schauspieler (1931-2014)
FRANKBORMAN	Frank Borman	61	Spielzeug	US-amerikanischer Astronaut (1928–2023)
ADRIENRABIOT	Adrien Rabiot	61	Spielzeug	französischer Fußballspieler
LUDWIGXVII	Ludwig XVII.	61	Spielzeug	König von Frankreich und Navarra
BORISAKUNIN	Boris Akunin	61	Spielzeug	russischer Kriminalschriftsteller, Japanologe
KOLOTOURE	Kolo Touré	61	Spielzeug	ivorischer Fußballspieler
GUSTAVIII	Gustav III.	61	Spielzeug	König von Schweden (1771–1792)
JAKOBIV	Jakob IV.	61	Spielzeug	König von Schottland (1473–1513)
TILLLINDEMANN	Till Lindemann	61	Spielzeug	deutscher Musiker Sänger und Dichter
ALEXANDREPATO	Alexandre Pato	61	Spielzeug	brasilianischer Fußballspieler
WASSILIIII	Wassili III.	61	Spielzeug	Großfürst von Moskau
FRANOISEHARDY	Françoise Hardy	61	Spielzeug	französische Sängerin, Texterin, Komponistin und Schauspielerin (1944–2024)
ZADIESMITH	Zadie Smith	61	Spielzeug	britische Schriftstellerin
PYTHEAS	Pytheas	61	Spielzeug	Händler, Geograph und einer der großen Entdecker der Antike
EDMUNDI	Edmund I.	61	Spielzeug	König von England
HENRIKDAM	Henrik Dam	61	Spielzeug	dänischer Biochemiker, erhielt den Nobelpreis für Medizin 1943
RAFAELBENTEZ	Rafael Benítez	61	Spielzeug	spanischer Fußballtrainer
SHGI	Shōgi	61	Spiel	japanische Variante des Schachspiels
SERIEB	Serie B	61	Spiel	zweithöchste Spielklasse im italienischen Profifußball
SWISS	Swiss	61	Fluggesellschaft	nationale Fluggesellschaft der Schweiz
RCNTELEVISIN	RCN Televisión	61	Fernsehsender	kolumbianischer Fernsehsender
TELEFE	Telefe	61	Fernsehsender	argentinischer Fernsehsender
CERVIXUTERI	Cervix uteri	61	Organ	unterer Teil der Gebärmutter, der die Öffnung zur Scheide enthält
HISPANIEN	Hispanien	61	Ort	Römische Provinz
GOOGLESCHOLAR	Google Scholar	60	Website	Suchmaschine des Unternehmens Google Inc. für wissenschaftliche Dokumente
USATODAY	USA Today	60	Website	US-amerikanische Tageszeitung
GROK	Grok	60	Onlinedienst	KI-Chatbot der von Elon Musk gegründeten Firma xAI
STEVENUNIVERSE	Steven Universe	60	Animationsserie	US-amerikanische Zeichentrickserie (2013–2019)
PONG	Pong	60	Computerspiel|Spiel	Arcadespiel aus dem Jahr 1972
PORTAL	Portal	60	Computerspiel|Spiel	Computerspiel aus dem Jahr 2007
LANCIA	Lancia	60	Unternehmen|Autohersteller	Italienisches Automobilunternehmen
REDHAT	Red Hat	60	Unternehmen|Börsenunternehmen	US-amerikanisches Softwareunternehmen
CARLSJR	Carl’s Jr.	60	Unternehmen	Fast-Food-Kette
HITACHI	Hitachi	60	Unternehmen|Börsenunternehmen	japanisches Unternehmen
BENTLEY	Bentley	60	Börsenunternehmen|Autohersteller	britischer Automobilhersteller; Tochterunternehmen der Volkswagen AG
SUBARU	Subaru	60	Autohersteller	japanischer Automobilhersteller
THEOFFSPRING	The Offspring	60	Musikgruppe	amerikanische Band
FRANZFERDINAND	Franz Ferdinand	60	Musikgruppe	schottische Rockband
EUROPE	Europe	60	Musikgruppe	schwedische Rockband
BURZUM	Burzum	60	Musikgruppe	norwegische Band
SIGURRS	Sigur Rós	60	Musikgruppe	isländische Band
KABADDI	Kabaddi	60	Sportart	indische Mannschaftssportart
AKROBATIK	Akrobatik	60	Sportart	Sportart, Zirkusdisziplin und Oberbegriff für viele artistische Anteile anderer Sportarten
DOGECOIN	Dogecoin	60	Kryptowährung|Spielzeug	Kryptowährung
FINALFANTASY	Final Fantasy	60	Franchise	Franchise
INDIEROCK	Indie-Rock	60	Musikgenre	Genre der Rockmusik
RAGTIME	Ragtime	60	Musikgenre	Musik-Genre
DEUTSCHEDOGGE	Deutsche Dogge	60	Hunderasse	Hunderasse
DOBERMANN	Dobermann	60	Hunderasse	Hunderasse
RNIN	Rōnin	60	Beruf	herrenloser Samurai
WHISTLEBLOWER	Whistleblower	60	Beruf	Person, die für die Allgemeinheit wichtige Informationen aus einem geheimen oder geschützten Zusammenhang an die Öffentlichkeit bringt
BUCHHALTER	Buchhalter	60	Beruf	Mitarbeiter, der Geschäftsvorfälle in die Geschäftsbücher eingibt und prüft
FILMPRODUKTION	Filmproduktion	60	Fachgebiet	Herstellungsprozess eines Kino-, Werbe- oder Fernsehfilms
CAD	CAD	60	Fachgebiet	Computer Aided Design, rechnerunterstütztes Konstruieren
STEREOCHEMIE	Stereochemie	60	Fachgebiet	Teilgebiet der Chemie
ROENTGEN	Röntgen	60	Fachgebiet	bildgebendes Verfahren, bei dem ein Körper mit Röntgenstrahlen durchstrahlt wurde
PERFORMANCE	Performance	60	Kunstrichtung	nicht wiederholbare künstlerische Darbietung
MONDLANDUNG	Mondlandung	60	Ereignis	Ereignis in der Raumfahrt
WASSERWAAGE	Wasserwaage	60	Werkzeug	Prüfgerät zur horizontalen oder vertikalen Ausrichtung eines Objektes
CHROMATIN	Chromatin	60	Spielzeug	Proteinsubstanz, struktureller Bestandteil des Zellkerns
DENDRIT	Dendrit	60	Spielzeug	Zellbestandteil
HYDRA	Hydra	60	Spielzeug	Gattung der Familie Hydridae
BLAISEMATUIDI	Blaise Matuidi	60	Spielzeug	französischer Fußballspieler
ALBERTOASCARI	Alberto Ascari	60	Spielzeug	italienischer Automobilrennfahrer
JACKBRABHAM	Jack Brabham	60	Spielzeug	australischer Rennfahrer
ADILRAMI	Adil Rami	60	Spielzeug	französischer Fußballspieler
PHILIPPV	Philipp V.	60	Spielzeug	König von Frankreich
OTTOMEYERHOF	Otto Meyerhof	60	Spielzeug	deutsch-amerikanischer Biochemiker, Nobelpreisträger
ASHABHOSLE	Asha Bhosle	60	Spielzeug	indische Sängerin
PTOLEMAIOSXV	Ptolemaios XV.	60	Spielzeug	König 44–30 v. Chr. von Ägypten
SUSANWOJCICKI	Susan Wojcicki	60	Spielzeug	amerikanische Managerin (1968–2024)
AHMOSEI	Ahmose I.	60	Spielzeug	altägyptischer König (Pharao)
MIGUELHIDALGO	Miguel Hidalgo	60	Spielzeug	mexikanischer Priester und Revolutionär
NIKOLAGRUEVSKI	Nikola Gruevski	60	Spielzeug	mazedonischer Politiker
JOSCHKAFISCHER	Joschka Fischer	60	Spielzeug	deutscher Politiker (Bündnis 90/Die Grünen), ehemaliger Außenminister und Vizekanzler, Landesminister, MdB, MdL
ANDRUSANSIP	Andrus Ansip	60	Spielzeug	estnischer Politiker
IVOSANADER	Ivo Sanader	60	Spielzeug	kroatischer Politiker und Ministerpräsident
REINHARDGENZEL	Reinhard Genzel	60	Spielzeug	deutscher Astrophysiker
WALTERCRONKITE	Walter Cronkite	60	Spielzeug	US-amerikanischer Fernsehjournalist und Nachrichtensprecher bei CBS
KARENHORNEY	Karen Horney	60	Spielzeug	deutsch-US-amerikanische Psychoanalytikerin
ECKHARTTOLLE	Eckhart Tolle	60	Spielzeug	deutscher spiritueller Lehrer und Autor
ALMAMN	al-Maʾmūn	60	Spielzeug	7. Kalif der Abbasiden (reg. 813–833)
THORSTEINVEBLEN	Thorstein Veblen	60	Spielzeug	US-amerikanischer Ökonom und Soziologe
MICHELNEY	Michel Ney	60	Spielzeug	französischer Offizier, napoleonischer Marschall (1769–1815)
KOESEMMAHPEYKER	Kösem Mahpeyker	60	Spielzeug	Ehefrau von Sultan Ahmed I. des Osmanischen Reiches
JOHANNPACHELBEL	Johann Pachelbel	60	Spielzeug	Komponist des Barock
CHRISCOLUMBUS	Chris Columbus	60	Spielzeug	US-amerikanischer Regisseur, Produzent und Drehbuchautor
ELIZABETHHURLEY	Elizabeth Hurley	60	Spielzeug	britische Schauspielerin, Produzentin und Model
DAMONHILL	Damon Hill	60	Spielzeug	britischer Automobilrennfahrer
OTTO	Otto	60	Spielzeug	König von Griechenland (1832-1862)
KURTLEWIN	Kurt Lewin	60	Spielzeug	deutsch-amerikanischer Psychologe, einer der „großen Vier“ der Gestaltpsychologie (1890–1947)
CARLMENGER	Carl Menger	60	Spielzeug	österreichischer Ökonom
BASILEIOSI	Basileios I.	60	Spielzeug	Kaiser von Byzanz
EMILJANNINGS	Emil Jannings	60	Spielzeug	deutscher Schauspieler (1884–1950)
ANNAFREUD	Anna Freud	60	Spielzeug	österreichisch-englische Psychoanalytikerin; Begründerin der Kinderanalyse (1895–1982)
JOHNGURDON	John Gurdon	60	Spielzeug	britischer Evolutionsbiologe (1933-2025)
BRIANKOBILKA	Brian Kobilka	60	Spielzeug	US-amerikanischer Biochemiker und Nobelpreisträger
LARRYHAGMAN	Larry Hagman	60	Spielzeug	US-amerikanischer Schauspieler (1931–2012)
JACKSZOSTAK	Jack Szostak	60	Spielzeug	US-amerikanischer Molekularbiologe
URKAISERCHINAS	Urkaiser Chinas	60	Spielzeug	legendäre Herrscher der chinesischen Mythologie
MUHAMMADNAGIB	Muhammad Nagib	60	Spielzeug	ägyptischer Offizier und Politiker, erster Präsident Ägyptens (1901–1984)
ANDREABARZAGLI	Andrea Barzagli	60	Spielzeug	italienischer Fußballspieler
YANNMARTEL	Yann Martel	60	Spielzeug	kanadischer Schriftsteller
SIDNEYALTMAN	Sidney Altman	60	Spielzeug	kanadischer Physiker und Nobelpreisträger für Chemie
DIADUMENIANUS	Diadumenianus	60	Spielzeug	Sohn des römischen Kaisers Macrinus (218)
DANAYKROYD	Dan Aykroyd	60	Spielzeug	kanadischer Schauspieler
RENATODULBECCO	Renato Dulbecco	60	Spielzeug	italienisch-US-amerikanischer Biologe
CORNELIUSNEPOS	Cornelius Nepos	60	Spielzeug	römischer Historiker und Biograph
KURTWUETHRICH	Kurt Wüthrich	60	Spielzeug	Schweizer Chemiker und Nobelpreisträger
JOHNBARRY	John Barry	60	Spielzeug	britischer Komponist
SONGQINGLING	Song Qingling	60	Spielzeug	chinesische Politikerin (1893–1981)
HERBIEHANCOCK	Herbie Hancock	60	Spielzeug	US-amerikanischer Jazz-Pianist und Komponist
WERNERARBER	Werner Arber	60	Spielzeug	Schweizer Mikrobiologe und Genetiker
JOHNLYDON	John Lydon	60	Spielzeug	britischer Sänger
ERNSTLUBITSCH	Ernst Lubitsch	60	Spielzeug	deutsch-amerikanischer Filmregisseur und Schauspieler (1892–1947)
CLIVEDUNN	Clive Dunn	60	Spielzeug	britischer Schauspieler
CARLBILDT	Carl Bildt	60	Spielzeug	schwedischer Politiker und Ministerpräsident
LOUKASPAPADIMOS	Loukas Papadimos	60	Spielzeug	griechischer Ökonom, Vizepräsident der Europäischen Zentralbank; griechischer Regierungschef
STANLEYPRUSINER	Stanley Prusiner	60	Spielzeug	US-amerikanischer Biochemiker, Neurologe, Nobelpreisträger für Physiologie oder Medizin
KASIMIRIII	Kasimir III.	60	Spielzeug	letzter Herrscher Polens aus dem Haus der Piasten, König von Polen (1333–1370)
STEPHANBATHORY	Stephan Báthory	60	Spielzeug	König von Polen (1576–1586), Fürst von Siebenbürgen (1571–1575)
IBRAHIMAFELLAY	Ibrahim Afellay	60	Spielzeug	niederländischer Fußballspieler
TERRYJONES	Terry Jones	60	Spielzeug	britischer Komiker, Regisseur und Schriftsteller, Mitglied von Monty Python (1942–2020)
GOERANPERSSON	Göran Persson	60	Spielzeug	schwedischer Politiker und Ministerpräsident
PAULVERHOEVEN	Paul Verhoeven	60	Spielzeug	niederländischer Filmregisseur
BOJANKRKI	Bojan Krkić	60	Spielzeug	spanisch-serbischer Fußballspieler
CYBORG	Cyborg	60	Spiel	Mischwesen aus biologischem Organismus und Maschine
GOETHEINSTITUT	Goethe-Institut	60	Internationale Organisation|Bildungseinrichtung	deutsche kulturelle Organisation
VIETNAMAIRLINES	Vietnam Airlines	60	Fluggesellschaft	staatliche Fluggesellschaft Vietnams
FLUGHAFENSYDNEY	Flughafen Sydney	60	Flughafen	Flughafen in Australien
THEMENTALIST	The Mentalist	59	Fernsehserie	US-amerikanische Krimiserie (2008–2015)
NAVYCIS	Navy CIS	59	Fernsehserie	US-amerikanische Krimiserie
ASSASSINSCREED	Assassin’s Creed	59	Computerspiel|Spiel	Computerspiel aus dem Jahr 2007
BASF	BASF	59	Marke	deutsches Chemieunternehmen
LEXUS	Lexus	59	Autohersteller	Premium-Automobilmarke von Toyota
MARGESIMPSON	Marge Simpson	59	Fiktiver Mensch|Animierte Figur|Fernsehfigur	Comicfigur in der Fernsehserie Die Simpsons
EINTOPF	Eintopf	59	Gericht/Lebensmittel	sättigende Suppen, die als vollständige Mahlzeit dienen
TSATSIKI	Tsatsiki	59	Nahrung	Joghurtspeise der griechischen Küche
KONDENSMILCH	Kondensmilch	59	Nahrung	durch Einkochen konzentrierte Milch
NETBALL	Netball	59	Sportart	
ESPORT	E-Sport	59	Sportart	sportlicher Wettkampf mit Computerspielen
WUSHU	Wushu	59	Sportart	moderne, sportliche Form der chinesischen Kampfkünste
JONGLIEREN	Jonglieren	59	Sportart	artistische Bewegungskunst
RESIDENTEVIL	Resident Evil	59	Franchise	Computerspielfranchise
POLYPHONIE	Polyphonie	59	Musikgenre	Mehrstimmigkeit in der Musik
GAMELAN	Gamelan	59	Musikgenre	traditioneller Musikstil von der Insel Java in Indonesien
TRANCE	Trance	59	Musikgenre	Musikgenre
POSTPUNK	Post-Punk	59	Musikgenre	Musikgenre des Punk
CHROMEOS	ChromeOS	59	Betriebssystem	Linux-basiertes von Google entwickeltes Betriebssystem
GENTOOLINUX	Gentoo Linux	59	Betriebssystem	quellbasierte Linux-Distribution
HYDROGEOLOGIE	Hydrogeologie	59	Fachgebiet	Wissenschaft vom Wasser in der Erdkruste
AKT	Akt	59	Kunstrichtung	Kunstwerk, dessen primäres Subjekt der nackte menschliche Körper ist
INUYASHA	Inu Yasha	59	Manga	Mangareihe von Rumiko Takahashi
BLUSE	Bluse	59	Produkt	Kleidungsstück
HOSENBANDORDEN	Hosenbandorden	59	Werkzeug|Kleidung	exklusivster Orden des Vereinigten Königreichs
BACKPULVER	Backpulver	59	Spielzeug	zum Backen benutztes Triebmittel
ROQUEFORT	Roquefort	59	Spielzeug	Blauschimmelkäse aus roher Schafmilch
STIGMA	Stigma	59	Spielzeug	Ligatur der griechischen Buchstaben Σ σ Sigma und Τ τ Tau
BUKEPHALOS	Bukephalos	59	Spielzeug	Streitross Alexanders des Großen
FLORENTMALOUDA	Florent Malouda	59	Spielzeug	französischer Fußballspieler
EIICHIRODA	Eiichirō Oda	59	Spielzeug	japanischer Manga-Zeichner
ANTONIOSEGNI	Antonio Segni	59	Spielzeug	italienischer Politiker
LAURENTBLANC	Laurent Blanc	59	Spielzeug	französischer Fußballspieler
TRAUERZYPRESSE	Trauerzypresse	59	Spielzeug	Art der Gattung Zypressen (Cupressus)
JOHANNI	Johann I.	59	Spielzeug	Sohn von Ludwig X. von Frankreich
LINDSEYGRAHAM	Lindsey Graham	59	Spielzeug	US-amerikanischer Politiker (1955–2026)
EDMUNDBARTON	Edmund Barton	59	Spielzeug	australischer Politiker; erster Premierminister von Australien (1849-1920)
BERNARDKATZ	Bernard Katz	59	Spielzeug	deutsch-englischer Biophysiker und Neurophysiologe
ERICHRAEDER	Erich Raeder	59	Spielzeug	Großadmiral im Dritten Reich
JIMMYKIMMEL	Jimmy Kimmel	59	Spielzeug	US-amerikanischer Comedian, Autor, Produzent und Moderator
PAULLANGEVIN	Paul Langevin	59	Spielzeug	französischer Physiker
CLAUDECHABROL	Claude Chabrol	59	Spielzeug	französischer Filmregisseur, Drehbuchautor, Filmproduzent und Schauspieler
DANILOTUERK	Danilo Türk	59	Spielzeug	slowenischer Jurist, Diplomat und Politiker
THEODORSTORM	Theodor Storm	59	Spielzeug	deutscher Schriftsteller und Jurist
WALTERBAADE	Walter Baade	59	Spielzeug	deutscher Astronom
NICOLAETIMOFTI	Nicolae Timofti	59	Spielzeug	Präsident der Republik Moldau
HANSSPEMANN	Hans Spemann	59	Spielzeug	deutscher Biologe
MYKOLAASAROW	Mykola Asarow	59	Spielzeug	Ministerpräsident, ukrainischer Politiker
PHOKAS	Phokas	59	Spielzeug	Kaiser von Byzanz von 602 bis 610
DWYANEWADE	Dwyane Wade	59	Spielzeug	US-amerikanischer Basketballspieler
ROBERTDELAUNAY	Robert Delaunay	59	Spielzeug	französischer Maler, gilt als Hauptvertreter des Orphismus (1885–1941)
CONRADGESSNER	Conrad Gessner	59	Spielzeug	Schweizer Arzt, Naturforscher und Altphilologe
DANIELLESTEEL	Danielle Steel	59	Spielzeug	US-amerikanische Schriftstellerin
CYDCHARISSE	Cyd Charisse	59	Spielzeug	US-amerikanische Tänzerin und Schauspielerin (1921-2008)
NICOHUELKENBERG	Nico Hülkenberg	59	Spielzeug	Deutscher Automobilrennfahrer
THEODORSCHWANN	Theodor Schwann	59	Spielzeug	deutscher Physiologe
JULIUSSTREICHER	Julius Streicher	59	Spielzeug	deutscher Politiker (NSDAP), MdR, Herausgeber von „Der Stürmer”
JAKOBBOEHME	Jakob Böhme	59	Spielzeug	Schuhmacher, Mystiker, Naturphilosoph
JOHNROBERTS	John Roberts	59	Spielzeug	US-amerikanischer Jurist; 17. Vorsitzender des Obersten Gerichtshofs der USA
KONSTANTINV	Konstantin V.	59	Spielzeug	Kaiser von Byzanz
ALBANBERG	Alban Berg	59	Spielzeug	österreichischer Komponist der Zweiten Wiener Schule
WALTERKOHN	Walter Kohn	59	Spielzeug	US-amerikanischer Physiker österreichischer Herkunft
NIKLAUSWIRTH	Niklaus Wirth	59	Spielzeug	Schweizer Informatiker
BIXENTELIZARAZU	Bixente Lizarazu	59	Spielzeug	französischer Fußballspieler
RAGNARLODBROK	Ragnar Lodbrok	59	Spielzeug	legendärer Wikinger
PAULGASCOIGNE	Paul Gascoigne	59	Spielzeug	englischer Fußballspieler
GEORGEMEREDITH	George Meredith	59	Spielzeug	englischer Schriftsteller und Lyriker
GODZILLA	Godzilla	59	Spielzeug	japanisches Filmmonster
THOMASBERNHARD	Thomas Bernhard	59	Spielzeug	österreichischer Schriftsteller
LUDWIGI	Ludwig I.	59	Spielzeug	König von Bayern (1825–1848)
TRIPLEH	Triple H	59	Spielzeug	US-amerikanischer Wrestler, Unternehmer und Manager
MARTINCHALFIE	Martin Chalfie	59	Spielzeug	US-amerikanischer Biochemier, Zellbiologe, Hochschullehrer und Nobelpreisträger
DAVEBRUBECK	Dave Brubeck	59	Spielzeug	US-amerikanischer Jazzpianist und Komponist
GINNIFERGOODWIN	Ginnifer Goodwin	59	Spielzeug	US-amerikanische Schauspielerin
WILLIAMLASSELL	William Lassell	59	Spielzeug	britischer Astronom
ALANMACDIARMID	Alan MacDiarmid	59	Spielzeug	neuseeländischer Chemiker
ROBERTPIRES	Robert Pires	59	Spielzeug	französischer Fußballspieler
METACRITIC	Metacritic	59	Spielzeug	Bewertungswebsite für Unterhaltungsmedien
ROBERTRODRIGUEZ	Robert Rodriguez	59	Spielzeug	US-amerikanischer Regisseur, Drehbuchautor und Filmproduzent
ANNIEGIRARDOT	Annie Girardot	59	Spielzeug	französische Schauspielerin (1931-2011)
PHILIPPENOIRET	Philippe Noiret	59	Spielzeug	französischer Schauspieler
JANESEYMOUR	Jane Seymour	59	Spielzeug	US-amerikanische Schauspielerin
CARLOSVELA	Carlos Vela	59	Spielzeug	mexikanischer Fußballspieler
VCTORJARA	Víctor Jara	59	Spielzeug	chilenischer Sänger, Musiker und Theaterregisseur
BRIANMULRONEY	Brian Mulroney	59	Spielzeug	18. Premierminister von Kanada (1984-1993)
KARLURBAN	Karl Urban	59	Spielzeug	neuseeländischer Schauspieler
ROBERTROBINSON	Robert Robinson	59	Spielzeug	britischer Chemiker und Nobelpreisträger für Chemie
DALEYBLIND	Daley Blind	59	Spielzeug	niederländischer Fußballspieler
ZACKSNYDER	Zack Snyder	59	Spielzeug	US-amerikanischer Filmregisseur und Drehbuchautor
KAETHEKOLLWITZ	Käthe Kollwitz	59	Spielzeug	deutsche Künstlerin (1867–1945)
HENRIKLARSSON	Henrik Larsson	59	Spielzeug	schwedischer Fußballspieler, Fußballtrainer und Unihockeyspieler
DREISPRUNG	Dreisprung	59	Spiel	Leichtathletikdisziplin
FINNAIR	Finnair	59	Fluggesellschaft	Finnische Fluggesellschaft
KOREANAIR	Korean Air	59	Fluggesellschaft	nationale Fluggesellschaft Südkoreas
AIRCHINA	Air China	59	Fluggesellschaft	staatliche Fluggesellschaft der VR China
WARNERMEDIA	WarnerMedia	59	Medienunternehmen	Medienunternehmen
ARGENTA	Argenta	59	Ort	italienische Gemeinde
VICHADA	Vichada	59	Ort	Verwaltungseinheit (Gebiet) in Kolumbien
APPLEMUSIC	Apple Music	58	Musikstreaming	Musikstreamingdienst von Apple
ALGOL	ALGOL	58	Programmiersprache	Familie von Programmiersprachen
SWIFT	Swift	58	Programmiersprache	Programmiersprache von Apple
GOSSIPGIRL	Gossip Girl	58	Fernsehserie	US-amerikanische Fernsehserie (2007–2012)
DIESIMS	Die Sims	58	Computerspiel|Spiel	Computerspiel aus dem Jahr 2000
LABUBU	Labubu	58	Marke	Plüschtier
SEATSA	Seat S.A.	58	Autohersteller	Automobilhersteller, Tochterunternehmen der Volkswagen AG
PLUTO	Pluto	58	Animierte Figur|Comicfigur	Disney-Figur
GELBFLOSSENTHUN	Gelbflossen-Thun	58	Lebensmittel	eine Thunfischart und ein bedeutender Speisefisch
WINDSURFEN	Windsurfen	58	Sportart	Wassersportart
GOSPELMUSIK	Gospelmusik	58	Musikgenre	Musikgenre
FOLKROCK	Folk-Rock	58	Musikgenre	Musikgenre
BORDERCOLLIE	Border Collie	58	Hunderasse	von der FCI anerkannte Rasse von Arbeits- und Hütehunden aus Schottland
KONZEPTKUNST	Konzeptkunst	58	Kunstrichtung	Bezeichnung für eine moderne Kunstrichtung
SCHAWUOT	Schawuot	58	Feiertag	jüdisches Wochenfest
VESAKH	Vesakh	58	Feiertag	Buddhistische Feste in Südostasien
MORTALKOMBAT	Mortal Kombat	58	Spielreihe	Computerspielserie
WINKELMESSER	Winkelmesser	58	Werkzeug	Goniometer zur Winkelmessung oder zum Eintragen eines Winkels
BLASEBALG	Blasebalg	58	Werkzeug	Gerät zur Erzeugung eines Luftstoßes oder Luftstroms
PICCOLOFLOETE	Piccoloflöte	58	Werkzeug|Musikinstrument	kleinere Bauform der Querflöte
VOLTASTAUSEE	Volta-Stausee	58	Werkzeug|Spielzeug	oberflächengrößtes künstliches Gewässer der Erde
JOHANNITERORDEN	Johanniterorden	58	Werkzeug|Kleidung	historische Ordensgemeinschaft (1099–1799)
EXTREMOPHILIE	Extremophilie	58	Spielzeug	Organismen die sich extremen Umweltbedingungen angepasst haben
PAUL	Paul	58	Spielzeug	Krake
CHUPACABRA	Chupacabra	58	Spielzeug	lateinamerikanisches Fabelwesen
JQUERY	jQuery	58	Spielzeug	freie JavaScript-Bibliothek
MERLIN	Merlin	58	Spielzeug	mythischer Zauberer
NODEJS	Node.js	58	Spielzeug	JavaScript-basiertes serverseitiges Framework
JAVANER	Javaner	58	Spielzeug	Javanische Ethnie
WILLIAMGALLAS	William Gallas	58	Spielzeug	französischer Fußballspieler
GIUSEPPEFARINA	Giuseppe Farina	58	Spielzeug	italienischer Automobilrennfahrer
RAMSESIII	Ramses III.	58	Spielzeug	2. altägyptischer Pharao der 20. Dynastie
HOLZAPFEL	Holzapfel	58	Spielzeug	Art der Gattung Äpfel (Malus)
WILHELMGRIMM	Wilhelm Grimm	58	Spielzeug	deutscher Sprach- und Literaturwissenschaftler, Märchen- und Sagensammler
LUDWIGIV	Ludwig IV.	58	Spielzeug	römisch-deutscher König und Kaiser
FERDINANDI	Ferdinand I.	58	Spielzeug	rumänischer König
HANSGEIGER	Hans Geiger	58	Spielzeug	deutscher Physiker
JOHNBELUSHI	John Belushi	58	Spielzeug	US-amerikanischer Sänger und Schauspieler (1949–1982)
CANDICEKING	Candice King	58	Spielzeug	US-amerikanische Schauspielerin
DSIGAWERTOW	Dsiga Wertow	58	Spielzeug	russischer Dokumentarfilm- und Avantgardefilmregisseur
MAXBROD	Max Brod	58	Spielzeug	deutschsprachiger Schriftsteller
VITTORIOGASSMAN	Vittorio Gassman	58	Spielzeug	italienischer Schauspieler (1922–2000)
JADRANKAKOSOR	Jadranka Kosor	58	Spielzeug	kroatische Politikerin und Journalistin
ZBIGNIEWBONIEK	Zbigniew Boniek	58	Spielzeug	polnischer Fußballspieler
DANIELBRUEHL	Daniel Brühl	58	Spielzeug	deutsch-spanischer Schauspieler
WILHELMHAUFF	Wilhelm Hauff	58	Spielzeug	deutscher Schriftsteller der Romantik
SERGEGNABRY	Serge Gnabry	58	Spielzeug	deutscher Fußballspieler
LUCASDIGNE	Lucas Digne	58	Spielzeug	französischer Fußballspieler
OLIVERHARDY	Oliver Hardy	58	Spielzeug	US-amerikanischer Komiker und Filmschauspieler (1892–1957)
PAULINHO	Paulinho	58	Spielzeug	brasilianischer Fußballspieler, geboren 1988
STERNCHEN	Sternchen	58	Spielzeug	Schriftzeichen
KONRADBLOCH	Konrad Bloch	58	Spielzeug	deutsch-amerikanischer Biochemiker und Nobelpreisträger (1912-2000)
ALBATTANI	al-Battani	58	Spielzeug	arabischer Astronom
KONSTANTINIV	Konstantin IV.	58	Spielzeug	Kaiser von Byzanz
ALOISHITLER	Alois Hitler	58	Spielzeug	Vater Adolf Hitlers
OTTOWEININGER	Otto Weininger	58	Spielzeug	österreichischer Philosoph
JOHNCARPENTER	John Carpenter	58	Spielzeug	US-amerikanischer Regisseur, Drehbuchautor, Produzent und Komponist
UNITY	Unity	58	Spielzeug	plattformübergreifende Spiel-Engine
THOMASSUEDHOF	Thomas Südhof	58	Spielzeug	deutsch-amerikanischer Biochemiker
ABDOULAYEWADE	Abdoulaye Wade	58	Spielzeug	senegalesischer Präsident (2000–2012)
WULFILA	Wulfila	58	Spielzeug	Bischof der Terwingen
ZSUZSAPOLGAR	Zsuzsa Polgár	58	Spielzeug	ungarisch-amerikanische Schachspielerin
REINHARDSELTEN	Reinhard Selten	58	Spielzeug	deutscher Mathematiker
RICHARDSORGE	Richard Sorge	58	Spielzeug	deutscher Journalist und Spion für die Sowjetunion in Japan
SEVERUS	Severus	58	Spielzeug	römischer Kaiser
JULESHOFFMANN	Jules Hoffmann	58	Spielzeug	luxemburgisch-französischer Biologe
IDRIS	Idris	58	Spielzeug	libyscher König (1951–1969)
JANOSBOLYAI	János Bolyai	58	Spielzeug	ungarischer Mathematiker
LADYGODIVA	Lady Godiva	58	Spielzeug	angelsächsische Adlige
SKRILLEX	Skrillex	58	Spielzeug	US-amerikanischer DJ und Musikproduzent
CARMENMIRANDA	Carmen Miranda	58	Spielzeug	brasilianische Sängerin (1909–1955)
CARRIELAM	Carrie Lam	58	Spielzeug	Politikerin aus Hongkong
FRANOISCOUPERIN	François Couperin	58	Spielzeug	französischer Organist und Komponist
CESARFRANCK	César Franck	58	Spielzeug	französischer Komponist und Organist deutsch-belgischer Abstammung
ARTHURHONEGGER	Arthur Honegger	58	Spielzeug	französisch-schweizerischer Komponist der Groupe des Six
JOHNLEGEND	John Legend	58	Spielzeug	US-amerikanischer R&B-Musiker und -Songwriter
SVENHEDIN	Sven Hedin	58	Spielzeug	schwedischer Geograph, Topograph, Entdeckungsreisender, Fotograf, Reiseschriftsteller und Illustrator
CESARMILSTEIN	César Milstein	58	Spielzeug	argentinischer Molekularbiologe
ROGERGARAUDY	Roger Garaudy	58	Spielzeug	französischer Politiker, Philosoph und Hochschullehrer
ISAOTAKAHATA	Isao Takahata	58	Spielzeug	japanischer Regisseur und Produzent
TIMBALAND	Timbaland	58	Spielzeug	US-amerikanischer Hip-Hop- und Contemporary-R&B-Musiker, Produzent und Rapper
ROXANE	Roxane	58	Spielzeug	erste Frau Alexanders des Großen
ALLENIVERSON	Allen Iverson	58	Spielzeug	US-amerikanischer Basketballspieler
CARINUS	Carinus	58	Spielzeug	römischer Kaiser
KANJIGOR	Kanō Jigorō	58	Spielzeug	Begründer der Kampfkunst Jūdō
ITV	ITV	58	Fernsehsender	britischer Fernsehsender
CAPCOM	Capcom	58	Videospielentwickler|Spieleentwickler	japanischer Publisher für Computerspiele
KONAMI	Konami	58	Videospielentwickler|Spieleentwickler	japanisches Unternehmen
CATTOLICA	Cattolica	58	Ort	italienische Gemeinde
GOOGLEADSENSE	Google AdSense	57	Software|Website	Onlinedienst des US-amerikanischen Unternehmens Alphabet Inc.
SIGNAL	Signal	57	App|Website|Messenger	datenschutzorientierte verschlüsselte Messaging-App
WIKITRAVEL	Wikitravel	57	Website	freier Reiseführer
CHICAGOTRIBUNE	Chicago Tribune	57	Website	amerikanische Tageszeitung
JSON	JSON	57	Dateiformat	textbasiertes Datenformat für einen vom Menschen lesbaren Datenaustausch
MONK	Monk	57	Fernsehserie	US-amerikanische Krimiserie (2002–2009)
ARROW	Arrow	57	Fernsehserie	US-amerikanische Fernsehserie (2012–2020)
SEINFELD	Seinfeld	57	Fernsehserie	US-amerikanische Fernsehserie (1989–1998)
THECROWN	The Crown	57	Fernsehserie	britische Fernsehserie (2016–2023)
SEXEDUCATION	Sex Education	57	Fernsehserie	britische Fernsehserie (2019–2023)
TRUEBEAUTY	True Beauty	57	Fernsehserie	südkoreanische Fernsehserie (2020–2021)
WINXCLUB	Winx Club	57	Animationsserie	Italienisch-amerikanische Zeichentrickserie
PAWPATROL	PAW Patrol	57	Animationsserie	kanadische computeranimierte Serie
UNDERTALE	Undertale	57	Computerspiel|Spiel	Computerspiel aus dem Jahr 2015
DONJUAN	Don Juan	57	Fiktiver Mensch	Archetypus des Frauenhelden
VAETERCHENFROST	Väterchen Frost	57	Fiktiver Mensch	Ursprünglich Russische Weihnachtsfigur
DAREDEVIL	Daredevil	57	Animierte Figur|Fernsehfigur	fiktiver Superheld
DOLMA	Dolma	57	Gericht/Lebensmittel	Spezialität der orientalischen Küche
CAESARSALAD	Caesar Salad	57	Nahrung	Römersalat mit Dressing, Croûtons und Parmesan
BUNGEESPRINGEN	Bungeespringen	57	Sportart	Extremsportart
NEWWAVE	New Wave	57	Musikgenre	Musikstil
MADRIGAL	Madrigal	57	Musikgenre	historisches Vokalstück aus Renaissance oder Barock
OUVERTUERE	Ouvertüre	57	Musikgenre	Instrumentalwerk, das als Eröffnungsstück dient
PSYCHEDELICROCK	Psychedelic Rock	57	Musikgenre	Genre der Rockmusik
SLACKWARE	Slackware	57	Betriebssystem	Linux-Distribution
BIOMECHANIK	Biomechanik	57	Fachgebiet	interdisziplinäre Wissenschaft, rund um den Bewegungsapparat
PERSONALWESEN	Personalwesen	57	Fachgebiet	Bereich der Betriebswirtschaft, der sich mit dem Produktionsfaktor Arbeit und Personal auseinandersetzt
COMPUTERGRAFIK	Computergrafik	57	Fachgebiet	Fachgebiet der Informatik, das sich mit der computergestützten Bilderzeugung und -bearbeitung befasst
BUSSE	Buße	57	Ereignis	Umkehr des Menschen zu Gott, von dem er sich durch die Sünde entfernt hat
RUDER	Ruder	57	Werkzeug|Spielzeug	Steuereinrichtung eines Schiffes oder eines Flugzeugs
UKELEI	Ukelei	57	Spielzeug	Art der Gattung Alburnus
SESAMOEL	Sesamöl	57	Spielzeug	aus Sesamsamen gewonnenes Öl
MILCHPULVER	Milchpulver	57	Spielzeug	Milchtrockenmasse, die hergestellt wird, indem der Milch das gesamte freie Wasser entzogen wird.
STEVEMANDANDA	Steve Mandanda	57	Spielzeug	französischer Fußballspieler
ICHIRSUZUKI	Ichirō Suzuki	57	Spielzeug	Japanischer professioneller Baseballspieler, MLB-Spieler (1973-)
ANTIOCHOSIV	Antiochos IV.	57	Spielzeug	König aus der Dynastie der Seleukiden
GERIHORNER	Geri Horner	57	Spielzeug	britische Popsängerin, Songwriterin, Autorin und Schauspielerin
FRITZWALTER	Fritz Walter	57	Spielzeug	deutscher Fußballspieler
THUBTENGYATSHO	Thubten Gyatsho	57	Spielzeug	13. Dalai Lama
KARENUHLENBECK	Karen Uhlenbeck	57	Spielzeug	US-amerikanische Mathematikerin
JZEFGOSAWSKI	Józef Gosławski	57	Spielzeug	polnischer Bildhauer
PTOLEMAIOSIII	Ptolemaios III.	57	Spielzeug	3. König von Ägypten während der Ptolemäerzeit
PTOLEMAIOSV	Ptolemaios V.	57	Spielzeug	5. König von Ägypten während der Ptolemäerzeit
OZUYASUJIR	Ozu Yasujirō	57	Spielzeug	japanischer Filmregisseur und Drehbuchautor
FREDZINNEMANN	Fred Zinnemann	57	Spielzeug	österreichisch-amerikanischer Filmregisseur (1907–1997)
ZHANGYIMOU	Zhang Yimou	57	Spielzeug	chinesischer Schauspieler, Filmregisseur, Drehbuchautor und Filmproduzent
SARAHFERGUSON	Sarah Ferguson	57	Spielzeug	ehemalige Schwägerin von König Charles III. (genannt Fergie)
PAULHINDEMITH	Paul Hindemith	57	Spielzeug	deutscher Komponist der Moderne
MAURICIOFUNES	Mauricio Funes	57	Spielzeug	salvadorianischer Journalist und Staatspräsident
ANDRONIKOSI	Andronikos I.	57	Spielzeug	Kaiser von Byzanz
WILHELMPIECK	Wilhelm Pieck	57	Spielzeug	deutscher kommunistischer Politiker, Präsident der DDR
WILMARUDOLPH	Wilma Rudolph	57	Spielzeug	US-amerikanische Leichtathletin (1940–1994)
TIBERIOSI	Tiberios I.	57	Spielzeug	oströmischer Kaiser von 578 bis 582
ROBERTWISE	Robert Wise	57	Spielzeug	US-amerikanischer Filmregisseur, Filmproduzent und Filmeditor
LUDWIGUHLAND	Ludwig Uhland	57	Spielzeug	deutscher Dichter, Literaturwissenschaftler und Landtagsabgeordneter
NURIAHIN	Nuri Şahin	57	Spielzeug	türkisch-deutscher Fußballspieler und -trainer
JOOGOULART	João Goulart	57	Spielzeug	brasilianischer Politiker, Präsident Brasiliens (1961–1964)
WILHELMFRICK	Wilhelm Frick	57	Spielzeug	deutscher Politiker (NSDAP), MdR, Kriegsverbrecher
IBNBADDSCHA	Ibn Baddscha	57	Spielzeug	Philosoph, Arzt, Astronom, Geometer, Musiker und Dichter von Al-Andalus im 12. Jahrhundert
EAZYE	Eazy-E	57	Spielzeug	amerikanischer Rapper
ANTEPAVELI	Ante Pavelić	57	Spielzeug	jugoslawischer Jurist, Politiker und Kriegsverbrecher
KONSTANTINIII	Konstantin III.	57	Spielzeug	Kaiser von Byzanz
JOHANNESII	Johannes II.	57	Spielzeug	Kaiser von Byzanz
THOMASKLESTIL	Thomas Klestil	57	Spielzeug	österreichischer Diplomat und Politiker
CLIFFRICHARD	Cliff Richard	57	Spielzeug	britischer Popsänger
JAMESGOSLING	James Gosling	57	Spielzeug	kanadischer Programmierer, Entwickler von NeWS und den Java-Applets (* 1955)
PETERLORRE	Peter Lorre	57	Spielzeug	österreichisch-US-amerikanischer Schauspieler (1904–1964)
ERICSCHMIDT	Eric Schmidt	57	Spielzeug	US-amerikanischer Informatiker und Manager (Novell, Google)
KARLMALDEN	Karl Malden	57	Spielzeug	US-amerikanischer Schauspieler (1912–2009)
WARISDIRIE	Waris Dirie	57	Spielzeug	somalisch-österreichische Schriftstellerin, Mannequin, Fotomodell und UN-Sonderbotschafterin
BESSIESMITH	Bessie Smith	57	Spielzeug	US-amerikanische Bluessängerin
DRIESMERTENS	Dries Mertens	57	Spielzeug	belgischer Fußballspieler
BRUCEBEUTLER	Bruce Beutler	57	Spielzeug	amerikanischer Immunologe und Genetiker
UNREALENGINE	Unreal Engine	57	Spielzeug	Computerspiel-Engine, entwickelt von Epic Games
INNA	Inna	57	Spielzeug	rumänische Sängerin
WILLEMDREES	Willem Drees	57	Spielzeug	niederländischer Politiker (PvdA, Ministerpräsident 1948–1958)
HORSTSEEHOFER	Horst Seehofer	57	Spielzeug	deutscher Politiker (CSU), Ministerpräsident a. D. von Bayern
JEROMEKARLE	Jerome Karle	57	Spielzeug	US-amerikanischer Physikochemiker und Kristallograph und Nobelpreisträger für Chemie
JAMESBELUSHI	James Belushi	57	Spielzeug	US-amerikanischer Schauspieler und Musiker
GORDONRAMSAY	Gordon Ramsay	57	Spielzeug	britischer Starkoch und Fernseh-Entertainer
HOSTILIAN	Hostilian	57	Spielzeug	römischer Kaiser
RODLAVER	Rod Laver	57	Spielzeug	australischer Tennisspieler
MARYSTEENBURGEN	Mary Steenburgen	57	Spielzeug	US-amerikanische Schauspielerin
LENAHORNE	Lena Horne	57	Spielzeug	US-amerikanische Sängerin und Schauspielerin (1917–2010)
JOSEFSTEFAN	Josef Stefan	57	Spielzeug	österreichischer Mathematiker und Physiker
DENISPAPIN	Denis Papin	57	Spielzeug	französischer Physiker, Mathematiker und Erfinder
DANIELAUTEUIL	Daniel Auteuil	57	Spielzeug	französischer Schauspieler
EMMANUELLEBEART	Emmanuelle Béart	57	Spielzeug	französische Schauspielerin
VIRNALISI	Virna Lisi	57	Spielzeug	italienische Schauspielerin (1936–2014)
JACQUESTATI	Jacques Tati	57	Spielzeug	französischer Schauspieler (Komiker) und Regisseur
JOHANNIII	Johann III.	57	Spielzeug	König von Schweden (1568−1592)
JERRYRAWLINGS	Jerry Rawlings	57	Spielzeug	ghanaischer Politiker, Präsident von Ghana
RAYMONDKOPA	Raymond Kopa	57	Spielzeug	französischer Fußballspieler
SIMONMIGNOLET	Simon Mignolet	57	Spielzeug	belgischer Fußballtorhüter
BRUNOSCHULZ	Bruno Schulz	57	Spielzeug	jüdischer Schriftsteller, Literaturkritiker, Graphiker und Zeichner
LEWONARONJAN	Lewon Aronjan	57	Spielzeug	armenischer Schachspieler
ERICKANDEL	Eric Kandel	57	Spielzeug	US-amerikanischer Neurowissenschaftler, Nobelpreisträger
FRIEDRICHV	Friedrich V.	57	Spielzeug	König von Dänemark und Norwegen
ASHLEYGREENE	Ashley Greene	57	Spielzeug	US-amerikanische Schauspielerin
EPAMINONDAS	Epaminondas	57	Spielzeug	griechischer Staatsmann und Feldherr
SHORTTRACK	Shorttrack	57	Spiel	Disziplin des Eisschnelllaufs
GEHEN	Gehen	57	Spiel	olympische, leichtathletische Disziplin
LIDL	Lidl	57	Supermarktkette	deutsches multinationales Einzelhandelsunternehmen
CATHAYPACIFIC	Cathay Pacific	57	Fluggesellschaft	Fluggesellschaft aus Hongkong
ACTIVISION	Activision	57	Videospielentwickler|Spieleentwickler	US-amerikanischer Publisher für Computerspiele
JTBC	JTBC	56	Website|Plattenlabel|Fernsehsender	südkoreanischer Fernsehsender
VIMEO	Vimeo	56	Website|Videostreaming|Videoportal|Online-Community	US-amerikanisches Videoportal
IMAX	IMAX	56	Dateiformat|Produkt	Kino-System
SUITS	Suits	56	Fernsehserie	US-amerikanische Anwaltsserie (2011–2019)
WESTWORLD	Westworld	56	Fernsehserie	US-amerikanische Science-Fiction-Western-Fernsehserie (2016–2022)
POWERPUFFGIRLS	Powerpuff Girls	56	Animationsserie	US-amerikanische Zeichentrickserie (1998–2005)
DOOM	Doom	56	Computerspiel|Spiel	First-Person-Shooter-Computerspiel aus dem Jahr 1993
SINDBAD	Sindbad	56	Fiktiver Mensch	fiktive Figur
CATWOMAN	Catwoman	56	Fiktiver Mensch|Animierte Figur|Fernsehfigur|Comicfigur	fiktive Figur
SCHEHERAZADE	Scheherazade	56	Fiktiver Mensch	Hauptfigur aus Tausendundeiner Nacht
LISASIMPSON	Lisa Simpson	56	Fiktiver Mensch|Animierte Figur|Fernsehfigur	Comicfigur aus der Fernsehserie Die Simpsons
DAISYDUCK	Daisy Duck	56	Animierte Figur|Fernsehfigur|Comicfigur	
DEADPOOL	Deadpool	56	Animierte Figur	Comicfigur
BEERE	Beere	56	Nahrung	Typ von Obst
RALLYE	Rallye	56	Sportart	Wettbewerb im Motorsport
BOWLING	Bowling	56	Sportart	Art des Kegelsports
SANREMOFESTIVAL	Sanremo-Festival	56	Fernsehsendung	italienischer Musikwettbewerb
BLUESROCK	Bluesrock	56	Musikgenre	Musik-Genre
FADO	Fado	56	Musikgenre	portugiesischer Musikstil
CHOWCHOW	Chow-Chow	56	Hunderasse	chinesische Hunderasse
KNOPPIX	Knoppix	56	Betriebssystem	Linux-Distribution
LOGOPAEDIE	Logopädie	56	Fachgebiet	Fachdisziplin und Heilberuf für Diagnose und Therapie von Sprach-, Sprech-, Stimm-, Schluck- und Hörstörungen
MARIAEGEBURT	Mariä Geburt	56	Feiertag	Kirchenfest
ATOMKRIEGSUHR	Atomkriegsuhr	56	Werkzeug	symbolische Uhr
ITER	ITER	56	Werkzeug	experimenteller Fusionsreaktor
SAGO	Sago	56	Spielzeug	granulierte Stärke, Verdickungsmittel
DECK	Deck	56	Spielzeug	Teil eines Schiffes
ANTIPROTON	Antiproton	56	Spielzeug	Antiteilchen des Protons
XFCE	Xfce	56	Spielzeug	freie Desktop-Umgebung
CHROMOSPHAERE	Chromosphäre	56	Spielzeug	Schicht der Sonne zwischen Photosphäre und Korona
MITHRAS	Mithras	56	Spielzeug	römische Gottheit
LINDALOVELACE	Linda Lovelace	56	Spielzeug	US-amerikanische Pornodarstellerin der 1970er Jahre
LOUISBLERIOT	Louis Blériot	56	Spielzeug	französischer Luftfahrtpionier
RACHELMADDOW	Rachel Maddow	56	Spielzeug	US-amerikanische Radio- und Fernsehmoderatorin und -kommentatorin
GIUSEPPESARAGAT	Giuseppe Saragat	56	Spielzeug	italienischer Politiker
MANUELQUEZON	Manuel Quezon	56	Spielzeug	philippinischer Politiker (* 19. August 1878; † 1. August 1944)
EGONKRENZ	Egon Krenz	56	Spielzeug	deutscher Politiker (SED), Staatsoberhaupt der ehemaligen DDR
TOLUIKHAN	Tolui Khan	56	Spielzeug	Sohn von Dschingis Khan
MOENGKEKHAN	Möngke Khan	56	Spielzeug	mongolischer Herrscher, Enkel von Dschingis Khan
MIKEOLDFIELD	Mike Oldfield	56	Spielzeug	britischer Multiinstrumentalist, Komponist und Texter
ALLYSONFELIX	Allyson Felix	56	Spielzeug	US-amerikanische Sprinterin
GEORGESDUHAMEL	Georges Duhamel	56	Spielzeug	französischer Schriftsteller
ARTGARFUNKEL	Art Garfunkel	56	Spielzeug	US-amerikanischer Sänger und Schauspieler
WILHELMCANARIS	Wilhelm Canaris	56	Spielzeug	deutscher Admiral
STEFANGEORGE	Stefan George	56	Spielzeug	deutscher Lyriker des Symbolismus und reinen Ästhetizismus (1868–1933)
KENLOACH	Ken Loach	56	Spielzeug	britischer Filmregisseur und Drehbuchautor
MARCANTHONY	Marc Anthony	56	Spielzeug	US-amerikanischer Liedermacher und Schauspieler
PETETOWNSHEND	Pete Townshend	56	Spielzeug	britischer Musiker
AMANCIOORTEGA	Amancio Ortega	56	Spielzeug	spanischer Textilunternehmer
CARLRITTER	Carl Ritter	56	Spielzeug	deutscher Hochschullehrer, Begründer der wissenschaftlichen Geographie (1779-1859)
UKASZFABIASKI	Łukasz Fabiański	56	Spielzeug	polnischer Fußballspieler
VICTORPONTA	Victor Ponta	56	Spielzeug	rumänischer Politiker
BLAKEEDWARDS	Blake Edwards	56	Spielzeug	US-amerikanischer Filmregisseur und -produzent, Schauspieler und Drehbuchautor (1922–2010)
OTTOSANDER	Otto Sander	56	Spielzeug	deutscher Schauspieler, Synchron- und Hörspielsprecher (1941–2013)
ELIUDKIPCHOGE	Eliud Kipchoge	56	Spielzeug	kenianischer Langstreckenläufer
FRANKAPOTENTE	Franka Potente	56	Spielzeug	deutsche Schauspielerin
ANDONISSAMARAS	Andonis Samaras	56	Spielzeug	griechischer Politiker
TANGTAIZONG	Tang Taizong	56	Spielzeug	Herrscher Chinas
YONGLE	Yongle	56	Spielzeug	chinesischer Kaiser der Ming-Dynastie, Erbauer der verbotenen Stadt
MAXWOLF	Max Wolf	56	Spielzeug	deutscher Astronom (1863–1932)
ERWINNEHER	Erwin Neher	56	Spielzeug	deutscher Mediziner und Nobelpreisträger
OTTOLOEWI	Otto Loewi	56	Spielzeug	österreichisch-amerikanischer Pharmakologe
ALDSCHAZAR	al-Dschazarī	56	Spielzeug	mesopotamischer Autor, Erfinder und Kybernetiker des Mittelalters
JOHANNESVI	Johannes VI.	56	Spielzeug	Kaiser von Byzanz
JOHNBARRYMORE	John Barrymore	56	Spielzeug	US-amerikanischer Schauspieler (1882–1942)
FRANOISBAYROU	François Bayrou	56	Spielzeug	französischer Politiker
XVIDEOS	XVideos	56	Spielzeug|Suchmaschine|Große Plattform	Porno-Webseite
VALENTINIANII	Valentinian II.	56	Spielzeug	weströmischer Kaiser (375-392)
OSCARPETERSON	Oscar Peterson	56	Spielzeug	kanadischer Jazzpianist (1925–2007)
ANNASOPHIAROBB	AnnaSophia Robb	56	Spielzeug	US-amerikanische Schauspielerin
JULIUSAXELROD	Julius Axelrod	56	Spielzeug	US-amerikanischer Pharmakologe und Neurochemiker
THEODERICHI	Theoderich I.	56	Spielzeug	König der Westgoten
SONGMEILING	Song Meiling	56	Spielzeug	chinesische Ehefrau des Staatsführers der Republik China Chiang Kai-shek
ARNOLDBOECKLIN	Arnold Böcklin	56	Spielzeug	schweizer Maler, Zeichner, Graphiker und Bildhauer (1827–1901)
SAMUELPEPYS	Samuel Pepys	56	Spielzeug	englischer Marinesekretär und Chronist der Restaurationsepoche (1633–1703)
CAROLEBOUQUET	Carole Bouquet	56	Spielzeug	französische Schauspielerin
LIPENG	Li Peng	56	Spielzeug	ehemaliger Ministerpräsident der Volksrepublik China
SAWOMIRMROEK	Sławomir Mrożek	56	Spielzeug	polnischer Schriftsteller und Dramatiker (1930-2013)
LAURIEHOLDEN	Laurie Holden	56	Spielzeug	US-amerikanisch-kanadische Schauspielerin
SAMPECKINPAH	Sam Peckinpah	56	Spielzeug	US-amerikanischer Filmregisseur (1925–1984)
WILHELMIII	Wilhelm III.	56	Spielzeug	König der Niederlande und Großherzog von Luxemburg (1849–1890), Herzog von Limburg
JASPERCILLESSEN	Jasper Cillessen	56	Spielzeug	niederländischer Fußballspieler
WALTHERRATHENAU	Walther Rathenau	56	Spielzeug	deutscher Industrieller und Politiker, Aussenminister des Deutschen Reiches
CHRISPAUL	Chris Paul	56	Spielzeug	US-amerikanischer Basketballspieler
HOWARDHAWKS	Howard Hawks	56	Spielzeug	US-amerikanischer Regisseur, Drehbuchautor und Filmproduzent (1896–1977)
KARLXIII	Karl XIII.	56	Spielzeug	König von Schweden (1809–1818) und König von Norwegen (1814–1818)
ARKADIUSZMILIK	Arkadiusz Milik	56	Spielzeug	polnischer Fußballspieler
KATIELEDECKY	Katie Ledecky	56	Spielzeug	US-amerikanische Schwimmerin
ZACHBRAFF	Zach Braff	56	Spielzeug	US-amerikanischer Schauspieler und Regisseur
ZACHARYQUINTO	Zachary Quinto	56	Spielzeug	US-amerikanischer Schauspieler und Filmproduzent
MISSYELLIOTT	Missy Elliott	56	Spielzeug	US-amerikanische Rapperin und Sängerin
LUIGIBOCCHERINI	Luigi Boccherini	56	Spielzeug	italienischer Komponist und Cellist
JAMESHUNT	James Hunt	56	Spielzeug	britischer Automobilrennfahrer (1947–1993)
VAJIRAVUDH	Vajiravudh	56	Spielzeug	König von Siam (1910–1925)
NICKCLEGG	Nick Clegg	56	Spielzeug	britischer Politiker, MdEP
GAELICFOOTBALL	Gaelic Football	56	Spiel	Mannschaftssportart mit Elementen von Fußball und Rugby
GEOCACHING	Geocaching	56	Spiel	elektronische Schatzsuche oder Schnitzeljagd
EMI	EMI	56	Plattenlabel	britisches Musiklabel
ALDI	Aldi	56	Supermarktkette	deutsches multinationales Einzelhandelsunternehmen
TESCO	Tesco	56	Supermarktkette	britische Supermarktkette
ALITALIA	Alitalia	56	Fluggesellschaft	ehemalige italienische Fluggesellschaft
INNICHEN	Innichen	56	Ort	Gemeinde in Südtirol, Italien
VARIETY	Variety	55	Website	US-amerikanisches Entertainmentmagazin
ACTIONSCRIPT	ActionScript	55	Programmiersprache	Programmiersprache
MUHTEEMYUEZYIL	Muhteşem Yüzyıl	55	Fernsehserie	türkische Historik-Fernsehserie (2011–2014)
GILMOREGIRLS	Gilmore Girls	55	Fernsehserie	US-amerikanische Fernsehserie (2000–2007)
GOBLIN	Goblin	55	Fernsehserie	südkoreanische Fernsehserie (2016–2017)
THEMANDALORIAN	The Mandalorian	55	Fernsehserie	Star-Wars-Realserie von Jon Favreau
HANSOLO	Han Solo	55	Fiktiver Mensch|Fernsehfigur|Comicfigur	Figur aus Star Wars
DAFFYDUCK	Daffy Duck	55	Animierte Figur	Zeichentrickfigur
DAGOBERTDUCK	Dagobert Duck	55	Animierte Figur|Fernsehfigur|Comicfigur	Disneyfigur, Onkel von Donald Duck
KINGKONG	King Kong	55	Animierte Figur|Spielzeug	fiktive Figur
MOTORSPORT	Motorsport	55	Sportart	Sportarten mit motorgetriebenen Fahrzeugen
GOTHICMETAL	Gothic Metal	55	Musikgenre	Musikstil
DOOMMETAL	Doom Metal	55	Musikgenre	Musikrichtung, Spielart des Metal
FILMMUSIK	Filmmusik	55	Musikgenre	Musik zur Untermalung eines Films, Teil des Soundtracks
BEBOP	Bebop	55	Musikgenre	Jazz-Stil
MAZURKA	Mazurka	55	Musikgenre	Tanz aus Polen
BERNHARDINER	Bernhardiner	55	Hunderasse	Hunderasse
COWBOYBEBOP	Cowboy Bebop	55	Anime-Serie	Animeserie aus dem Jahr 1998
CHANDRA	Chandra	55	Werkzeug	Weltraumteleskop
TELOMER	Telomer	55	Spielzeug	Zellbestandteil, Endabschnitt von Chromosomen
ZWERGMAUS	Zwergmaus	55	Spielzeug	Art der Gattung Micromys
GOOGLENEWS	Google News	55	Spielzeug|Suchmaschine	Internet-Nachrichtenseite
SCHMAJISRAEL	Schma Jisrael	55	Spielzeug	jüdisches Glaubensbekenntnis
MATSYA	Matsya	55	Spielzeug	mythischer Fisch im Hinduismus
GEORGESBRASSENS	Georges Brassens	55	Spielzeug	französischer Dichter und Sänger (1921–1981)
BILLMAHER	Bill Maher	55	Spielzeug	US-amerikanischer Komiker, Schauspieler, Schriftsteller, Fernsehproduzent, Fernsehmoderator
CHETBAKER	Chet Baker	55	Spielzeug	US-amerikanischer Jazzmusiker
GIOVANNIGRONCHI	Giovanni Gronchi	55	Spielzeug	3. Präsident der Republik Italien (1955−1962)
RAMSESI	Ramses I.	55	Spielzeug	1. altägyptischer Pharao der 19. Dynastie
ALFREDJARRY	Alfred Jarry	55	Spielzeug	französischer Schriftsteller
ARTURMAS	Artur Mas	55	Spielzeug	spanischer Politiker
ASANT	Asant	55	Spielzeug	Art der Gattung Steckenkräuter (Ferula), Teufelsdreck, Gewürz und Sedativum
LUIGICHERUBINI	Luigi Cherubini	55	Spielzeug	italienischer Komponist
ELISEERECLUS	Élisée Reclus	55	Spielzeug	französischer Geograph und Anarchist
MONCEFMARZOUKI	Moncef Marzouki	55	Spielzeug	tunesischer Politiker
IAGOASPAS	Iago Aspas	55	Spielzeug	spanischer Fußballspieler
CLEMENSBRENTANO	Clemens Brentano	55	Spielzeug	deutscher Schriftsteller
IANKHAMA	Ian Khama	55	Spielzeug	botswanischer Generalleutnant, Politiker und Präsident
JAKAYAKIKWETE	Jakaya Kikwete	55	Spielzeug	4. Staatspräsident von Tansania
JYRKIKATAINEN	Jyrki Katainen	55	Spielzeug	finnischer Politiker
KEVINMITNICK	Kevin Mitnick	55	Spielzeug	US-amerikanischer Hacker und Experte im Bereich Social Engineering (1963–2023)
KONSTANTINIX	Konstantin IX.	55	Spielzeug	Kaiser von Byzanz
BOLESAWBIERUT	Bolesław Bierut	55	Spielzeug	polnischer kommunistischer Politiker und Diktator (1948–1956)
GAIUSMAECENAS	Gaius Maecenas	55	Spielzeug	Vertrauter und politischer Berater des römischen Kaisers Augustus
WILHELMDILTHEY	Wilhelm Dilthey	55	Spielzeug	deutscher Philosoph, Pädagoge, Psychologe, Kulturhistoriker
SINAIDAHIPPIUS	Sinaida Hippius	55	Spielzeug	russische Schriftstellerin
VICTORFLEMING	Victor Fleming	55	Spielzeug	US-amerikanischer Filmregisseur (1889–1949)
GERHARDHERZBERG	Gerhard Herzberg	55	Spielzeug	deutsch-kanadischer Chemiker, Physiker und Nobelpreisträger (1904–1999)
MELANIEKLEIN	Melanie Klein	55	Spielzeug	österreichisch-britische Psychoanalytikerin
NIGELMANSELL	Nigel Mansell	55	Spielzeug	britischer Automobilrennfahrer
ULRICHBECK	Ulrich Beck	55	Spielzeug	deutscher Soziologe
DANNYROSE	Danny Rose	55	Spielzeug	englischer Fußballspieler (1990-)
IVANILLICH	Ivan Illich	55	Spielzeug	österreichischer-amerikanischer Pädagoge, Philosoph, Theologe
VERONICALAKE	Veronica Lake	55	Spielzeug	US-amerikanische Schauspielerin (1922–1973)
SANDORMARAI	Sándor Márai	55	Spielzeug	ungarischer Schriftsteller
MICHAELIII	Michael III.	55	Spielzeug	Kaiser von Byzanz
WERNERFORSSMANN	Werner Forßmann	55	Spielzeug	deutscher Urologe und Chirurg, Nobelpreisträger
JOHANNBAYER	Johann Bayer	55	Spielzeug	deutscher Astronom
ANDRONIKOSII	Andronikos II.	55	Spielzeug	Kaiser von Byzanz
JOHANNESV	Johannes V.	55	Spielzeug	Kaiser von Byzanz
ALEXIOSIV	Alexios IV.	55	Spielzeug	Kaiser von Byzanz
HERMANNOBERTH	Hermann Oberth	55	Spielzeug	deutscher Physiker und Raumfahrtpionier
FERENCKRAUSZ	Ferenc Krausz	55	Spielzeug	ungarisch-österreichischer Laserphysiker und Hochschullehrer (* 1962)
FRIEDRICHVII	Friedrich VII.	55	Spielzeug	König von Dänemark (1848–1863)
REYMYSTERIO	Rey Mysterio	55	Spielzeug	US-amerikanischer Wrestler
RANDYORTON	Randy Orton	55	Spielzeug	US-amerikanischer Wrestler der dritten Generation
JOSEPHKONY	Joseph Kony	55	Spielzeug	ugandischer Führer der Rebellengruppe LRA
COUNTBASIE	Count Basie	55	Spielzeug	US-amerikanischer Jazz-Pianist, Organist und Bandleader
BRUNOKREISKY	Bruno Kreisky	55	Spielzeug	österreichischer Politiker (SPÖ) und Jurist, Bundeskanzler der Republik Österreich (1970-1983)
THOMASSARGENT	Thomas Sargent	55	Spielzeug	US-amerikanischer Ökonom (geb. 1943)
GIUSEPPETARTINI	Giuseppe Tartini	55	Spielzeug	italienischer Violinvirtuose und Komponist
PELAYO	Pelayo	55	Spielzeug	Gründer des asturischen Reichs
NUMERIAN	Numerian	55	Spielzeug	römischer Staatsmann und Dichter
PRAXITELES	Praxiteles	55	Spielzeug	altgriechischer Bildhauer
GUIDORENI	Guido Reni	55	Spielzeug	italienischer Maler und Radierer (1575–1642)
CLAUDIOPIZARRO	Claudio Pizarro	55	Spielzeug	peruanischer Fußballspieler
HOWARDZINN	Howard Zinn	55	Spielzeug	US-amerikanischer Historiker und Politikwissenschaftler
BEPPEGRILLO	Beppe Grillo	55	Spielzeug	italienischer Komiker, Schauspieler und Politiker
JULENLOPETEGUI	Julen Lopetegui	55	Spielzeug	spanischer Fußballtorhüter und -trainer
FRITZZWICKY	Fritz Zwicky	55	Spielzeug	Schweizer Physiker und Astronom
DAVIDCOVERDALE	David Coverdale	55	Spielzeug	britischer Hardrock-Sänger
JACQUESNECKER	Jacques Necker	55	Spielzeug	Genfer Bankier und Finanzminister unter Ludwig XVI.
WILLIAMHAZLITT	William Hazlitt	55	Spielzeug	englischer Essayist und Schriftsteller
IDALUPINO	Ida Lupino	55	Spielzeug	britische Schauspielerin
EVERBANEGA	Éver Banega	55	Spielzeug	argentinischer Fußballspieler
GERHARDRICHTER	Gerhard Richter	55	Spielzeug	deutscher Maler, Bildhauer und Fotograf (geb. 1932)
ISKANDERMIRZA	Iskander Mirza	55	Spielzeug	letzte Generalgouverneur des Dominions Pakistan und erster Präsident der Islamischen Republik Pakistan
UDOJUERGENS	Udo Jürgens	55	Spielzeug	österreichischer Komponist, Pianist und Sänger (1934–2014)
TONIBRAXTON	Toni Braxton	55	Spielzeug	US-amerikanische Soul- und R&B-Sängerin
KATIEMELUA	Katie Melua	55	Spielzeug	georgisch-britische Sängerin und Musikerin
WALLACESTEVENS	Wallace Stevens	55	Spielzeug	US-amerikanischer Lyriker und Essayist
CHARLESTAYLOR	Charles Taylor	55	Spielzeug	liberianischer Politiker, 22. Präsident von Liberia (1997–2003)
AUGUSTIII	August III.	55	Spielzeug	König von Polen und Kurfürst von Sachsen (1696–1763)
ANDREDERAIN	André Derain	55	Spielzeug	französischer Maler (1880–1954)
NADIABOULANGER	Nadia Boulanger	55	Spielzeug	französische Musikpädagogin, Komponistin und Dirigentin
EDWARDTYLOR	Edward Tylor	55	Spielzeug	britischer Anthropologe
HARDIKNUT	Hardiknut	55	Spielzeug	König von England und König von Dänemark
MOTEL	Motel	55	Spiel	Unterkunft für Autoreisende
PAINTBALL	Paintball	55	Spiel	Sport, in dem Farbe auf das gegnerische Team geschossen wird
NEWSWEEK	Newsweek	55	Online-Enzyklopädie	wöchentliches US-amerikanisches Nachrichtenmagazin
PANAM	Pan Am	55	Fluggesellschaft	ehemalige US-amerikanische Fluggesellschaft
SCHEME	Scheme	54	Programmiersprache	Programmiersprache
TEX	TeX	54	Programmiersprache|Dateiformat|Spielzeug	Textsatzsystem mit eingebauter Makrosprache
DOWNTONABBEY	Downton Abbey	54	Fernsehserie	britische Fernsehserie von Julian Fellowes (2010–2015)
CASTLE	Castle	54	Fernsehserie	US-amerikanische Krimiserie (2009–2016)
VIKINGS	Vikings	54	Fernsehserie	kanadisch-irische Fernsehserie (2013–2020)
THEFLASH	The Flash	54	Fernsehserie	US-amerikanische Fernsehserie (2014–2023)
MAFIA	Mafia	54	Computerspiel|Spiel	Computerspiel
BIOSHOCK	BioShock	54	Computerspiel|Spiel	Computerspiel aus dem Jahr 2007
SECONDLIFE	Second Life	54	Computerspiel|Spiel	virtuelle Onlinewelt
VESPA	Vespa	54	Marke	italienischer Motorroller
DODGE	Dodge	54	Autohersteller	US-amerikanische Automarke
VWGOLF	VW Golf	54	Automodell	Pkw-Modellreihe von Volkswagen
ARAGORN	Aragorn	54	Fiktiver Mensch	fiktive Figur aus Tolkiens Welt
NICOLASBOURBAKI	Nicolas Bourbaki	54	Fiktiver Mensch	kollektives Pseudonym einer Gruppe vorwiegend französischer Mathematiker
OSTERHASE	Osterhase	54	Comicfigur	Hase im Brauchtum
CHATURANGA	Chaturanga	54	Brettspiel|Spiel	altes indisches Spiel und möglicherweise Ursprung von Schach, Shogi, Makruk oder Xiangqi
MOTORRADSPORT	Motorradsport	54	Sportart	Motorsportart
KLETTERN	Klettern	54	Sportart	Fortbewegung mit Armen und Beinen, Sportart
DIGIMON	Digimon	54	Franchise	Anime- und Videospielfranchise
AMBIENT	Ambient	54	Musikgenre	Musikgenre
REGGAETON	Reggaeton	54	Musikgenre	Musikgenre
INDUSTRIALMETAL	Industrial Metal	54	Musikgenre	Stilrichtung der Rockmusik/des Metal
BEATBOXEN	Beatboxen	54	Musikgenre	orale Rhythmustechnik
SYMPHONICMETAL	Symphonic Metal	54	Musikgenre	Musik-Genre
GLAMROCK	Glam Rock	54	Musikgenre	Musikgenre
BEOS	BeOS	54	Betriebssystem	Betriebssystem des Unternehmens Be Incorporated
PHARMAKOKINETIK	Pharmakokinetik	54	Fachgebiet	Fachgebiet der Pharmazie, Beschreibung der Prozesse, denen ein Arzneistoff im Körper unterliegt
ASTROCHEMIE	Astrochemie	54	Fachgebiet	Untersuchung von Molekülen im Universum, deren Verhalten und Vielfalt
SAITE	Saite	54	Produkt	Bestandteil von Saiteninstrumenten
ESSGESCHIRR	Essgeschirr	54	Werkzeug	Zusammenstellung von Gegenständen, die dem Servieren von Speisen dienen
REAGENZGLAS	Reagenzglas	54	Werkzeug	Laborglasgeräte, die aus einem fingerförmigen, oben offenen und unten geschlossenen Glas- oder Kunststoffrohr bestehen
LIGO	LIGO	54	Werkzeug	Gravitationswellen-Observatorium mit zwei Standorten in den USA
COPLEYMEDAL	Copley Medal	54	Werkzeug|Kleidung|Spielzeug	Auszeichnung für Wissenschaftler
CARLSBERG	Carlsberg	54	Werkzeug	dänischer Brauereikonzern
EXCALIBUR	Excalibur	54	Werkzeug	mythisches Schwert in der Artussage
AUTOSOM	Autosom	54	Spielzeug	Gesamtheit der Chromosomen, die nicht zu den Geschlechtschromosomen gehören
VESIKEL	Vesikel	54	Spielzeug	Zellorganell, Transportbläschen
CYTOSOL	Cytosol	54	Spielzeug	flüssige Zellbestandteile des Cytoplasmas
ACKERSCHMALWAND	Acker-Schmalwand	54	Spielzeug	Art der Gattung Schaumkressen (Arabidopsis)
BIRKENFEIGE	Birkenfeige	54	Spielzeug	Art der Gattung Feigen (Ficus)
LYKURG	Lykurg	54	Spielzeug	Gesetzgeber von Sparta
DROHNE	Drohne	54	Spielzeug	männliche Honigbiene
GEFANGENER	Gefangener	54	Spielzeug	Person in Gefangenschaft
PHILIPPEMEXES	Philippe Mexès	54	Spielzeug	französischer Fußballspieler
DJIBRILCISSE	Djibril Cissé	54	Spielzeug	französischer Fußballspieler
JIMCLARK	Jim Clark	54	Spielzeug	britischer Formel-1-Rennfahrer
MANNAESCHE	Manna-Esche	54	Spielzeug	Art der Gattung Eschen (Fraxinus)
ERICHHARTMANN	Erich Hartmann	54	Spielzeug	deutscher Luftwaffenoffizier und Jagdflieger
MORITZSCHLICK	Moritz Schlick	54	Spielzeug	deutscher Physiker und Philosoph
PTOLEMAIOSIV	Ptolemaios IV.	54	Spielzeug	4. König von Ägypten während der Ptolemäerzeit
LOUISMALLE	Louis Malle	54	Spielzeug	französischer Filmregisseur und Drehbuchautor
PIERREBONNARD	Pierre Bonnard	54	Spielzeug	französischer Maler des Symbolismus
DRAKON	Drakon	54	Spielzeug	athenischer Gesetzesreformer
FRANKLLOYD	Frank Lloyd	54	Spielzeug	britisch US-amerikanischer Schauspieler, Regisseur und Produzent (1886-1960)
ANANDA	Ananda	54	Spielzeug	Vertrauter und Schüler des Buddha
KURTTUCHOLSKY	Kurt Tucholsky	54	Spielzeug	deutscher Journalist und Schriftsteller
TILSCHWEIGER	Til Schweiger	54	Spielzeug	deutscher Schauspieler und Synchronsprecher
FRANKWEDEKIND	Frank Wedekind	54	Spielzeug	deutscher Schriftsteller und Schauspieler
ANDRIUSKUBILIUS	Andrius Kubilius	54	Spielzeug	litauischer Politiker und Ministerpräsident
JONNYEVANS	Jonny Evans	54	Spielzeug	nordirischer Fußballspieler
TERAPATRICK	Tera Patrick	54	Spielzeug	US-amerikanisches Fotomodell und Pornodarstellerin
JERZYBUZEK	Jerzy Buzek	54	Spielzeug	polnischer Ingenieur, Politiker, akademischer Lehrer
ALMANSUR	al-Mansur	54	Spielzeug	zweiter Kalif der Abbasiden, 714–775, reg. 754–775
MARCELOBIELSA	Marcelo Bielsa	54	Spielzeug	argentinischer Fußballspieler und -trainer
ROBERTLEY	Robert Ley	54	Spielzeug	deutscher Politiker (NSDAP), MdR, Leiter der Deutschen Arbeitsfront (1890–1945)
GYLFISIGURSSON	Gylfi Sigurðsson	54	Spielzeug	isländischer Fußballspieler
BARBARATUCHMAN	Barbara Tuchman	54	Spielzeug	US-amerikanische Reporterin und Autorin
WALTERMODEL	Walter Model	54	Spielzeug	deutscher Generalfeldmarschall
BUSTARHYMES	Busta Rhymes	54	Spielzeug	US-amerikanischer Rapper
GLORIAGRAHAME	Gloria Grahame	54	Spielzeug	US-amerikanische Schauspielerin
ADAMLALLANA	Adam Lallana	54	Spielzeug	englischer Fußballspieler
MOUSSASISSOKO	Moussa Sissoko	54	Spielzeug	französischer Fußballspieler
SAMUELGOLDWYN	Samuel Goldwyn	54	Spielzeug	US-amerikanischer Filmproduzent (1882–1974)
BILLYIDOL	Billy Idol	54	Spielzeug	britischer Rockmusiker (geboren 1955)
REGIOMONTANUS	Regiomontanus	54	Spielzeug	deutscher Mathematiker, Astronom und Verleger des Spätmittelalters (1436–1476)
NETO	Neto	54	Spielzeug	brasilianischer Fußballtorhüter
ROBERTHUBER	Robert Huber	54	Spielzeug	deutscher Chemiker und Nobelpreisträger
NICKHEIDFELD	Nick Heidfeld	54	Spielzeug	deutscher Automobilrennfahrer
RALFSCHUMACHER	Ralf Schumacher	54	Spielzeug	deutscher Automobilrennfahrer
PETERBEHRENS	Peter Behrens	54	Spielzeug	deutscher Maler, Architekt und Designer
FRIEDRICHRATZEL	Friedrich Ratzel	54	Spielzeug	deutscher Zoologe und Geograph
EMILKRAEPELIN	Emil Kraepelin	54	Spielzeug	deutscher Psychiater
DIETERBOHLEN	Dieter Bohlen	54	Spielzeug	deutscher Musikproduzent, Musiker und TV-Persönlichkeit
MICHIHIROYASUDA	Michihiro Yasuda	54	Spielzeug	japanischer Fußballspieler
RUDOLFHOESS	Rudolf Höß	54	Spielzeug	deutscher SS-Offizier, Kommandant des Vernichtungslagers Auschwitz und Kriegsverbrecher
WLADIMIRKOEPPEN	Wladimir Köppen	54	Spielzeug	deutscher Meteorologe, Klimatologe, Geograph und Botaniker (1846-1940)
ASHLEIGHBARTY	Ashleigh Barty	54	Spielzeug	australische Tennisspielerin
HANSKELSEN	Hans Kelsen	54	Spielzeug	österreichisch-US-amerikanischer Rechtswissenschaftler
NIKEPHOROSII	Nikephoros II.	54	Spielzeug	Kaiser von Byzanz
TIBERIOSII	Tiberios II.	54	Spielzeug	Kaiser von Byzanz
LEOV	Leo V.	54	Spielzeug	Kaiser von Byzanz
MICHAELI	Michael I.	54	Spielzeug	Kaiser von Byzanz
GEORGWITTIG	Georg Wittig	54	Spielzeug	deutscher Chemiker, Nobelpreis für Chemie 1979
GEORGESENESCOU	Georges Enescou	54	Spielzeug	rumänischer Komponist, Violinist, Dirigent und Musiklehrer
PAULFEYERABEND	Paul Feyerabend	54	Spielzeug	österreichischer Philosoph und Wissenschaftstheoretiker
GUSTAVMEYRINK	Gustav Meyrink	54	Spielzeug	Schriftsteller
ALONZOCHURCH	Alonzo Church	54	Spielzeug	US-amerikanischer Mathematiker und Logiker (1903–1995)
ANDREWCUOMO	Andrew Cuomo	54	Spielzeug	US-amerikanischer Politiker, ehemaliger Gouverneur von New York
ANDRONIKOSIII	Andronikos III.	54	Spielzeug	Kaiser von Byzanz
HAMITALTINTOP	Hamit Altıntop	54	Spielzeug	türkischer Fußballspieler
SERVIUSTULLIUS	Servius Tullius	54	Spielzeug	sechster König von Rom
DICKADVOCAAT	Dick Advocaat	54	Spielzeug	niederländischer Fußballspieler und -trainer
SEPPMAIER	Sepp Maier	54	Spielzeug	deutscher Fußballtorhüter und -torwarttrainer (geb. 1944)
TREYPARKER	Trey Parker	54	Spielzeug	amerikanischer Schauspieler, Drehbuchautor, Produzent, Synchronsprecher, Regisseur und Komponist
VINCEMCMAHON	Vince McMahon	54	Spielzeug	ehemaliger US-amerikanischer Unternehmer, Kommentator und Wrestler
GANGNIHESSOU	Gangnihessou	54	Spielzeug	König von Dahomey
ROBERTENKE	Robert Enke	54	Spielzeug	deutscher Fußballtorhüter
VIZEKOENIG	Vizekönig	54	Spielzeug	Person, die den Monarchen vertritt
CHALIDMASCHAL	Chalid Maschal	54	Spielzeug	politischer Führer der palästinensischen Hamas-Bewegung
RAYMANZAREK	Ray Manzarek	54	Spielzeug	amerikanischer Musiker und Organist von The Doors
CLEMENTMAROT	Clément Marot	54	Spielzeug	französischer Dichter (1495-1544)
VIRGILGRISSOM	Virgil Grissom	54	Spielzeug	US-amerikanischer Astronaut (1926-1967)
STANFORDMOORE	Stanford Moore	54	Spielzeug	US-amerikanischer Biochemiker und Nobelpreisträger für Chemie
OFRAHAZA	Ofra Haza	54	Spielzeug	israelische Sängerin (1957-2000)
ROMULUS	Romulus	54	Spielzeug	mythischer Gründer der Stadt Rom
MATSWILANDER	Mats Wilander	54	Spielzeug	schwedischer Tennisspieler
HANSKUENG	Hans Küng	54	Spielzeug	Schweizer katholischer Theologe und Buchautor (1928-2021)
KARLXI	Karl XI.	54	Spielzeug	König von Schweden und Herzog von Pfalz-Zweibrücken
NICO	Nico	54	Spielzeug	deutsches Fotomodell, Schauspielerin und Sängerin
VICTORHORTA	Victor Horta	54	Spielzeug	belgischer Jugendstil-Architekt
PETERBROOK	Peter Brook	54	Spielzeug	britischer Theater- und Filmregisseur und Innovator
ERICROHMER	Éric Rohmer	54	Spielzeug	französischer Film- und Theaterregisseur, Essayist, Autor, Filmkritiker und -theoretiker (1920–2010)
JAMESHARDEN	James Harden	54	Spielzeug	US-amerikanischer Basketballspieler
BOBBEAMON	Bob Beamon	54	Spielzeug	amerikanischer Leichtathlet
FRIEDRICHVI	Friedrich VI.	54	Spielzeug	König von Dänemark und Norwegen
MAXJACOB	Max Jacob	54	Spielzeug	französischer Dichter, Maler und Schriftsteller (1876-1944)
SIRIKIT	Sirikit	54	Spielzeug	Königin von Thailand von 1950 bis 2016, danach Königinmutter (1932–2025)
JONATHANIVE	Jonathan Ive	54	Spielzeug	britischer Designer
ETHELMERMAN	Ethel Merman	54	Spielzeug	US-amerikanische Schauspielerin und Sängerin
MATTHIASGINTER	Matthias Ginter	54	Spielzeug	deutscher Fußballspieler
MATILDECAMUS	Matilde Camus	54	Spielzeug	spanische Dichterin und Schriftstellerin
GILBERTOSILVA	Gilberto Silva	54	Spielzeug	brasilianischer Fußballspieler
JOSEPHBARBERA	Joseph Barbera	54	Spielzeug	US-amerikanischer Zeichentrickfilmer und Produzent
QUORA	Quora	54	Online-Community	Online-Portal
COLUMBIARECORDS	Columbia Records	54	Plattenlabel	US-amerikanisches Musiklabel
PERWYKANAL	Perwy kanal	54	Fernsehsender	russischer Fernsehsender
REGIONAUCKLAND	Region Auckland	54	Ort	Verwaltungseinheit in Neuseeland
ICQ	ICQ	53	App|Soziales Netzwerk|Messenger|Online-Community	Instant-Messaging-Programm
AIRBNB	Airbnb	53	Website|Spielzeug|Suchmaschine	Online-Plattform zur Buchung und Vermietung von Unterkünften
PRIMEVIDEO	Prime Video	53	Videostreaming	Onlinevideothek- und Video-on-Demand-Angebot
AWK	AWK	53	Programmiersprache|Spielzeug	Programmiersprache
GNUOCTAVE	GNU Octave	53	Programmiersprache	Programmiersprache
LOKI	Loki	53	Fernsehserie	US-amerikanische Fernsehserie innerhalb des Marvel Cinematic Universe
AMERICANDAD	American Dad	53	Animationsserie	US-amerikanische Zeichentrickserie
TRAVIAN	Travian	53	Computerspiel|Spiel	Computerspiel
WORDLE	Wordle	53	Computerspiel|Spiel	Online-Buchstabenspiel
ISUZU	Isuzu	53	Marke|Autohersteller	japanischer Fahrzeughersteller
BUICK	Buick	53	Autohersteller	US-amerikanische Automarke
DACIA	Dacia	53	Autohersteller	Marke und rumänischer Automobilhersteller von Renault
LUIGI	Luigi	53	Fiktiver Mensch|Animierte Figur|Comicfigur	fiktiver Charakter aus der Super-Mario-Serie
PALPATINE	Palpatine	53	Fiktiver Mensch|Animierte Figur|Fernsehfigur|Comicfigur	fiktive Figur aus Star Wars
MAGGIESIMPSON	Maggie Simpson	53	Animierte Figur|Fernsehfigur	Comicfigur aus der Fernsehserie Die Simpsons
WEISSERTHUN	Weißer Thun	53	Nahrung	Art der Gattung Thunfische (Thunnus)
HURLING	Hurling	53	Sportart|Spiel	Sportart
KITESURFEN	Kitesurfen	53	Sportart	Sportart
TISCHFUSSBALL	Tischfußball	53	Sportart|Spiel	dem Fußball nachempfundenes Geschicklichkeitsspiel
PETANQUE	Pétanque	53	Sportart	Sportart des Boules
SERENADE	Serenade	53	Musikgenre	abendliches Freiluftkonzert oder -ständchen
GOTHICROCK	Gothic Rock	53	Musikgenre	Musik-Genre
SYNTHIEPOP	Synthiepop	53	Musikgenre	Stilrichtung innerhalb der elektronischen Tanzmusik
POWERMETAL	Power Metal	53	Musikgenre	Subgenre des Heavy Metal
GREYHOUND	Greyhound	53	Hunderasse	Hunderasse
TOSA	Tosa	53	Hunderasse	Hunderasse
MANDRIVALINUX	Mandriva Linux	53	Betriebssystem	Linux-Distribution
SATURNALIEN	Saturnalien	53	Feiertag	Festtag im antiken Rom
DETEKTIVCONAN	Detektiv Conan	53	Manga	Manga-Serie
SCHNUPFTABAK	Schnupftabak	53	Produkt	Tabak zum nasalen Schnupfen
BHARATRATNA	Bharat Ratna	53	Werkzeug|Kleidung|Spielzeug	höchster ziviler Verdienstorden in Indien
ROTBANNERORDEN	Rotbannerorden	53	Werkzeug|Kleidung|Spielzeug	militärische Auszeichnung der Sowjetunion (1918–1991)
PADMASHRI	Padma Shri	53	Werkzeug|Kleidung|Spielzeug	Auszeichnung des indischen Staats
EIWEISS	Eiweiß	53	Spielzeug	klare Flüssigkeit in einem Ei
GRUENKOHL	Grünkohl	53	Spielzeug	Varietät der Art Gemüsekohl (Brassica oleracea)
MIKROTUBULUS	Mikrotubulus	53	Spielzeug	gerichtete Proteinstruktur, Zellbestandteil
AIOLI	Aioli	53	Spielzeug	kalte Creme, die vor allem aus Knoblauch, Olivenöl und Salz besteht
LUCY	Lucy	53	Spielzeug	fossilisiertes Skelett einer weiblichen Australopithecus afarensis
MEROWECH	Merowech	53	Spielzeug	König der Salfranken (um 450/460)
MATHIEUVALBUENA	Mathieu Valbuena	53	Spielzeug	französischer Fußballspieler
GALCLICHY	Gaël Clichy	53	Spielzeug	französischer Fußballspieler
JEREMYTOULALAN	Jérémy Toulalan	53	Spielzeug	französischer Fußballspieler
MIKEHAWTHORN	Mike Hawthorn	53	Spielzeug	englischer Autorennfahrer, Le-Mans-Sieger und Formel-1-Weltmeister
GUEYUEKKHAN	Güyük Khan	53	Spielzeug	dritter Großkhan der Mongolen
MOFARAH	Mo Farah	53	Spielzeug	britischer Leichtathlet
KIMWILDE	Kim Wilde	53	Spielzeug	britische Popsängerin
GRAHAMHILL	Graham Hill	53	Spielzeug	britischer Automobilrennfahrer
ADOLFANDERSSEN	Adolf Anderssen	53	Spielzeug	deutscher Schachspieler
ROBERTMAYER	Robert Mayer	53	Spielzeug	deutscher Arzt und Physiker (1814-1878)
MATTHIASSAMMER	Matthias Sammer	53	Spielzeug	deutscher Fußballspieler, -trainer und -funktionär (geb. 1967)
OTTOJESPERSEN	Otto Jespersen	53	Spielzeug	dänischer Linguist (1860–1943)
RASCHI	Raschi	53	Spielzeug	Rabbiner und Talmud-Kommentator
PTOLEMAIOSXIII	Ptolemaios XIII.	53	Spielzeug	jüngerer Bruder und Gatte von Kleopatra VII.
KIERANGIBBS	Kieran Gibbs	53	Spielzeug	englischer Fußballspieler
ROMANOSIV	Romanos IV.	53	Spielzeug	Kaiser von Byzanz
FRANOISBOZIZE	François Bozizé	53	Spielzeug	zentralafrikanischer Politiker, Präsident der Zentralafrikanischen Republik
ZILLURRAHMAN	Zillur Rahman	53	Spielzeug	Präsident der Republik Bangladesch
RAMINDJAWADI	Ramin Djawadi	53	Spielzeug	deutsch-iranischer Komponist
SOPHUSLIE	Sophus Lie	53	Spielzeug	norwegischer Mathematiker (1842–1899)
TANKMAN	Tank Man	53	Spielzeug	Mann, der sich auf dem Tiananmen-Platz anrollenden Panzern entgegenstellte
KENENISABEKELE	Kenenisa Bekele	53	Spielzeug	äthiopischer Langstreckenläufer
WERNERSOMBART	Werner Sombart	53	Spielzeug	deutscher Volkswirt und Soziologe
PAULTILLICH	Paul Tillich	53	Spielzeug	deutscher protestantischer Theologe (Dogmatiker) und Religionsphilosoph
JOSEPHWIRTH	Joseph Wirth	53	Spielzeug	deutscher Reichskanzler (1921–1922)
THEOPHILOS	Theophilos	53	Spielzeug	Kaiser von Byzanz
ARNEFRIEDRICH	Arne Friedrich	53	Spielzeug	deutscher Fußballspieler
BABRAKKARMAL	Babrak Karmal	53	Spielzeug	afghanischer Politiker (1929–1996)
HAFIZULLAHAMIN	Hafizullah Amin	53	Spielzeug	afghanischer Politiker (1929-1979)
SIEGFRIEDLENZ	Siegfried Lenz	53	Spielzeug	deutscher Schriftsteller (1926–2014)
ROMAINGROSJEAN	Romain Grosjean	53	Spielzeug	französisch-schweizerischer Automobilrennfahrer
LUDWIGQUIDDE	Ludwig Quidde	53	Spielzeug	deutscher Historiker, Publizist, Politiker und Pazifist
PETRNEAS	Petr Nečas	53	Spielzeug	tschechischer Politiker, Ministerpräsident 2010-2013
KARLMANNHEIM	Karl Mannheim	53	Spielzeug	ungarisch-deutscher Philosoph und Soziologe
BRUNOBAUER	Bruno Bauer	53	Spielzeug	deutscher Philosoph, Bibelkritiker und Schriftsteller
ANTONDREXLER	Anton Drexler	53	Spielzeug	Mitbegründer der Deutschen Arbeiterpartei (DAP)
LOTHARMEYER	Lothar Meyer	53	Spielzeug	deutscher Chemiker und Arzt, Mitbegründer des Periodensystems (1830-1895)
MILOVENTIMIGLIA	Milo Ventimiglia	53	Spielzeug	US-amerikanischer Schauspieler
WESBROWN	Wes Brown	53	Spielzeug	englischer Fußballspieler
OTTOWAGNER	Otto Wagner	53	Spielzeug	österreichischer Architekt
ANTONINSCALIA	Antonin Scalia	53	Spielzeug	US-amerikanischer Jurist
MADHUBALA	Madhubala	53	Spielzeug	indische Filmschauspielerin
ISAAKI	Isaak I.	53	Spielzeug	Kaiser von Byzanz
LEOIV	Leo IV.	53	Spielzeug	Kaiser von Byzanz
ZOE	Zoe	53	Spielzeug	Kaiserin von Byzanz
KONSTANTINVI	Konstantin VI.	53	Spielzeug	Kaiser von Byzanz
WILHELMMARX	Wilhelm Marx	53	Spielzeug	deutscher Reichskanzler
GUIDOBUCHWALD	Guido Buchwald	53	Spielzeug	deutscher Fußballspieler
SALAWATJULAJEW	Salawat Julajew	53	Spielzeug	baschkirischer Freiheitskämpfer und Dichter, Nationalheld von Baschkortostan
BECK	Beck	53	Spielzeug	US-amerikanischer Musiker
THEINSEIN	Thein Sein	53	Spielzeug	Staatspräsident von Myanmar
UWESEELER	Uwe Seeler	53	Spielzeug	deutscher Fußballspieler und Fußballfunktionär (1936–2022)
TRITICUMDURUM	Triticum durum	53	Spielzeug	Art der Gattung Weizen (Triticum)
ULIHOENESS	Uli Hoeneß	53	Spielzeug	deutscher Fußballspieler, -manager, Ehrenpräsident des FC Bayern München und Steuerhinterzieher
LOUISLEAKEY	Louis Leakey	53	Spielzeug	kenianischer Paläoanthropologe
IVANCANKAR	Ivan Cankar	53	Spielzeug	slowenischer Schriftsteller
GUNNARNORDAHL	Gunnar Nordahl	53	Spielzeug	schwedischer Fußballspieler
GOTTFRIEDV	Gottfried V.	53	Spielzeug	Herzog der Normandie, Graf von Anjou
YOANNGOURCUFF	Yoann Gourcuff	53	Spielzeug	französischer Fußballspieler
KEVINTRAPP	Kevin Trapp	53	Spielzeug	deutscher Fußballtorhüter
MATTINYKAENEN	Matti Nykänen	53	Spielzeug	ehemaliger finnischer Skispringer (1963–2019)
DORISLEUTHARD	Doris Leuthard	53	Spielzeug	Juristin, Politikerin und Mitglied des Schweizer Bundesrates (2006–2018)
MATTEODARMIAN	Matteo Darmian	53	Spielzeug	italienischer Fußballspieler
ILONASTALLER	Ilona Staller	53	Spielzeug	ungarisch-italienische Pornodarstellerin und Politikerin
JOHNCASSAVETES	John Cassavetes	53	Spielzeug	US-amerikanischer Schauspieler und Regisseur
SEADKOLAINAC	Sead Kolašinac	53	Spielzeug	bosnisch-deutscher Fußballspieler
YANGLIWEI	Yang Liwei	53	Spielzeug	chinesischer Raumfahrer, erster Taikonaut
ROBERTDOISNEAU	Robert Doisneau	53	Spielzeug	französischer Fotograf
STANISLAWPETROW	Stanislaw Petrow	53	Spielzeug	sowjetischer Oberstleutnant
BEAARTHUR	Bea Arthur	53	Spielzeug	US-amerikanische Schauspielerin (1922-2009)
JAVIERSOLANA	Javier Solana	53	Spielzeug	spanischer Politiker und Außenpolitiker der EU
HANSLUTHER	Hans Luther	53	Spielzeug	deutscher Reichskanzler
JACQUESHADAMARD	Jacques Hadamard	53	Spielzeug	französischer Mathematiker
JULIOSALINAS	Julio Salinas	53	Spielzeug	spanischer Fußballspieler
MIREKTOPOLANEK	Mirek Topolánek	53	Spielzeug	tschechischer Politiker
DAVIDGROSSMAN	David Grossman	53	Spielzeug	israelischer Schriftsteller
PAULUSDIACONUS	Paulus Diaconus	53	Spielzeug	langobardischer Mönch und Geschichtsschreiber
LINAWERTMUELLER	Lina Wertmüller	53	Spielzeug	italienische Filmregisseurin (1928–2021)
CHIUNESUGIHARA	Chiune Sugihara	53	Spielzeug	japanischer Diplomat, Gerechter unter den Völkern
THEGAME	The Game	53	Spielzeug	US-amerikanischer Rapper
JAMIEOLIVER	Jamie Oliver	53	Spielzeug	englischer Fernsehkoch und Kochbuchautor
ATLANTICRECORDS	Atlantic Records	53	Plattenlabel	Independent-Plattenlabel in den USA
AERLINGUS	Aer Lingus	53	Fluggesellschaft	llag-carrier Irlands, Tochter der IAG
WIZZAIR	Wizz Air	53	Fluggesellschaft	ungarische Billigfluggesellschaft
EPICGAMES	Epic Games	53	Videospielentwickler|Spieleentwickler	US-amerikanisches Entwicklerstudio
MOJANGSTUDIOS	Mojang Studios	53	Videospielentwickler	schwedisches Entwicklungsstudio für Computerspiele
BRAVE	Brave	52	App	Kostenloser und quelloffener Webbrowser mit Fokus auf Datenschutz, entwickelt von Brave Software, Inc. auf der Grundlage des Chromium-Webbrowsers
GOOGLEANALYTICS	Google Analytics	52	Website	Online-Dienst
MICROSOFTTEAMS	Microsoft Teams	52	Onlinedienst|Messenger	Groupware-Erweiterung zu Microsoft Office
QRPEDIA	QRpedia	52	Onlinedienst	System zur Anzeige von Wikipedia per QR-Code
MYHERITAGE	MyHeritage	52	Soziales Netzwerk	Online-Datenbank für Genealogie
SMALLTALK	Smalltalk	52	Programmiersprache	objektorientierte Programmiersprache
MADMEN	Mad Men	52	Fernsehserie	US-amerikanische Fernsehserie (2007–2015)
ALF	Alf	52	Fernsehserie	US-amerikanische Fernsehserie (1986–1990)
MRROBOT	Mr. Robot	52	Fernsehserie	US-amerikanische Fernsehserie (2015–2019)
NARCOS	Narcos	52	Fernsehserie	US-amerikanische Dramaserie (2015–2017)
RIVERDALE	Riverdale	52	Fernsehserie	US-amerikanische Fernsehserie (2017–2023)
WANDAVISION	WandaVision	52	Fernsehserie	Fernsehserie des Marvel Cinematic Universe (2021)
SPACEINVADERS	Space Invaders	52	Computerspiel|Spiel	Shoot-’em-up-Computerspiel aus dem Jahr 1978
CLASHROYALE	Clash Royale	52	Computerspiel|Spiel	Mobiles Strategiespiel
NESCAFE	Nescafé	52	Marke	Marke für Instantkaffee
IMAC	iMac	52	Marke	Desktop-Computer des US-amerikanischen Unternehmens Apple
APPLETV	Apple TV	52	Marke	Set-Top-Box des US-amerikanischen Unternehmens Apple
GROUPEPSA	Groupe PSA	52	Autohersteller	französischer Automobilkonzern
FORDMUSTANG	Ford Mustang	52	Automodell	US-amerikanisches Automodell
TOYOTAPRIUS	Toyota Prius	52	Automodell	japanisches Pkw-Modell
HANNIBALLECTER	Hannibal Lecter	52	Fiktiver Mensch|Fernsehfigur	fiktive Figur in einer Romanreihe von Thomas Harris
GEWUERZGURKE	Gewürzgurke	52	Gericht/Lebensmittel	eine in Essigsud eingelegte Gurke
TRITICUM	Triticum	52	Nahrung|Spielzeug	Gattung der Familie Süßgräser (Poaceae)
RAFTING	Rafting	52	Sportart	Freizeitsport mit Booten im Wildwasser von Flüssen
SWING	Swing	52	Musikgenre	Stilrichtung des Jazz
TANZMUSIK	Tanzmusik	52	Musikgenre	
BASENJI	Basenji	52	Hunderasse	Hunderasse
BRYOLOGIE	Bryologie	52	Fachgebiet	Wissenschaft von den Moosen
DAEMONOLOGIE	Dämonologie	52	Fachgebiet	Lehre der Dämonen
UNSICHERHEIT	Unsicherheit	52	Fachgebiet	Situation mit unvollkommenen und/oder unbekannten Informationen über den aktuellen Zustand, die aktuelle Umgebung oder mögliche zukünftige Ausgänge einer Handlung
LANDART	Land Art	52	Kunstrichtung	Kunstströmung
NAVRATRI	Navratri	52	Fest|Feiertag	Hindu-Fest
KAKAOBOHNE	Kakaobohne	52	Produkt	Samen des Kakaobaumes, Ausgangsprodukt für Kakao
AKTIVKOHLE	Aktivkohle	52	Werkzeug	poröser, feinkörniger Kohlenstoff
ZENTROSOM	Zentrosom	52	Spielzeug	Zellorganell
ZEBRABAERBLING	Zebrabärbling	52	Spielzeug	Karpfenart und wichtiges Labortier
TIGON	Tigon	52	Spielzeug	
KOMPOSITION	Komposition	52	Spielzeug	Hintereinanderschaltung von Funktionen
ANTONINUSWALL	Antoninuswall	52	Spielzeug	römische Grenzbefestigung
VAYU	Vayu	52	Spielzeug	Vedischer Gott des Windes
AOL	AOL	52	Spielzeug|Suchmaschine|Medienunternehmen	Onlinedienst
MINANGKABAU	Minangkabau	52	Spielzeug	matrilineare Kultur mit einer patrilinearen Religion auf Sumatra
JEREMYMENEZ	Jérémy Ménez	52	Spielzeug	französischer Fußballspieler
STEPHANIEKWOLEK	Stephanie Kwolek	52	Spielzeug	US-amerikanische Chemikerin
JUSTINGATLIN	Justin Gatlin	52	Spielzeug	US-amerikanischer Leichtathlet
BOURVIL	Bourvil	52	Spielzeug	französischer Schauspieler und Chansonnier
MATHIEUDEBUCHY	Mathieu Debuchy	52	Spielzeug	französischer Fußballspieler
AMYJOHNSON	Amy Johnson	52	Spielzeug	britische Pilotin, erste Frau, die im Alleinflug von England nach Australien flog
CHARLESMAURRAS	Charles Maurras	52	Spielzeug	französischer Schriftsteller
PEPIII	Pepi II.	52	Spielzeug	5. Pharao der 6. Dynastie
LOUISCOUTURAT	Louis Couturat	52	Spielzeug	französischer Logiker, Mathematiker und Linguist
JENNETTEMCCURDY	Jennette McCurdy	52	Spielzeug	US-amerikanische Schriftstellerin und ehemalige Schauspielerin und Sängerin
SIMONSTEVIN	Simon Stevin	52	Spielzeug	flämischer Mathematiker, Physiker und Ingenieur
HERMANNMUELLER	Hermann Müller	52	Spielzeug	deutscher Reichskanzler
FRANZHALDER	Franz Halder	52	Spielzeug	deutscher Offizier, Chef des Generalstabes des Heeres im Zweiten Weltkrieg
MAGDAGOEBBELS	Magda Goebbels	52	Spielzeug	Ehefrau von Joseph Goebbels
JASONLEE	Jason Lee	52	Spielzeug	amerikanischer Schauspieler und Produzent
GRAHAMCHAPMAN	Graham Chapman	52	Spielzeug	britischer Schauspieler und Schriftsteller
MEGWHITMAN	Meg Whitman	52	Spielzeug	amerikanische Managerin
GOTTFRIEDBENN	Gottfried Benn	52	Spielzeug	deutscher Arzt, Dichter und Essayist (1886–1956)
PETERWEIR	Peter Weir	52	Spielzeug	australischer Regisseur
DAVIDPETRAEUS	David Petraeus	52	Spielzeug	ehemaliger General der US Army und ehemaliger Direktor der CIA
HANNASCHYGULLA	Hanna Schygulla	52	Spielzeug	deutsche Schauspielerin und Sängerin
MATTHEWLILLARD	Matthew Lillard	52	Spielzeug	US-amerikanischer Schauspieler
ANDRISBRZI	Andris Bērziņš	52	Spielzeug	lettischer Geschäftsmann und Politiker
GORDONBAJNAI	Gordon Bajnai	52	Spielzeug	ungarischer Politiker, Ministerpräsident Ungarns (2009–2010)
ABHURAIRA	Abū Huraira	52	Spielzeug	Gefährte von Mohammed
AHAS	Ahas	52	Spielzeug	König von Juda
EMILIANOSALA	Emiliano Sala	52	Spielzeug	argentinischer Fußballspieler
GIANFRANCOZOLA	Gianfranco Zola	52	Spielzeug	italienischer Fußballspieler und -trainer
GEORGFORSTER	Georg Forster	52	Spielzeug	deutscher Naturforscher, Ethnologe, Reiseschriftsteller, Journalist, Essayist und Revolutionär (1754–1794)
SAKISROUVAS	Sakis Rouvas	52	Spielzeug	griechischer Sänger
EDUARDMOERIKE	Eduard Mörike	52	Spielzeug	deutscher Lyriker der Schwäbischen Schule, Erzähler und Übersetzer
TANGGAOZU	Tang Gaozu	52	Spielzeug	Gründer der Tang-Dynastie
BERNHARDSCHLINK	Bernhard Schlink	52	Spielzeug	deutscher Schriftsteller und Jurist
NLTONSANTOS	Nílton Santos	52	Spielzeug	brasilianischer Fußballspieler
KAMILGLIK	Kamil Glik	52	Spielzeug	polnischer Fußballspieler
TOMCLEVERLEY	Tom Cleverley	52	Spielzeug	englischer Fußballspieler
BENFOSTER	Ben Foster	52	Spielzeug	englischer Fußballspieler
MANUELALMUNIA	Manuel Almunia	52	Spielzeug	spanischer Fußballtorwart
KLAUSBARBIE	Klaus Barbie	52	Spielzeug	deutscher NS-Kriegsverbrecher, SS-Hauptsturmführer, Chef der Gestapo in Lyon
JASMILABANI	Jasmila Žbanić	52	Spielzeug	bosnische Filmregisseurin
AXELMUNTHE	Axel Munthe	52	Spielzeug	schwedischer Arzt und Autor
MICHAELII	Michael II.	52	Spielzeug	Kaiser von Byzanz
ROMANOSI	Romanos I.	52	Spielzeug	Kaiser von Byzanz
KONSTANTINVIII	Konstantin VIII.	52	Spielzeug	Kaiser von Byzanz
KONSTANTINX	Konstantin X.	52	Spielzeug	Kaiser von Byzanz
JOHANNPALISA	Johann Palisa	52	Spielzeug	österreichischer Astronom
OMPURI	Om Puri	52	Spielzeug	indischer Filmschauspieler (1949–2017)
DOCKER	Docker	52	Spielzeug	virtualisierungssoftware, die Anwendungen in Container isoliert
VICKIBAUM	Vicki Baum	52	Spielzeug	österreichische Harfenistin und Schriftstellerin
EDOUARDBALLADUR	Édouard Balladur	52	Spielzeug	französischer Politiker
MATTSTONE	Matt Stone	52	Spielzeug	US-amerikanischer Schauspieler, Drehbuchautor, Produzent und Regisseur
DANTE	Dante	52	Spielzeug	brasilianischer Fußballspieler
LEONTIOS	Leontios	52	Spielzeug	Kaiser von Byzanz
FALCO	Falco	52	Spielzeug	österreichischer Musiker (1957–1998)
FEODORLYNEN	Feodor Lynen	52	Spielzeug	deutscher Biochemiker und Nobelpreisträger für Medizin 1964
HANSMEMLING	Hans Memling	52	Spielzeug	deutscher Maler der niederländischen Schule (um 1430–1494)
DOUTZENKROES	Doutzen Kroes	52	Spielzeug	niederländisches Model
TALIASHIRE	Talia Shire	52	Spielzeug	US-amerikanische Schauspielerin
NAIMFRASHRI	Naim Frashëri	52	Spielzeug	albanischer Schriftsteller
DAGOBERTI	Dagobert I.	52	Spielzeug	merowingischer König des Frankenreichs (629–639)
JUDASMAKKABAEUS	Judas Makkabäus	52	Spielzeug	jüdischer Freiheitskämpfer
ROBERTDONAT	Robert Donat	52	Spielzeug	britischer Schauspieler
CAMILLECLAUDEL	Camille Claudel	52	Spielzeug	französische Bildhauerin und Malerin (1864-1943)
ERIKXIV	Erik XIV.	52	Spielzeug	König von Schweden (1560–1568)
OTTOPREMINGER	Otto Preminger	52	Spielzeug	österreichisch-US-amerikanischer Regisseur, Filmproduzent, Intendant
BURAKYILMAZ	Burak Yılmaz	52	Spielzeug	türkischer Fußballspieler
CASSELLIOT	Cass Elliot	52	Spielzeug	US-amerikanische Sängerin (1941–1974)
MICHAELCURTIZ	Michael Curtiz	52	Spielzeug	ungarisch-amerikanischer Filmregisseur
AGOTAKRISTF	Ágota Kristóf	52	Spielzeug	ungarisch-schweizerische Schriftstellerin und Dramatikerin (1935–2011)
CHRISTIANIII	Christian III.	52	Spielzeug	König von Dänemark und Norwegen (1534-1559)
LEONJOUHAUX	Léon Jouhaux	52	Spielzeug	französischer Gewerkschafter und Friedensnobelpreisträger (1879–1954)
LANGLANG	Lang Lang	52	Spielzeug	chinesischer Pianist
LEVISTRAUSS	Levi Strauss	52	Spielzeug	deutsch-amerikanischer Industrieller und Erfinder der Jeans
WADYSAWIII	Władysław III.	52	Spielzeug	König von Polen, Ungarn und Kroatien
SIGISMUNDI	Sigismund I.	52	Spielzeug	1507 als Sigismund I. König von Polen und als Sigismund II. Großfürst von Litauen
GEORGBASELITZ	Georg Baselitz	52	Spielzeug	deutscher Maler und Bildhauer (1938–2026)
IRVINEWELSH	Irvine Welsh	52	Spielzeug	britischer Schriftsteller
JIMCOURIER	Jim Courier	52	Spielzeug	US-amerikanischer Tennisspieler
CARMELOANTHONY	Carmelo Anthony	52	Spielzeug	US-amerikanischer Basketballspieler
BONIFATIUS	Bonifatius	52	Spielzeug	angelsächsischer Mönch, Missionar, „Apostel der Deutschen“
JOSEFALBERS	Josef Albers	52	Spielzeug	deutscher Maler, Kunsttheoretiker und -pädagoge (1888–1976)
JOSQUINDESPREZ	Josquin Desprez	52	Spielzeug	franko-flämischer Komponist und Sänger
BEACHSOCCER	Beachsoccer	52	Spiel	Abwandlung des Fußballspiels
IGN	IGN	52	Online-Enzyklopädie	US-amerikanisches Onlinemagazin für Videospiele und Unterhaltungsmedien
ONLYFANS	OnlyFans	52	Online-Community	britische Social-Media- und Crowdfunding-Plattform
EGYPTAIR	Egypt Air	52	Fluggesellschaft	staatliche Fluggesellschaft Ägyptens
CHINAAIRLINES	China Airlines	52	Fluggesellschaft	größte taiwanesische Fluggesellschaft
AIRBALTIC	AirBaltic	52	Fluggesellschaft	lettische Fluggesellschaft
NECCORPORATION	NEC Corporation	52	Videospielentwickler	Unternehmen in Japan
SUPERCELL	Supercell	52	Videospielentwickler|Spieleentwickler	finnischer Spieleentwickler
VERNIER	Vernier	52	Ort	Gemeinde in der Schweiz
FORTUNE	Fortune	51	Website	Zeitschrift
VINE	Vine	51	Website|Online-Community	Videoportal
PEOPLE	People	51	Website	wöchentliches, amerikanisches Magazin
HULU	Hulu	51	Website|Videostreaming	Internetplattform für Filme und Serien
OBJECTIVEC	Objective-C	51	Programmiersprache	Programmiersprache
LOGO	Logo	51	Programmiersprache	Programmiersprache
BRAINFUCK	Brainfuck	51	Programmiersprache	minimalistische esoterische Programmiersprache
TRUEBLOOD	True Blood	51	Fernsehserie	US-amerikanische Fernsehserie (2008–2014)
BLACKADDER	Blackadder	51	Fernsehserie	britische Fernsehserie (1983–1989)
TOTALLYSPIES	Totally Spies	51	Fernsehserie|Animationsserie	französisch-kanadische Zeichentrickserie (2001–2013)
DEXTERSLABOR	Dexters Labor	51	Animationsserie	US-amerikanische Fernsehserie (1996–2003)
KIMPOSSIBLE	Kim Possible	51	Animationsserie	Zeichentrickserie
MISSMARPLE	Miss Marple	51	Fiktiver Mensch|Fernsehfigur	literarische Figur von Agatha Christie
DOENERKEBAB	Döner Kebab	51	Gericht/Lebensmittel	türkisches Gericht
MANDELMILCH	Mandelmilch	51	Getränk|Spielzeug	Pflanzenmilch aus Mandeln
SEPAKTAKRAW	Sepak Takraw	51	Sportart	südostasiatische Ballsportart
FREESTYLESKIING	Freestyle-Skiing	51	Sportart	Sportart
MOTETTE	Motette	51	Musikgenre	mehrchörige und mehrstimmige Vokalmusik
GRINDCORE	Grindcore	51	Musikgenre	Musikstil, der sich Mitte der 1980er Jahre aus dem Hardcore Punk entwickelte
WELTMUSIK	Weltmusik	51	Musikgenre	Musikgenre
BELCANTO	Belcanto	51	Musikgenre	Gesangstechnik, die in Italien zu Beginn des 17. Jahrhunderts entstand
METALCORE	Metalcore	51	Musikgenre	Musikstil
FOLKMETAL	Folk Metal	51	Musikgenre	Musik-Genre
SHIHTZU	Shih Tzu	51	Hunderasse	Hunderasse
NEUFUNDLAENDER	Neufundländer	51	Hunderasse	Eine von der FCI anerkannte kanadische Hunderasse
OPENSUSE	openSUSE	51	Betriebssystem	Linux-Distribution
KALILINUX	Kali Linux	51	Betriebssystem	Debian-basierte Linux-Distribution
OENOLOGIE	Önologie	51	Fachgebiet	Studienbereich der Weinproduktion
ANTHROPOMETRIE	Anthropometrie	51	Fachgebiet	Lehre der Ermittlung und Anwendung der Maße des menschlichen Körpers
PANORAMABILD	Panoramabild	51	Kunstrichtung	Weitwinkelansicht oder Darstellung eines physischen Raums
SHIVARATRI	Shivaratri	51	Feiertag	hinduistischer Feiertag
MJOELNIR	Mjölnir	51	Werkzeug	Hammer des Gottes Thor in der germanischen und nordischen Mythologie
ERDKERN	Erdkern	51	Spielzeug	innerer metallischer Kern der Erde
SCHELLACK	Schellack	51	Spielzeug	Insektenharz, Naturstoff, chemische Verbindung
XEROPHYT	Xerophyt	51	Spielzeug	trockenheitstolerante Pflanzen
KERNHUELLE	Kernhülle	51	Spielzeug	Zellbestandteil
CENTROMER	Centromer	51	Spielzeug	Zellbestandteil, primäre Einschnürungsstelle eines Metaphase-Chromosoms
DAPHNIEN	Daphnien	51	Spielzeug	Gattung der Familie Daphniidae
REACT	React	51	Spielzeug	JavaScript‑Bibliothek zur Erstellung von Benutzeroberflächen.
SIBYLLE	Sibylle	51	Spielzeug	mythische Prophetin in Altgriechischen und Antikrömischen Sagen
GLADWYNJEBB	Gladwyn Jebb	51	Spielzeug	britischer Politiker und Diplomat
RICARDOLAGOS	Ricardo Lagos	51	Spielzeug	Präsident von Chile
INGEMARSTENMARK	Ingemar Stenmark	51	Spielzeug	ehemaliger schwedischer Skirennläufer
YOHANCABAYE	Yohan Cabaye	51	Spielzeug	französischer Fußballspieler
JOHNSURTEES	John Surtees	51	Spielzeug	britischer Rennfahrer
JOCHENRINDT	Jochen Rindt	51	Spielzeug	deutsch-österreichischer Automobilrennfahrer
CASTERSEMENYA	Caster Semenya	51	Spielzeug	südafrikanische Mittelstreckenläuferin
TIRUNESHDIBABA	Tirunesh Dibaba	51	Spielzeug	äthiopische Langstreckenläuferin
ADOLPHEQUETELET	Adolphe Quetelet	51	Spielzeug	belgischer Astronom und Statistiker
TARASTRONG	Tara Strong	51	Spielzeug	kanadische Synchronsprecherin und Schauspielerin
ZHUDE	Zhu De	51	Spielzeug	chinesischer Politiker (1886-1976)
MAXREGER	Max Reger	51	Spielzeug	deutscher Komponist, Pianist und Dirigent
GUSTAVBAUER	Gustav Bauer	51	Spielzeug	deutscher Gewerkschafter und Reichskanzler (1870–1944)
RENECLAIR	René Clair	51	Spielzeug	französischer Regisseur
VILLEVALO	Ville Valo	51	Spielzeug	finnischer Sänger
PTOLEMAIOSXII	Ptolemaios XII.	51	Spielzeug	König von Ägypten während der Ptolemäerzeit
MIZOGUCHIKENJI	Mizoguchi Kenji	51	Spielzeug	japanischer Regisseur
POROS	Poros	51	Spielzeug	indischer König im 4. Jahrhundert v. Chr.
KLEOPATRAI	Kleopatra I.	51	Spielzeug	Königin von Ägypten
SANDRAOH	Sandra Oh	51	Spielzeug	kanadische Schauspielerin
THEODOSIOSIII	Theodosios III.	51	Spielzeug	Kaiser von Byzanz
ARTURRASIZAD	Artur Rasizadə	51	Spielzeug	aserbaidschanischer Politiker und Ministerpräsident
ASIMACHATTERJEE	Asima Chatterjee	51	Spielzeug	indische Chemikerin
WILLIAMBAFFIN	William Baffin	51	Spielzeug	englischer Seefahrer und Entdecker
HERAKLONAS	Heraklonas	51	Spielzeug	Kaiser von Byzanz
LYSIMACHOS	Lysimachos	51	Spielzeug	Diadoche, Statthalter von Thrakien
JANKOCHANOWSKI	Jan Kochanowski	51	Spielzeug	polnischer Dichter (1530-1584)
BRIANGREENE	Brian Greene	51	Spielzeug	US-amerikanischer Physiker
RUDOLFBULTMANN	Rudolf Bultmann	51	Spielzeug	deutscher Philosoph, evangelischer Theologe, Neutestamentler
ALIF	Alif	51	Spielzeug	erster Buchstabe des arabischen Alphabets
AUGUSTWEISMANN	August Weismann	51	Spielzeug	deutscher Biologe und Evolutionstheoretiker (1834-1914)
TINAMAZE	Tina Maze	51	Spielzeug	slowenische Skirennläuferin
NORBERTELIAS	Norbert Elias	51	Spielzeug	deutsch-britischer Soziologe, Philosoph und Sozialhistoriker
FUNAKOSHIGICHIN	Funakoshi Gichin	51	Spielzeug	japanischer Karate-Großmeister, Begründer der Stilrichtung Shōtōkan
BERTSAKMANN	Bert Sakmann	51	Spielzeug	deutscher Mediziner und Nobelpreisträger
HARTMUTMICHEL	Hartmut Michel	51	Spielzeug	deutscher Biochemiker und Nobelpreisträger
ANASTASIOSII	Anastasios II.	51	Spielzeug	Kaiser von Byzanz
LEOSTRAUSS	Leo Strauss	51	Spielzeug	deutsch-amerikanischer Philosoph
LARRYWALL	Larry Wall	51	Spielzeug	US-amerikanischer Informatiker, Erfinder der Programmiersprache Perl
ALEXIOSIII	Alexios III.	51	Spielzeug	Kaiser von Byzanz
SCHENUDAIII	Schenuda III.	51	Spielzeug	koptischer Papst
JELENAKARLEUA	Jelena Karleuša	51	Spielzeug	serbische Popsängerin
PHILLIPCOCU	Phillip Cocu	51	Spielzeug	niederländischer Fußballspieler
OTTMARHITZFELD	Ottmar Hitzfeld	51	Spielzeug	ehemaliger Fußballspieler und Fußballtrainer
SILVANAMANGANO	Silvana Mangano	51	Spielzeug	italienische Schauspielerin (1930–1989)
TORSTENFRINGS	Torsten Frings	51	Spielzeug	deutscher Fußballspieler und -trainer
TONYSHALHOUB	Tony Shalhoub	51	Spielzeug	US-amerikanischer Schauspieler und Filmproduzent
LEONWALRAS	Léon Walras	51	Spielzeug	französischer Volkswirt
MARISSAMAYER	Marissa Mayer	51	Spielzeug	US-amerikanische Informatikerin und Managerin
TARCISIOBERTONE	Tarcisio Bertone	51	Spielzeug	römisch-katholischer Kurienkardinal
KEVINJAMES	Kevin James	51	Spielzeug	US-amerikanischer Schauspieler und Comedian
IDRISSAGUEYE	Idrissa Gueye	51	Spielzeug	senegalesischer Fußballspieler
KASPARCAPPARONI	Kaspar Capparoni	51	Spielzeug	italienischer Schauspieler
HRANTDINK	Hrant Dink	51	Spielzeug	armenisch-türkischer Journalist und Herausgeber
CORYDOCTOROW	Cory Doctorow	51	Spielzeug	kanadischer Science-Fiction-Autor, Journalist und Blogger
CLARKGREGG	Clark Gregg	51	Spielzeug	US-amerikanischer Schauspieler und Filmregisseur
ROLFZINKERNAGEL	Rolf Zinkernagel	51	Spielzeug	Schweizer Mediziner, experimenteller Immunologe
RAMONMAGSAYSAY	Ramon Magsaysay	51	Spielzeug	philippinischer Präsident
SALIH	Salih	51	Spielzeug	
CHARLESBOYER	Charles Boyer	51	Spielzeug	französischer Schauspieler
DANIELGUEIZA	Daniel Güiza	51	Spielzeug	spanischer Fußballspieler
FANNYARDANT	Fanny Ardant	51	Spielzeug	französische Schauspielerin und Filmregisseurin
JACQUESMARITAIN	Jacques Maritain	51	Spielzeug	französischer Philosoph
JOHNDIEFENBAKER	John Diefenbaker	51	Spielzeug	13. Premierminister von Kanada (1957-1963)
HABAKUK	Habakuk	51	Spielzeug	biblischer Prophet
LUCIANFREUD	Lucian Freud	51	Spielzeug	britischer Maler
ANDRESGUARDADO	Andrés Guardado	51	Spielzeug	mexikanischer Fußballspieler
GYULAHORN	Gyula Horn	51	Spielzeug	ungarischer Politiker
JUDITHRESNIK	Judith Resnik	51	Spielzeug	US-amerikanische Astronautin, die in der Space Shuttle Challenger-Explosion während des Starts von Mission STS-51-L starb
ALTHEAGIBSON	Althea Gibson	51	Spielzeug	US-amerikanische Tennisspielerin
JEFFDANIELS	Jeff Daniels	51	Spielzeug	US-amerikanischer Schauspieler
JOSECALLEJN	José Callejón	51	Spielzeug	spanischer Fußballspieler
CARLSPITZWEG	Carl Spitzweg	51	Spielzeug	deutscher Maler der Spätromantik (1808–1885)
DARIOARGENTO	Dario Argento	51	Spielzeug	italienischer Filmregisseur und Drehbuchautor (geb. 1940)
SERGEIDOVLATOV	Sergei Dovlatov	51	Spielzeug	russischer Schriftsteller
JULIUSFUK	Julius Fučík	51	Spielzeug	tschechischer Schriftsteller, Journalist und kommunistischer Kulturpolitiker
FRIEDRICHIV	Friedrich IV.	51	Spielzeug	König von Dänemark und Norwegen
SEILSPRINGEN	Seilspringen	51	Spiel	Sportart bei der man über ein Seil springt
TANGRAM	Tangram	51	Spiel	chinesisches Legespiel
ISLANDRECORDS	Island Records	51	Plattenlabel	ehemals jamaikanisches Musiklabel, heute Teil der Universal Music Group
MOTOWN	Motown	51	Plattenlabel	amerikanisches Musiklabel
AEGEANAIRLINES	Aegean Airlines	51	Fluggesellschaft	Griechische Fluggesellschaft
GOOGLETALK	Google Talk	50	Software	ehemaliger Instant-Messaging-System
TRUTHSOCIAL	Truth Social	50	Soziales Netzwerk|Online-Community	soziales Netzwerk des gegenwärtigen US-Präsidenten Donald Trump
PIDGIN	Pidgin	50	Messenger	freier Multi-Protokoll-Client für instant messaging
SCALA	Scala	50	Programmiersprache	Programmiersprache
APL	APL	50	Programmiersprache	Programmiersprache
HDDVD	HD DVD	50	Dateiformat	Datenträgerformat zur Wiedergabe von Filmen
ADOBEACROBAT	Adobe Acrobat	50	Dateiformat	Gruppe von Programmen zur Bearbeitung von PDF-Dateien
AMERICANIDOL	American Idol	50	Fernsehserie	US-amerikanische Castingshow
CARROSSEL	Carrossel	50	Fernsehserie	brasilianische Fernsehserie (2012–2013)
THEWITCHER	The Witcher	50	Fernsehserie	US-amerikanische Fantasyserie
THEBOYS	The Boys	50	Fernsehserie	US-amerikanische Fernsehserie (2019–2026)
SPORELABOR	Spore-Labor	50	Computerspiel|Spiel	Computerspiel aus dem Jahr 2008
DONKEYKONG	Donkey Kong	50	Computerspiel|Spiel	Arcade-Spiel aus dem Jahr 1981
MAXPAYNE	Max Payne	50	Computerspiel|Spiel	Computerspiel aus dem Jahr 2001
TERRARIA	Terraria	50	Computerspiel|Spiel	Computerspiel aus dem Jahr 2011
VALORANT	Valorant	50	Computerspiel|Spiel	kostenfreier Ego-Shooter
ATARI	Atari	50	Marke|Spieleentwickler	Marken- und Firmenname im Bereich der Computerspiele
LARACROFT	Lara Croft	50	Fiktiver Mensch|Comicfigur	Computerspielfigur
PADMEAMIDALA	Padmé Amidala	50	Fiktiver Mensch|Animierte Figur|Fernsehfigur|Comicfigur	fiktive Figur aus Star Wars
CHEESEBURGER	Cheeseburger	50	Gericht/Lebensmittel	Hamburger, der eine Scheibe Käse enthält
TEMPEH	Tempeh	50	Gericht/Lebensmittel	Fermentationsprodukt aus Indonesien
GEBRATENERREIS	gebratener Reis	50	Lebensmittel	
PANKRATION	Pankration	50	Sportart|Spiel	Kampfkunst bei den altgriechischen Festspielen
KRAFTDREIKAMPF	Kraftdreikampf	50	Sportart	Wettkampfsportart des Kraftsports
STAFFELLAUF	Staffellauf	50	Sportart	Leichtathletikdisziplin
NOCTURNE	Nocturne	50	Musikgenre	musikalisches Charakterstück
ARTROCK	Artrock	50	Musikgenre	Musikrichtung
POPULAEREMUSIK	populäre Musik	50	Musikgenre	musikalische Praktiken, die durch kommerzielle Strukturen auf ein Massenpublikum abzielen
CHANSON	Chanson	50	Musikgenre	Musik-Genre
DUBSTEP	Dubstep	50	Musikgenre	Musikrichtung
BULLTERRIER	Bullterrier	50	Hunderasse	Hunderasse
MALTESER	Malteser	50	Hunderasse	Hunderasse
SAMOJEDE	Samojede	50	Hunderasse	Hunderasse
WINDOWSMOBILE	Windows Mobile	50	Betriebssystem	Betriebssystemfamilie von Microsoft für mobile Geräte
MINIX	Minix	50	Betriebssystem	unixoides Betriebssystem
GEOCHRONOLOGIE	Geochronologie	50	Fachgebiet	Wissenschaft zur Datierung von Ereignissen der Erdgeschichte und Entstehungszeit von Gesteinen
HOLZSCHNITZEREI	Holzschnitzerei	50	Kunstrichtung	Technik vorrangig zur Holzbearbeitung
JUNETEENTH	Juneteenth	50	Feiertag	Feiertag in den Vereinigten Staaten von Amerika (USA)
MOUNTAINBIKE	Mountainbike	50	Werkzeug	Fahrradtyp
GAIA	Gaia	50	Werkzeug	Weltraumteleskop der Europäischen Weltraumorganisation, das den gesamten Himmel optisch durchmusterte
VAJRA	Vajra	50	Werkzeug	buddhistisches Ritualobjekt
TODESSTERN	Todesstern	50	Werkzeug	riesige Raumstation aus den Star-Wars-Filmen
XCHROMOSOM	X-Chromosom	50	Spielzeug	Geschlechtschromosom
ZILIE	Zilie	50	Spielzeug	Ausstülpung eukaryotischer Zellen
PINOTNOIR	Pinot noir	50	Spielzeug	Dunkelschalige Rebsorte
DROSOPHILA	Drosophila	50	Spielzeug	Gattung der Familie Taufliegen (Drosophilidae)
BAUM	Baum	50	Spielzeug	abstrakter Datentyp
LEINOEL	Leinöl	50	Spielzeug	Gemisch organischer Verbindungen, Pflanzenöl aus den reifen Samen von Öllein (Leinsamen)
LXDE	LXDE	50	Spielzeug	leichtgewichtige Desktop-Umgebung
HUAMULAN	Hua Mulan	50	Spielzeug	legendäre weibliche Kriegerin aus China
GTK	GTK	50	Spielzeug	freies GUI-Toolkit
ARABISCHEPLATTE	Arabische Platte	50	Spielzeug	Lithosphärenplatte unter Arabischer Halbinsel und Südosttürkei
ABOUDIABY	Abou Diaby	50	Spielzeug	französischer Fußballspieler
COLUCHE	Coluche	50	Spielzeug	französischer Humorist
LLUSCOMPANYS	Lluís Companys	50	Spielzeug	katalanischer Regierungspräsident und Führer der Esquerra Republicana de Catalunya
ARNAUTDANIEL	Arnaut Daniel	50	Spielzeug	okzitanischer Trobador
FRANZBRENTANO	Franz Brentano	50	Spielzeug	deutscher Philosoph und Psychologe sowie Begründer der Aktpsychologie
LUCASIGNORELLI	Luca Signorelli	50	Spielzeug	italienischer Maler (um 1450-1523)
NOAHCYRUS	Noah Cyrus	50	Spielzeug	US-amerikanische Synchronsprecherin, Schauspielerin und Sängerin
KURTWEILL	Kurt Weill	50	Spielzeug	deutsch-amerikanischer Komponist
JERZYSTUHR	Jerzy Stuhr	50	Spielzeug	polnischer Schauspieler und Drehbuchautor
LADISLAUSI	Ladislaus I.	50	Spielzeug	König von Ungarn (1077–1095) und Heiliger
PTOLEMAIOSVI	Ptolemaios VI.	50	Spielzeug	6. König von Ägypten während der Ptolemäerzeit
JOHNWOO	John Woo	50	Spielzeug	Hongkonger Filmregisseur, Drehbuchautor und Filmproduzent
WALTHERFUNK	Walther Funk	50	Spielzeug	deutscher Journalist und Politiker (NSDAP), MdR
BERENICEBEJO	Bérénice Bejo	50	Spielzeug	französische Schauspielerin
MARCMARQUEZ	Marc Márquez	50	Spielzeug	spanischer Motorradrennfahrer
ROMANOSII	Romanos II.	50	Spielzeug	Kaiser von Byzanz
ERNESTKOROMA	Ernest Koroma	50	Spielzeug	sierra-leonischer Politiker
GEORGEABELA	George Abela	50	Spielzeug	maltesischer Präsident
JOELMATIP	Joel Matip	50	Spielzeug	deutsch-kamerunischer Fußballspieler
STANGETZ	Stan Getz	50	Spielzeug	amerikanischer Tenorsaxophonist
ROCCOSIFFREDI	Rocco Siffredi	50	Spielzeug	italienischer Pornodarsteller
MICHELSULAIMAN	Michel Sulaiman	50	Spielzeug	libanesischer General und Politiker
MALCOLMIII	Malcolm III.	50	Spielzeug	König von Schottland
ANTONIOCANDREVA	Antonio Candreva	50	Spielzeug	italienischer Fußballspieler
GABRIELHEINZE	Gabriel Heinze	50	Spielzeug	argentinischer Fußballspieler
FREIOTTO	Frei Otto	50	Spielzeug	deutscher Architekt, Architekturtheoretiker und Hochschullehrer
HANSFALLADA	Hans Fallada	50	Spielzeug	deutscher Schriftsteller (1893–1947)
KLAUSSCHWAB	Klaus Schwab	50	Spielzeug	deutscher Wirtschaftswissenschaftler, Gründer des Weltwirtschaftsforums
EMILIOBUTRAGUEO	Emilio Butragueño	50	Spielzeug	spanischer Fußballspieler
FRITZSAUCKEL	Fritz Sauckel	50	Spielzeug	deutscher Politiker (NSDAP), MdR, Generalbevollmächtigter für den Arbeitseinsatz
OTTORANK	Otto Rank	50	Spielzeug	österreichischer Psychoanalytiker
NIKOKRANJAR	Niko Kranjčar	50	Spielzeug	kroatischer Fußballspieler
NIKOLAUSLENAU	Nikolaus Lenau	50	Spielzeug	österreichischer Schriftsteller (1802-1850)
ROMANOSIII	Romanos III.	50	Spielzeug	Kaiser von Byzanz
THEODORAIII	Theodora III.	50	Spielzeug	Kaiserin von Byzanz
NIKEPHOROSIII	Nikephoros III.	50	Spielzeug	Kaiser von Byzanz
JOHNBOEHNER	John Boehner	50	Spielzeug	US-amerikanischer Politiker
OTTOBAUER	Otto Bauer	50	Spielzeug	österreichischer Politiker
JOHANNESVII	Johannes VII.	50	Spielzeug	Kaiser von Byzanz
ALEXIOSV	Alexios V.	50	Spielzeug	Kaiser von Byzanz
THEODORII	Theodor II.	50	Spielzeug	Kaiser von Byzanz
JOHANNESIV	Johannes IV.	50	Spielzeug	Kaiser von Byzanz
MICHIKO	Michiko	50	Spielzeug	japanische Adelige, Kaiserin von Japan
ALANKAY	Alan Kay	50	Spielzeug	amerikanischer Informatiker
SUBHASHKAK	Subhash Kak	50	Spielzeug	indischer Dichter, Philosoph und Wissenschaftstheoretiker
CHRISBENOIT	Chris Benoit	50	Spielzeug	kanadischer Wrestler und Mörder
WILLIAMCAXTON	William Caxton	50	Spielzeug	erster englischer Buchdrucker
MICHELROCARD	Michel Rocard	50	Spielzeug	französischer Politiker
ALAINPOHER	Alain Poher	50	Spielzeug	französischer Präsident des Senats, Interimspräsident Frankreichs, MdEP
JEFFHARDY	Jeff Hardy	50	Spielzeug	US-amerikanischer Wrestler
GIULIETTAMASINA	Giulietta Masina	50	Spielzeug	italienische Schauspielerin
JASONSUDEIKIS	Jason Sudeikis	50	Spielzeug	US-amerikanischer Schauspieler
BENJAMINLIST	Benjamin List	50	Spielzeug	deutscher Chemiker, Nobelpreisträger 2021
KLAUSHASSELMANN	Klaus Hasselmann	50	Spielzeug	deutscher Klimaforscher, Meteorologe und Ozeanologe
CHRISTOPHERSIMS	Christopher Sims	50	Spielzeug	US-amerikanischer Wirtschaftswissenschaftler
ALARICHII	Alarich II.	50	Spielzeug	König der Westgoten
MARYMCDONNELL	Mary McDonnell	50	Spielzeug	US-amerikanische Schauspielerin
EUGENBLEULER	Eugen Bleuler	50	Spielzeug	Schweizer Psychiater
VIOLAAMHERD	Viola Amherd	50	Spielzeug	Mitglied des Schweizerischen Bundesrates
WYNTONRUFER	Wynton Rufer	50	Spielzeug	neuseeländischer Fußballspieler und -trainer
ILIENSTASE	Ilie Năstase	50	Spielzeug	rumänischer Tennisspieler
DANIELWEBSTER	Daniel Webster	50	Spielzeug	US-amerikanischer Politiker, Senator und Außenminister
PROPHETJOEL	Prophet Joel	50	Spielzeug	Prophet
ROBERTWALSER	Robert Walser	50	Spielzeug	deutschsprachiger Schweizer Schriftsteller
BLAISECENDRARS	Blaise Cendrars	50	Spielzeug	Schweizer Schriftsteller
JOSEPHYOBO	Joseph Yobo	50	Spielzeug	nigerianischer Fußballspieler
BRADDELSON	Brad Delson	50	Spielzeug	amerikanischer Gitarrist und Musiker
BENJOHNSON	Ben Johnson	50	Spielzeug	kanadischer Sprinter
MIKAELASHIFFRIN	Mikaela Shiffrin	50	Spielzeug	US-amerikanische Skirennläuferin
PINABAUSCH	Pina Bausch	50	Spielzeug	deutsche Tänzerin, Choreografin und Ballettdirektorin
VEDADIBIEVI	Vedad Ibišević	50	Spielzeug	bosnisch-amerikanischer Fußballspieler
JOANBENNETT	Joan Bennett	50	Spielzeug	US-amerikanische Schauspielerin (1910-1990)
ZACHARYLEVI	Zachary Levi	50	Spielzeug	US-amerikanischer Schauspieler
GINOBARTALI	Gino Bartali	50	Spielzeug	italienischer Radrennfahrer
BILLTILDEN	Bill Tilden	50	Spielzeug	US-amerikanischer Tennisspieler
ALBERTSABIN	Albert Sabin	50	Spielzeug	US-amerikanischer Arzt, Virologie, Entwickler der Polio-Schluckimpfung
DINORISI	Dino Risi	50	Spielzeug	italienischer Regisseur und Drehbuchautor (1916-2008)
TIPPIHEDREN	Tippi Hedren	50	Spielzeug	US-amerikanische Schauspielerin
WILLIAMHUGGINS	William Huggins	50	Spielzeug	britischer Astronom und Physiker
ANSELMKIEFER	Anselm Kiefer	50	Spielzeug	deutscher Maler und Bildhauer (* 1945)
LYSANDER	Lysander	50	Spielzeug	spartanischer Staatsmann und Feldherr
HUFFPOST	HuffPost	50	Online-Enzyklopädie	US-amerikanische Onlinezeitung
CAPITOLRECORDS	Capitol Records	50	Plattenlabel	US-amerikanisches Musiklabel
RCARECORDS	RCA Records	50	Plattenlabel	Musiklabel in New York City und Teil von Sony Music Entertainment
ASIANAAIRLINES	Asiana Airlines	50	Fluggesellschaft	südkoreanische Fluggesellschaft
GERMANWINGS	Germanwings	50	Fluggesellschaft	deutsche Fluggesellschaft (1997–2020)
AIRBERLIN	Air Berlin	50	Fluggesellschaft	ehemalige deutsche Fluggesellschaft
FUJITELEVISION	Fuji Television	50	Fernsehsender	japanischer Fernsehsender
SQUAREENIX	Square Enix	50	Videospielentwickler|Spieleentwickler	japanisches Entwicklerstudio und Publisher für Computerspiele
AVASTANTIVIRUS	Avast Antivirus	49	App	Antivirenprogramm
ITUNESSTORE	iTunes Store	49	App|Website	Online-Shop für digitale Medien von Apple
ALIEXPRESS	AliExpress	49	Website|Suchmaschine|Große Plattform	chinesischer Online-Einzelhandelsservice
THEWIRE	The Wire	49	Fernsehserie	US-amerikanische Fernsehserie (2002–2008)
TEENWOLF	Teen Wolf	49	Fernsehserie	US-amerikanische Fernsehserie (2011–2017)
TRUEDETECTIVE	True Detective	49	Fernsehserie	US-amerikanische Fernsehserie
YOUNGSHELDON	Young Sheldon	49	Fernsehserie	US-amerikanische Sitcom
ENFERMERAS	Enfermeras	49	Fernsehserie	kolumbianische Telenovela
VINCENZO	Vincenzo	49	Fernsehserie	südkoreanische Fernsehserie (2021)
SAMURAIJACK	Samurai Jack	49	Animationsserie	US-amerikanische Fernsehserie (2001–2004, 2017)
RUGRATS	Rugrats	49	Animationsserie	US-amerikanische Animationsserie (1991–2004)
SAMSUNGGALAXY	Samsung Galaxy	49	Marke	Mobilgeräteserie
LOGITECH	Logitech	49	Marke	Schweizer Hersteller von Computerperipherie
AWTOWAS	AwtoWAS	49	Autohersteller	größter Hersteller von Personenkraftwagen in Osteuropa, weitere Tochtergesellschaft der Renault-Gruppe
STELLANTIS	Stellantis	49	Autohersteller	europäisch-US-amerikanischer Automobilhersteller
BETTYBOOP	Betty Boop	49	Fiktiver Mensch|Animierte Figur	fiktive Figur
DOCTORSTRANGE	Doctor Strange	49	Fiktiver Mensch|Comicfigur	fiktive Figur aus den Marvel Comics
AQUAMAN	Aquaman	49	Animierte Figur|Fernsehfigur|Comicfigur	fiktive Figur
CHEWBACCA	Chewbacca	49	Animierte Figur|Fernsehfigur|Comicfigur	fiktiver Charakter aus dem Star-Wars-Universum
DOSA	Dosa	49	Nahrung	südindische Linsenpfannkuchen
FUFU	Fufu	49	Nahrung	fester Brei der schwarzafrikanischen Küche aus Maniok oder Yams und Kochbananen
RODEO	Rodeo	49	Sportart	Wettkampfsport, der ursprünglich aus Brasilien stammt
WASSERSKI	Wasserski	49	Sportart	motorisierter Skisport auf dem Wasser
KAMPFSPORT	Kampfsport	49	Sportart	Art von Kraftsport
ALASKANMALAMUTE	Alaskan Malamute	49	Hunderasse	Hunderasse
FOTOGRAMMETRIE	Fotogrammetrie	49	Fachgebiet	Messmethoden, um aus Fotografien Lage und Form eines Objekts zu bestimmen
PALAEOBOTANIK	Paläobotanik	49	Fachgebiet	Wissenschaft von den fossilen Pflanzen
DIPLOMATIK	Diplomatik	49	Fachgebiet	Urkundenlehre
APOTHEOSE	Apotheose	49	Kunstrichtung	Erhebung eines Menschen zu einem Gott, Verherrlichung
STRASSENKUNST	Straßenkunst	49	Kunstrichtung	Formen von Kunst im öffentlichen Raum
MARDIGRAS	Mardi Gras	49	Feiertag	französische Bezeichnung für den Dienstag vor Aschermittwoch
ELFENLIED	Elfen Lied	49	Manga	Manga von Mamoru Kanbe
WARCRAFT	Warcraft	49	Spielreihe	Computerspielserie
STROMZAEHLER	Stromzähler	49	Werkzeug	Zählwerk zum Feststellen des Stromverbrauches
INCEL	Incel	49	Online-Community	Bewegung von Menschen, die sich selbst als unfähig definieren, eine romantische oder sexuelle Partnerschaft einzugehen
ELAL	El Al	49	Fluggesellschaft	Fluggesellschaft Israels
AIRASIA	AirAsia	49	Fluggesellschaft	Malaysische Fluggesellschaft
AVIANCA	Avianca	49	Fluggesellschaft	kolumbianische Fluggesellschaft
CROATIAAIRLINES	Croatia Airlines	49	Fluggesellschaft	staatliche Fluggesellschaft Kroatiens
KENYAAIRWAYS	Kenya Airways	49	Fluggesellschaft	kenianische Fluggesellschaft
ALASKAAIRLINES	Alaska Airlines	49	Fluggesellschaft	Fluggesellschaft aus Alaska
BBCTWO	BBC Two	49	Fernsehsender	britischer Fernsehsender
IDSOFTWARE	id Software	49	Videospielentwickler	US-amerikanisches Entwicklungsstudio für Computerspiele
TINDER	Tinder	48	App|Soziales Netzwerk|Messenger	soziales Netzwerk und Dating-Plattform
COSMOPOLITAN	Cosmopolitan	48	Website	US-amerikanische Frauenzeitschrift
TEMU	Temu	48	Website|Suchmaschine|Große Plattform	Online-Marktplatz
CANVA	Canva	48	Onlinedienst	Grafikdesign-Plattform
BLUESKY	Bluesky	48	Soziales Netzwerk|Online-Community	US-amerikanische Social-Media-Plattform
OGG	Ogg	48	Dateiformat	Multimediacontainerformat
OPENDOCUMENT	OpenDocument	48	Dateiformat	Dokumentendateiformat
WWESMACKDOWN	WWE SmackDown	48	Fernsehserie	Wrestling-Show der WWE
COLUMBO	Columbo	48	Fernsehserie	US-amerikanische Kriminalfernsehreihe (1968–2003)
SHAMELESS	Shameless	48	Fernsehserie	US-amerikanische Fernsehserie (2011–2021)
SNOWDROP	Snowdrop	48	Fernsehserie	südkoreanische Dramaserie (2021–2022)
MRQUEEN	Mr. Queen	48	Fernsehserie	südkoreanische Fernsehserie (2020–2021)
SUBWAYSURFERS	Subway Surfers	48	Computerspiel	Computer- und Handyspiel
BRAWLSTARS	Brawl Stars	48	Computerspiel	Mehrspieler-Online-Spiel für Mobilgeräte
CALVINKLEIN	Calvin Klein	48	Marke	US-amerikanisches Modeunternehmen
PLAYSTATION	PlayStation	48	Marke	Computerspiel-Marke von Sony Interactive Entertainment
WIKIPETAN	Wikipe-tan	48	Fiktiver Mensch	Anime-Maskottchen der Wikipedia
SUNWUKONG	Sun Wukong	48	Fernsehfigur	mythische Figur
SNOOPY	Snoopy	48	Comicfigur	Comic-Hund
STEAK	Steak	48	Gericht/Lebensmittel	zum Kurzbraten oder Grillen geeignete Fleischscheibe vom Rind
KROKETTEN	Kroketten	48	Gericht/Lebensmittel|Nahrung	Gericht
KOEFTE	Köfte	48	Gericht/Lebensmittel	Hackfleischbällchen
REISCONGEE	Reis-Congee	48	Nahrung	asiatisches Frühstück aus Reis
PEKINGESE	Pekingese	48	Hunderasse	Hunderasse
SHIBA	Shiba	48	Hunderasse	Hunderasse
NETBSD	NetBSD	48	Betriebssystem	Betriebssystem aus der Gruppe der Unix-Derivate
LUBUNTU	Lubuntu	48	Betriebssystem	auf Ubuntu basierendes, leichtgewichtiges Linux-Betriebssystem
ERKLAERUNG	Erklärung	48	Fachgebiet	kommunikativer Akt, der einen Sachverhalt beschreibt
MARKETINGMIX	Marketing-Mix	48	Fachgebiet	Verfahren, mit dem Marketingstrategien oder Marketingpläne in konkrete Aktionen umgesetzt werden
FOLKLORISTIK	Folkloristik	48	Fachgebiet	Zweig der Ethnologie, akademisches Fachgebiet
FAIRYTAIL	Fairy Tail	48	Manga	Fantasy-Manga des Mangaka Hiro Mashima
XMEN	X-Men	48	Filmreihe	Superhelden-Filmreihe
FIFA	FIFA	48	Spielreihe	Computerspielserie
BIGMAC	Big Mac	48	Produkt	Hamburgervariation von McDonald’s
ELEKTROSKOP	Elektroskop	48	Werkzeug	wissenschaftliches Gerät
AIGIS	Aigis	48	Werkzeug|Kleidung	In der hellenistischen Welt war ein Schild, Buckler, Brustpanzer oder Lätzchen der Athena und des Zeus mit dem Haupt der Medusa/Gorgo (Gorgoneion) zu einem Kultobjekt geworden, das mit Königen in Verbindung gebracht wurde.
YGENTERTAINMENT	YG Entertainment	48	Plattenlabel	südkoreanisches Unternehmen
OURAIRLINE	Our Airline	48	Fluggesellschaft	australische Fluggesellschaft, Staatsunternehmen Naurus
ADRIAAIRWAYS	Adria Airways	48	Fluggesellschaft	ehemalige slowenische Fluggesellschaft
INDIGOAIRLINES	IndiGo Airlines	48	Fluggesellschaft	Indische Fluggesellschaft
MNET	Mnet	48	Fernsehsender	südkoreanischer Fernsehsender
HBOMAX	HBO Max	47	App|Website|Videostreaming	Video-on-Demand-Dienstleister von Warner Bros. Discovery, Vereinigte Staaten
READERSDIGEST	Reader’s Digest	47	Website	Zeitschrift
ODNOKLASSNIKI	Odnoklassniki	47	Website|Soziales Netzwerk|Online-Community	russisches soziales Netzwerk
TCL	Tcl	47	Programmiersprache	Open-Source-Skriptsprache
MACGYVER	MacGyver	47	Fernsehserie	US-amerikanische Fernsehserie (1985–1992)
TOPGEAR	Top Gear	47	Fernsehserie	britische Fernsehserie (2002–2022)
THEBLACKLIST	The Blacklist	47	Fernsehserie	US-amerikanische Fernsehserie (2013–2023)
GOTHAM	Gotham	47	Fernsehserie	US-amerikanische Fernsehserie (2014–2019)
EUPHORIA	Euphoria	47	Fernsehserie	US-amerikanische Fernsehserie (2019)
FALLOUT	Fallout	47	Computerspiel	Computerspiel aus dem Jahr 1997
AGARIO	Agar.io	47	Computerspiel	Browserspiel
TABASCOSAUCE	Tabascosauce	47	Marke	scharfe Chilisauce des US-amerikanischen Unternehmens McIlhenny Co.
MIRINDA	Mirinda	47	Marke	Orangenlimonade aus dem Hause PepsiCo
CONVERSE	Converse	47	Marke	US-amerikanischer Sportartikelanbieter
DAIHATSU	Daihatsu	47	Autohersteller	japanischer Automobilhersteller
TRABANT	Trabant	47	Automodell	Baureihe von Automobilmodellen
FORDFIESTA	Ford Fiesta	47	Automodell	Pkw-Modell des Automobilherstellers Ford
ZORRO	Zorro	47	Fiktiver Mensch|Animierte Figur|Fernsehfigur	Literarische Figur
PROFESSORX	Professor X	47	Animierte Figur	fiktiver Superheld
GALADRIEL	Galadriel	47	Fernsehfigur	Figur aus Werken von J. R. R. Tolkien
LODDE	Lodde	47	Nahrung	Art der Gattung Mallotus
SEEZUNGE	Seezunge	47	Nahrung	Art der Gattung Solea
ULTIMATE	Ultimate	47	Sportart	wettkampforientierter, weitgehend berührungsloser Mannschaftssport
EXTREMSPORT	Extremsport	47	Sportart	Herangehen des Menschen an sportliche Grenzen
FELSKLETTERN	Felsklettern	47	Sportart	Sportart and natürlichen und Indoor-Oberflächen
WASSERSPORT	Wassersport	47	Sportart	in oder auf dem Wasser ausgetragene Sportarten
KROCKET	Krocket	47	Sportart	Präzisionssportart
BITCOINCASH	Bitcoin Cash	47	Kryptowährung	Form der Kryptowährung Bitcoin
TIBETDOGGE	Tibetdogge	47	Hunderasse	Hunderasse
XUBUNTU	Xubuntu	47	Betriebssystem	Linux-Distribution
HAIKU	Haiku	47	Betriebssystem	freies Betriebssystem
REACTOS	ReactOS	47	Betriebssystem	Betriebssystem mit angestrebter Kompatibilität zu Microsoft Windows
GEOTECHNIK	Geotechnik	47	Fachgebiet	Ingenieurwissenschaftliches Fachgebiet
GERMANISTIK	Germanistik	47	Fachgebiet	Wissenschaft von der deutschen Sprache und Literatur
ARCHIVKUNDE	Archivkunde	47	Fachgebiet	die Wissenschaft der Speicherung und Registrierung von historischen Daten
SEMANTICWEB	Semantic Web	47	Fachgebiet	formales Modell von Begriffen und ihren Beziehungen
SYMPOSION	Symposion	47	Fest	gemeinsames, geselliges Trinken in der griechischen und römischen Kultur
DRACHENBOOTFEST	Drachenbootfest	47	Fest	Traditionelles chinesisches Fest
BACCHANALIEN	Bacchanalien	47	Feiertag	Bacchusfeste im antiken Rom
TOKYOGHOUL	Tokyo Ghoul	47	Manga	Mangaserie
BERSERK	Berserk	47	Manga	Manga
METALLDETEKTOR	Metalldetektor	47	Werkzeug	Gerät zur Lokalisierung von Metall
NTFS	NTFS	47	Werkzeug	proprietäres Dateisystem von Microsoft
BLASENKAMMER	Blasenkammer	47	Werkzeug	Bauart für Teilchendetektoren
VICTORIAKREUZ	Victoria-Kreuz	47	Werkzeug|Kleidung	militärische Auszeichnung in div. Staaten des Commonwealth
RIANOVOSTI	RIA Novosti	47	Online-Enzyklopädie	staatliche russische Nachrichtenagentur
KICKSTARTER	Kickstarter	47	Online-Community	Internetplattform zur Projektfinanzierung über Crowdfunding
SMENTERTAINMENT	S.M. Entertainment	47	Plattenlabel	südkoreanisches Unternehmen
AIRSERBIA	Air Serbia	47	Fluggesellschaft	serbische Fluggesellschaft
GARUDAINDONESIA	Garuda Indonesia	47	Fluggesellschaft	nationale Fluggesellschaft Indonesiens
VUELINGAIRLINES	Vueling Airlines	47	Fluggesellschaft	spanische Billigfluggesellschaft
JETAIRWAYS	Jet Airways	47	Fluggesellschaft	ehemalige Indische Fluggesellschaft
GOOGLEKALENDER	Google Kalender	46	App	Onlinedienst zur privaten Terminverwaltung
VEVO	Vevo	46	Website|Videoportal	Musikvideoportal
MATHEMATICA	Mathematica	46	Programmiersprache	mathematisch-naturwissenschaftliches Programm-Paket
FRASIER	Frasier	46	Fernsehserie	US-amerikanische Sitcom (1993–2004)
DARK	Dark	46	Fernsehserie	deutsche Fernsehserie (2017–2020)
ANIMANIACS	Animaniacs	46	Animationsserie	US-amerikanische Fernsehserie (1993–1998)
MAFIAII	Mafia II	46	Computerspiel	Action-Adventure-Spiel aus dem Jahr 2010
TAMAGOTCHI	Tamagotchi	46	Computerspiel|Marke	elektronisches Spielzeug
FARCRY	Far Cry	46	Computerspiel	Computerspiel aus dem Jahr 2004
WARTHUNDER	War Thunder	46	Computerspiel	Computerspiel aus dem Jahr 2012
OVERWATCH	Overwatch	46	Computerspiel	Multiplayer-First-Person-Shooter-Computerspiel aus dem Jahr 2016
STARDEWVALLEY	Stardew Valley	46	Computerspiel	Indie-Videospiel aus 2016
ELDENRING	Elden Ring	46	Computerspiel	Computerspiel aus dem Jahr 2022
NIVEA	Nivea	46	Marke	deutsche Marke für Hautpflegeprodukte
MOUNTAINDEW	Mountain Dew	46	Marke	Limonade der PepsiCo
HOLDEN	Holden	46	Autohersteller	australische Automarke von GM Holden Ltd
LOTUSCARS	Lotus Cars	46	Autohersteller	britischer Hersteller von Automobilen
TOYOTACAMRY	Toyota Camry	46	Automodell	Pkw-Modellserie der Mittelklasse von Toyota
ASHKETCHUM	Ash Ketchum	46	Fiktiver Mensch	fiktive Figur aus der Pokémon-Universum
FREDDYKRUEGER	Freddy Krueger	46	Fiktiver Mensch	fiktive Filmfigur
MACEWINDU	Mace Windu	46	Fiktiver Mensch|Animierte Figur|Fernsehfigur|Comicfigur	fiktive Figur aus Star Wars
VITOCORLEONE	Vito Corleone	46	Fiktiver Mensch	Charakter in Mario Puzos Roman Der Pate
HARLEYQUINN	Harley Quinn	46	Fiktiver Mensch|Animierte Figur|Fernsehfigur|Comicfigur	fiktive Figur
TSCHEBURASCHKA	Tscheburaschka	46	Animierte Figur	fiktive Figur
BLACKPANTHER	Black Panther	46	Comicfigur	fiktive Figur
SATE	Sate	46	Nahrung	indonesisches Grillgericht
UNIHOCKEY	Unihockey	46	Sportart	Sportart
MOTOCROSS	Motocross	46	Sportart	Motorradsportart
REGATTASEGELN	Regattasegeln	46	Sportart	Sportart
KORFBALL	Korfball	46	Sportart	Mannschaftssport, die dem Basketball und Korbball ähnelt
BINANCE	Binance	46	Kryptowährung	Plattform für den Handel mit Kryptowährungen
AIREDALETERRIER	Airedale Terrier	46	Hunderasse	Hunderasse
SHARPEI	Shar-Pei	46	Hunderasse	Hunderasse
CENTOS	CentOS	46	Betriebssystem	Linux-Distribution
NEUEMEDIEN	Neue Medien	46	Fachgebiet	elektronische Geräte, die den Nutzern Zugang zum Internet bereitstellen und Interaktivität ermöglichen
PHAENOLOGIE	Phänologie	46	Fachgebiet	Beobachtung periodisch wiederkehrender Entwicklungen
KINETISCHEKUNST	kinetische Kunst	46	Kunstrichtung	Ausdrucksform, in der die Bewegung als integraler ästhetischer Bestandteil des Kunstobjekts Beachtung findet
TOWELDAY	Towel Day	46	Feiertag	Gedenktag für den Schriftsteller Douglas Adams
POKEMON	Pokémon	46	Anime-Serie	Animeserien
BLUMENSTRAUSS	Blumenstrauß	46	Produkt	Blumengebinde mit einer Bindestelle, das mobil ist und damit bequem transportiert werden kann
ABAYA	Abaya	46	Werkzeug|Kleidung	langes und lockeres Frauenkleid aus dem Nahen Osten
IHRM	Ihrām	46	Werkzeug|Kleidung	Weihezustand, in dem sich ein muslimischer Pilger auf der Reise nach Mekka befindet
FEUERSTELLE	Feuerstelle	46	Werkzeug	offene Herdstelle
DORNENKRONE	Dornenkrone	46	Werkzeug|Kleidung	Symbol und Gegenstand in christlichen Religionen
NEWGROUNDS	Newgrounds	46	Online-Community	Computerspielwebsite
PARLOPHONE	Parlophone	46	Plattenlabel	deutsch-britisches Musiklabel
USAIRWAYS	US Airways	46	Fluggesellschaft	US-amerikanische Fluggesellschaft
ICELANDAIR	Icelandair	46	Fluggesellschaft	isländische Fluggesellschaft
TAROM	TAROM	46	Fluggesellschaft	Rumänische Fluggesellschaft
BULGARIAAIR	Bulgaria Air	46	Fluggesellschaft	nationale Fluggesellschaft Bulgariens mit Sitz in Sofia und Basis auf dem Flughafen Sofia
ARTE	Arte	46	Fernsehsender	französisch-deutscher Fernsehsender
DSCHZN	Dschāzān	46	Ort	Stadt in Saudi-Arabien
ADOBEINDESIGN	Adobe InDesign	45	Software	Layout- und Satzprogramm
WINRAR	WinRAR	45	App	Packprogramm zur Datenkompression
INATURALIST	iNaturalist	45	App|Website|Online-Community	Citizen-Science-Projekt
ARCHIVETODAY	archive.today	45	Website	Webarchiv
LIVEJOURNAL	LiveJournal	45	Soziales Netzwerk|Online-Community	Website
TYPESCRIPT	TypeScript	45	Programmiersprache	Programmiersprache, Obermenge von JavaScript, die sich zu JavaScript kompilieren lässt
WWERAW	WWE Raw	45	Fernsehserie	Wrestling-Show der WWE
CALIFORNICATION	Californication	45	Fernsehserie	US-amerikanische Fernsehserie (2007–2014)
JOHNNYBRAVO	Johnny Bravo	45	Animationsserie	US-amerikanische Zeichentrickserie (1997–2004)
POSTBOTEPAT	Postbote Pat	45	Animationsserie	britische Fernsehserie (1981–2017)
ARCANE	Arcane	45	Animationsserie	Animationsserie
WIISPORTS	Wii Sports	45	Computerspiel	Sport-Videopiel aus dem Jahr 2006
RUNESCAPE	RuneScape	45	Computerspiel	Computerspiel aus dem Jahr 2001
DIABLOIII	Diablo III	45	Computerspiel	Computerspiel
CIVILIZATIONIV	Civilization IV	45	Computerspiel	Computerspiel aus dem Jahr 2005
INTELPENTIUM	Intel Pentium	45	Marke	Marke für Mikroprozessoren von Intel
SNICKERS	Snickers	45	Marke	Schokoriegel
BYDAUTO	BYD Auto	45	Autohersteller	chinesischer Automobilhersteller
VAUXHALLMOTORS	Vauxhall Motors	45	Autohersteller	Automobilhersteller, Tochterunternehmen der Stellantis Unternehmensgruppe
CITRONDS	Citroën DS	45	Automodell	Fahrzeuge der oberen Mittelklasse (1955-1975)
HONDACIVIC	Honda Civic	45	Automodell	Fahrzeug der Kompaktklasse des Fahrzeugherstellers Honda
VWPASSAT	VW Passat	45	Automodell	Pkw-Serie
ARSENELUPIN	Arsène Lupin	45	Fiktiver Mensch|Fernsehfigur	fiktiver französischer Meisterdieb
HARLEKIN	Harlekin	45	Fiktiver Mensch	Dienerfigur aus der Commedia dell’arte der Renaissance
GREENARROW	Green Arrow	45	Fiktiver Mensch|Animierte Figur|Fernsehfigur|Comicfigur	Superheld aus dem DC-Universum
OBELIX	Obelix	45	Fiktiver Mensch|Comicfigur	fiktive Figur
INSTANTNUDELN	Instantnudeln	45	Gericht/Lebensmittel	Art von Lebensmittel
CHLORELLA	Chlorella	45	Nahrung	Gattung der Familie Chlorellaceae
KUNAFA	Kunafa	45	Nahrung	Süßspeise aus Palästina
MEZZE	Mezze	45	Nahrung	kleine Gerichte, die zu verschiedenen Gelegenheiten verzehrt werden
BRAUNERZUCKER	Brauner Zucker	45	Nahrung	
PELOTA	Pelota	45	Sportart	Ballspiel baskischen Ursprungs
MANJARO	Manjaro	45	Betriebssystem	Linux-Distribution basierend auf Arch Linux mit rollenden Releases
DRAMATURGIE	Dramaturgie	45	Fachgebiet	Komposition von Dramen
TRIBOLOGIE	Tribologie	45	Fachgebiet	Wissenschaft zu Reibung, Verschleiß und Schmierung
RATING	Rating	45	Fachgebiet	im Finanzwesen eine Einschätzung der Bonität eines Schuldners
TURKOLOGIE	Turkologie	45	Fachgebiet	Wissenschaft von der geistigen und materiellen Kultur der Turkvölker
DATENANALYSE	Datenanalyse	45	Fachgebiet	
OXFORDSTREET	Oxford Street	45	Straße	Hauptstraße in London
RAKSHABANDHAN	Raksha Bandhan	45	Fest	indisches Fest
SHAMANKING	Shaman King	45	Manga	japanische Manga- und Animeserie
JUJUTSUKAISEN	Jujutsu Kaisen	45	Manga	Mangaserie
SILENTHILL	Silent Hill	45	Spielreihe	Computerspielfranchise
ROTOR	Rotor	45	Werkzeug	der sich drehende Teil einer Maschine oder eines Aggregates
ERHU	Erhu	45	Werkzeug|Musikinstrument	chinesisches Musikinstrument, Spießgeige
MJSA	Mjøsa	45	Werkzeug	See in Norwegen
LIBERTYBELL	Liberty Bell	45	Werkzeug|Musikinstrument	US-amerikanisches Nationalsymbol
EPICRECORDS	Epic Records	45	Plattenlabel	US-amerikanisches Musiklabel
FRIEDENSPALAST	Friedenspalast	45	Kurier/Logistik	Sitz des internationalen Gerichtshofs der Vereinten Nationen in Den Haag (1913 fertiggestellt)
AIREUROPA	Air Europa	45	Fluggesellschaft	spanische Fluggesellschaft
AIRASTANA	Air Astana	45	Fluggesellschaft	nationale Fluggesellschaft Kasachstans
AIRMALTA	Air Malta	45	Fluggesellschaft	maltesische Fluggesellschaft
ROYALJORDANIAN	Royal Jordanian	45	Fluggesellschaft	jordanische Fluggesellschaft
FLYDUBAI	Flydubai	45	Fluggesellschaft	Billigfluggesellschaft des Emirats Dubai
PEGASUSAIRLINES	Pegasus Airlines	45	Fluggesellschaft	türkische Fluggesellschaft
TVTOKYO	TV Tokyo	45	Fernsehsender	japanischer Fernsehsender
YLE	Yle	45	Fernsehsender|Radiosender	öffentlich-rechtliche Rundfunkanstalt von Finnland
RADIOVATIKAN	Radio Vatikan	45	Radiosender	Auslandshörfunk des Heiligen Stuhles
ORKUT	Orkut	44	Website|Soziales Netzwerk	soziales Netzwerk
COUCHSURFING	Couchsurfing	44	Website	internetbasiertes Gastfreundschaftsnetzwerk
GOODREADS	Goodreads	44	Website|Soziales Netzwerk	Buchkatalog-Website von Amazon
POSTSCRIPT	PostScript	44	Programmiersprache|Dateiformat	Seitenbeschreibungssprache
EPUB	EPUB	44	Dateiformat	offener Standard für elektronische Schriften
CLARENCE	Clarence	44	Animationsserie	US-amerikanische Zeichentrickserie (2014–2018)
QUAKE	Quake	44	Computerspiel	Computerspiel aus dem Jahr 1996
DIABLOII	Diablo II	44	Computerspiel	Computerspiel
APEXLEGENDS	Apex Legends	44	Computerspiel	First-Person-Battle-Royale-Computerspiel aus dem Jahr 2019
SCHWEPPES	Schweppes	44	Marke	Getränkemarke
METROSOFIA	Metro Sofia	44	Marke	U-Bahn in Sofia, Bulgarien
XBOX	Xbox	44	Marke	Computerspiel-Marke von Microsoft
BORGWARD	Borgward	44	Autohersteller	deutscher Hersteller von Kraftfahrzeugen
ELBO	ELBO	44	Autohersteller	Automobilhersteller
SAABAUTOMOBILE	Saab Automobile	44	Autohersteller	schwedischer Autohersteller
VWPOLO	VW Polo	44	Automodell	Kleinwagen von Volkswagen
MINI	Mini	44	Automodell	Pkw-Modell
ROBERTLANGDON	Robert Langdon	44	Fiktiver Mensch|Fernsehfigur	fiktiver Professor aus den Romanen von Dan Brown
JAMESMORIARTY	James Moriarty	44	Fiktiver Mensch|Fernsehfigur	fiktiver Charakter aus Sherlock Holmes
ROSTAM	Rostam	44	Fiktiver Mensch	Sagenheld der persischen Mythologie
PUNISHER	Punisher	44	Fiktiver Mensch|Fernsehfigur|Comicfigur	Comicbuch-Charakter
GROSSERBRUDER	Großer Bruder	44	Fiktiver Mensch	Fiktionaler Charakter aus George Orwells 1984
JAMESBOND	James Bond	44	Fiktiver Mensch	fiktiver Geheimagent, erfunden vom Schriftsteller Ian Fleming
ELROND	Elrond	44	Fernsehfigur	Figuren in Tolkiens Welt
CANNOLO	Cannolo	44	Nahrung	gefülltes Gebäck aus Sizilien
POWERRANGERS	Power Rangers	44	Franchise	US-amerikanische Fernsehserie
DOGOARGENTINO	Dogo Argentino	44	Hunderasse	Hunderasse
LANDSEER	Landseer	44	Hunderasse	Hunderasse
KRYPTOANALYSE	Kryptoanalyse	44	Fachgebiet	Wissenschaft, Informationen aus verschlüsselten Texten zu gewinnen
MUSTER	Muster	44	Fachgebiet	sichtbare Oberflächenzeichnungen oder -strukturen
ASCIIART	ASCII-Art	44	Kunstrichtung	kleine Piktogramme mit Buchstaben, Ziffern und Sonderzeichen
YALDANACHT	Yalda-Nacht	44	Fest|Feiertag	iranisches Fest zur Wintersonnenwende
BANDSCHEIBE	Bandscheibe	44	Werkzeug	Knorpelscheibe zwischen Wirbeln
PFEFFERSPRAY	Pfefferspray	44	Werkzeug	in Sprühdosen unter Druck austreibbarer Reizstoff
DIRNDL	Dirndl	44	Werkzeug|Kleidung	bayerisches und österreichisches Trachtenkleid
BAGDADBATTERIE	Bagdad-Batterie	44	Werkzeug	historisches Tongefäß, das 1936 gefunden wurde
STOPPUHR	Stoppuhr	44	Werkzeug	Analoges oder digitales Zeitmessgerät zum Messen von Zeitintervallen, mit Drückern zum Starten/Stoppen und Rücksetzen des Zeitmessvorgangs
BRONZEMEDAILLE	Bronzemedaille	44	Werkzeug|Kleidung	
ZARENKANONE	Zarenkanone	44	Werkzeug	
QUESADILLA	Quesadilla	44	Möbel	Käse-Tortilla
COSTCOWHOLESALE	Costco Wholesale	44	Einzelhandelskette	US-amerikanisches Unternehmen
JETBLUEAIRWAYS	JetBlue Airways	44	Fluggesellschaft	amerikanische Billigfluggesellschaft
EUROWINGS	Eurowings	44	Fluggesellschaft	deutsche Fluggesellschaft
EVAAIR	EVA Air	44	Fluggesellschaft	Taiwanesische Fluggesellschaft
FREEFORM	Freeform	44	Fernsehsender	amerikanischer Fernsehsender
RTLGROUP	RTL Group	44	Medienunternehmen	internationales Medienunternehmen mit Hauptsitz in Luxemburg
GOOGLEPAY	Google Pay	43	App	mobiles Zahlungssystem von Google
OMEGLE	Omegle	43	Website	zufallsbasierte Chatwebseite
WIRED	Wired	43	Website	US-amerikanische Computerzeitschrift
KNOL	Knol	43	Website	Onlinedienst von Google
YOUTUBEMUSIC	YouTube Music	43	Videostreaming|Musikstreaming	Musikstreamingdienst von YouTube
POWERSHELL	PowerShell	43	Programmiersprache	Cross-Plattform-Befehlszeilenschnittstelle und Skriptsprache für die Verwaltung von Computersystemen und Netzwerken
JAVASERVERPAGES	JavaServer Pages	43	Dateiformat	Programmiersprache zur dynamischen Erzeugung der Ausgaben eines Webservers
PINGU	Pingu	43	Animationsserie	Trickfilmserie für Kinder (1988–2006)
BOJACKHORSEMAN	BoJack Horseman	43	Animationsserie	US-amerikanische Animationsserie (2014–2020)
DIABLO	Diablo	43	Computerspiel	Computerspiel aus dem Jahr 1996
MASSEFFECT	Mass Effect	43	Computerspiel	Computerspiel aus dem Jahr 2007
TOMBRAIDER	Tomb Raider	43	Computerspiel	Computerspiel aus dem Jahr 1996
CIVILIZATION	Civilization	43	Computerspiel	Computerspiel aus dem Jahr 1991
JAEGERMEISTER	Jägermeister	43	Marke	deutsche Marke für Kräuterlikör
ALPINE	Alpine	43	Autohersteller	französische Sportwagenmarke
DAF	DAF	43	Autohersteller	niederländische Marke des US-amerikanischen LKW-Herstellers Paccar
RENAULTCLIO	Renault Clio	43	Automodell	Kleinwagen des französischen Automobilherstellers Renault
RANGEROVER	Range Rover	43	Automodell	Geländewagen der Oberklasse
OPELASTRA	Opel Astra	43	Automodell	Automobil
FORDFOCUS	Ford Focus	43	Automodell	Pkw-Modellreihe des Automobilherstellers Ford in der Kompaktklasse
TWOFACE	Two-Face	43	Fiktiver Mensch|Animierte Figur|Fernsehfigur|Comicfigur	fiktive Figur
CHANGE	Chang’e	43	Fiktiver Mensch|Fernsehfigur	chinesische Mondgöttin
DARTHMAUL	Darth Maul	43	Animierte Figur|Fernsehfigur|Comicfigur	Figur in Star Wars
BROETCHEN	Brötchen	43	Gericht/Lebensmittel	kleiner, meist runder oder länglicher Brotlaib; Mahlzeitenbeilage; Kleingebäcke verschiedener Art
SAVATE	Savate	43	Sportart	französischer Kampfsport
SEGELFLUG	Segelflug	43	Sportart	Sportart
SHTKANRY	Shōtōkan-ryū	43	Sportart	Karate-Stilrichtung
BLOODHOUND	Bloodhound	43	Hunderasse	Hunderasse
BARSOI	Barsoi	43	Hunderasse	Hunderasse
BULLMASTIFF	Bullmastiff	43	Hunderasse	Hunderasse
ENGLISHSETTER	English Setter	43	Hunderasse	britische Hunderasse
DEEPIN	Deepin	43	Betriebssystem	Linux-Distribution
ELEMENTARYOS	elementary OS	43	Betriebssystem	Linux-Distribution basierend auf Ubuntu
FREEDOS	FreeDOS	43	Betriebssystem	Betriebssystem
BIOENGINEERING	Bioengineering	43	Fachgebiet	Teilbereich der Verfahrenstechnik
PHARMAKOGNOSIE	Pharmakognosie	43	Fachgebiet	Lehre von den biogenen pharmazeutischen Drogen, Arzneimitteln und Giftstoffen
AGRAROEKOLOGIE	Agrarökologie	43	Fachgebiet	Wissenschaft der im Rahmen von Pflanzenproduktion und -schutz aus Sicht von umweltbezogenen, sozialen, ökonomischen, ethischen und entwicklungsbezogenen Aspekte
ARTBRUT	Art Brut	43	Kunstrichtung	autodidaktische Kunst von Laien, Kindern, psychisch Kranken oder geistig Behinderten
VIDEOKUNST	Videokunst	43	Kunstrichtung	Form der Medienkunst
DIGITALEKUNST	digitale Kunst	43	Kunstrichtung	Sammelbegriff für Kunst, die digital mit dem Computer erzeugt wird
SCHATTENRISS	Schattenriss	43	Kunstrichtung	Kunstform und Erscheinung, bei der nur die Umrisse von etwas sichtbar sind
GANESHCHATURTHI	Ganesh Chaturthi	43	Fest	hinduistisches Fest
GEORGSTAG	Georgstag	43	Feiertag	Festtag zu Ehren des heiligen Georg
MEMORIALDAY	Memorial Day	43	Feiertag	Bundesfeiertag in den USA zu Ehren der für das Vaterland Gefallenen am letzten Montag im Mai
HINAMATSURI	Hina-Matsuri	43	Feiertag	Feiertag in Japan
RUROUNIKENSHIN	Rurouni Kenshin	43	Manga	Manga-Serie von Nobuhiro Watsuki
PERCYJACKSON	Percy Jackson	43	Romanreihe	Fantasy-Buchreihe von Rick Riordan
SUPERMARIO	Super Mario	43	Spielreihe	zentrale Computerspielserie des Mario-Franchises
DUESE	Düse	43	Gerät	röhrenförmige technische Vorrichtung
VORSCHLAGHAMMER	Vorschlaghammer	43	Werkzeug	Handwerkzeug, das aus einem Hammerkopf und einem Stiel besteht
SPIEGELTELESKOP	Spiegelteleskop	43	Werkzeug	optisches Teleskop, welches Licht durch eine Kombination von Spiegeln bündelt
ENTERPRISE	Enterprise	43	Werkzeug	Raumfähre aus dem Space-Shuttle-Programm der US-Raumfahrtbehörde NASA
ZARENGLOCKE	Zarenglocke	43	Werkzeug|Musikinstrument	historische Glocke die im Moskauer Kreml ausgestellt ist
FLSTUDIO	FL Studio	43	Werkzeug|Musikinstrument	Kompositionssoftware für Musik
PADMABHUSHAN	Padma Bhushan	43	Werkzeug|Kleidung	indischer Auszeichnungsorden
STEPHANSKRONE	Stephanskrone	43	Werkzeug|Kleidung	Königskrone des ehemaligen Königreiches Ungarn
ENCHILADA	Enchilada	43	Möbel	mexikanisches Gericht: gefüllte, weiche Tortillas aus Maismehl mit einer Sauce
POLYDORRECORDS	Polydor Records	43	Plattenlabel	multinaltionales Musiklabel, Imprint von UMG
MALEV	Malév	43	Fluggesellschaft	ehemalige ungarische Fluggesellschaft
AIRKORYO	Air Koryo	43	Fluggesellschaft	staatliche Fluggesellschaft der Demokratischen Volksrepublik Korea (Nordkorea)
LIONAIR	Lion Air	43	Fluggesellschaft	indonesische Fluggesellschaft
SKYNEWS	Sky News	43	Fernsehsender	britischer Fernsehsender
GAMELOFT	Gameloft	43	Videospielentwickler	französischer Hersteller und Publisher für Computerspiele
WOLFRAMALPHA	Wolfram Alpha	42	Website	Suchmaschine von Wolfram Research
DAILYMOTION	Dailymotion	42	Website|Videoportal|Online-Community	französisches Videoportal
BOOKCROSSING	Bookcrossing	42	Website	weltweite Bewegung zur kostenlosen Weitergabe von Büchern
YOUTUBEPREMIUM	YouTube Premium	42	Website|Videostreaming	Abonnement-Service
SEMANTICSCHOLAR	Semantic Scholar	42	Website	
ANNASARCHIVE	Anna's Archive	42	Website|Suchmaschine	Suchmaschine für Schattenbibliotheken
GOOGLEHANGOUTS	Google Hangouts	42	Messenger	Videokonferenz- und Instant-Messaging-Dienst von Google
OBJECTIVECAML	Objective CAML	42	Programmiersprache	Programmiersprache
TEXTDATEI	Textdatei	42	Dateiformat	Computer-Datei mit darstellbaren Zeichen
WEBM	WebM	42	Dateiformat	Video-Containerformat, das für das Internet entwickelt wurde
MARKDOWN	Markdown	42	Dateiformat	vereinfachte Auszeichnungssprache mit HTML-Preview
CATDOG	CatDog	42	Animationsserie	US-amerikanische Animationsserie (1998–2005)
DISENCHANTMENT	Disenchantment	42	Animationsserie	US-amerikanische Zeichentrickserie (2018–2023)
CIVILIZATIONV	Civilization V	42	Computerspiel	Computerspiel aus dem Jahr 2010
CRYSIS	Crysis	42	Computerspiel	First-Person-Shooter-Computerspiel aus dem Jahr 2007
MYST	Myst	42	Computerspiel	Computerspiel aus dem Jahr 1993
RAYBAN	Ray-Ban	42	Marke	Sonnen- und Korrektionsbrillenmarke
KGMOBILITY	KG Mobility	42	Autohersteller	südkoreanischer Automobilhersteller
KODAOCTAVIA	Škoda Octavia	42	Automodell	Automobilmodell von Škoda (1959–1971, seit 1996)
LEXLUTHOR	Lex Luthor	42	Fiktiver Mensch|Animierte Figur|Fernsehfigur|Comicfigur	fiktive Figur
MOMOTAR	Momotarō	42	Fiktiver Mensch	Figur des japanischen Volksglaubens
SNEGUROTSCHKA	Snegurotschka	42	Fiktiver Mensch|Animierte Figur	russische Märchengestalt
BATGIRL	Batgirl	42	Animierte Figur|Comicfigur	fiktive Figur des Typus "Superheldin"
CHARLIEBROWN	Charlie Brown	42	Comicfigur	fiktive Figur
NATT	Nattō	42	Gericht/Lebensmittel	fermentierte Sojabohnen aus der japanischen Küche
RENDANG	Rendang	42	Gericht/Lebensmittel|Lebensmittel|Nahrung	curryähnliches Gericht der indonesischen Küche
AIRSOFT	Airsoft	42	Sportart	Geländesport
KYOKUSHINKAIKAN	Kyokushin Kaikan	42	Sportart	Vollkontakt-Karate-Organisation
GOALBALL	Goalball	42	Sportart	Sportart für Sehbehinderte und Blinde
CARDANO	Cardano	42	Kryptowährung	Kryptowährungsplattform
BIGBROTHER	Big Brother	42	Franchise	Reality-Show-Franchise
METALGEAR	Metal Gear	42	Franchise|Spielreihe	Computerspielreihe
ANIMALCROSSING	Animal Crossing	42	Franchise|Spielreihe	Computerspielserie von Nintendo
SALUKI	Saluki	42	Hunderasse	Hunderasse
PUPPYLINUX	Puppy Linux	42	Betriebssystem	schlanke GNU/Linux-Distribution
PARSING	Parsing	42	Fachgebiet	Computerprogramm, zerlegt einen Zeichenstrom in seine syntaktischen Elemente
EINFLUSS	Einfluss	42	Fachgebiet	Wirkung eines Subjekts oder einer Interessengruppe auf eine Zielperson oder Zielgruppe
LITHOLOGIE	Lithologie	42	Fachgebiet	
KUNSTGEWERBE	Kunstgewerbe	42	Kunstrichtung	angewandte Kunst in der Raumausstattung
QINGMINGFEST	Qingming-Fest	42	Feiertag	Chinesisches Totengedenkfest
KWANZAA	Kwanzaa	42	Feiertag	afroamerikanisches Fest in den USA
MARTINSTAG	Martinstag	42	Feiertag	Gedenktag des heiligen Martin von Tours
HELLSING	Hellsing	42	Manga	Mangaserie
SAINTSEIYA	Saint Seiya	42	Manga	Mangaserie
SOULEATER	Soul Eater	42	Manga	Mangafranchise
TEKKEN	Tekken	42	Spielreihe	Computerspielserie
DIADEM	Diadem	42	Werkzeug|Kleidung	Haarreifenähnliche Krone mit Betonung auf die Stirnmitte, meist für Frauen
DREHORGEL	Drehorgel	42	Werkzeug|Kleidung	mechanisches Musikinstrument
PURPLEHEART	Purple Heart	42	Werkzeug|Kleidung	Verwundetenabzeichen der Streitkräfte der Vereinigten Staaten
EISERNEKRONE	Eiserne Krone	42	Werkzeug|Kleidung	Königskrone der Langobarden
HIPPARCOS	Hipparcos	42	Werkzeug	High Precision Parallax Collecting Satellite war ein Satellit für Zwecke der Astrometrie
PASCALINE	Pascaline	42	Werkzeug	mechanische Rechenmaschine
GEFFENRECORDS	Geffen Records	42	Plattenlabel	US-amerikanisches Musiklabel
IRANAIR	Iran Air	42	Fluggesellschaft	staatliche Fluggesellschaft des Iran
NAMCO	Namco	42	Videospielentwickler|Spieleentwickler	japanischer Publisher für Computerspiele
INFINITYWARD	Infinity Ward	42	Videospielentwickler	US-amerikanisches Entwicklungsstudio für Computerspiele
MOBYGAMES	MobyGames	41	Website	Online-Datenbank für Computerspiele
POSTCROSSING	Postcrossing	41	Website	Projekt für das zufällige Versenden von Postkarten
SINAWEIBO	Sina Weibo	41	Website|Soziales Netzwerk|Online-Community	chinesischer Mikroblogging-Dienst
ECOSIA	Ecosia	41	Website|Suchmaschine	deutsche Suchmaschine
RESEARCHGATE	Researchgate	41	Soziales Netzwerk	soziales Netzwerk für Wissenschaftler
CLOJURE	Clojure	41	Programmiersprache	Lisp-Dialekt
FLAC	FLAC	41	Dateiformat	Referenz-Software-Paket zur verlustfreien Audiodatenkompression
SUPERWINGS	Super Wings	41	Animationsserie	Kinderanimationsserie
CUPHEAD	Cuphead	41	Computerspiel	Computerspiel aus dem Jahr 2017
HOGWARTSLEGACY	Hogwarts Legacy	41	Computerspiel	Computerspiel aus dem Jahr 2023
PORTLANDZEMENT	Portlandzement	41	Marke	Art von Zement
DURACELL	Duracell	41	Marke	Batteriemarke aus den USA
HONDAACCORD	Honda Accord	41	Automodell	PKW-Mittelklasse der Marke Honda
GORDONFREEMAN	Gordon Freeman	41	Fiktiver Mensch	Protagonist in dem Computerspiel Half-Life
ERICCARTMAN	Eric Cartman	41	Fiktiver Mensch|Animierte Figur	Figur aus der Zeichentrickserie South Park
COUNTDOOKU	Count Dooku	41	Fiktiver Mensch|Animierte Figur|Fernsehfigur|Comicfigur	fiktiver Charakter aus dem Star-Wars-Universum
WARIO	Wario	41	Fiktiver Mensch	Videospielfigur
CHANDLERBING	Chandler Bing	41	Fiktiver Mensch|Fernsehfigur	fiktive Figur aus der Fernsehserie Friends
RONALDMCDONALD	Ronald McDonald	41	Fiktiver Mensch	fiktive Figur
WOODYWOODPECKER	Woody Woodpecker	41	Animierte Figur	Comicfigur
PATRICKSTAR	Patrick Star	41	Animierte Figur	SpongeBob's bester Freund in der TV-Show SpongeBob Schwammkopf
GUANYIN	Guanyin	41	Fernsehfigur	weiblicher Bodhisattva des Mitgefühls
KORMA	Korma	41	Gericht/Lebensmittel	asiatisches Gericht
HARIRA	Harira	41	Lebensmittel	Suppe der nordafrikanischen Küche
KABSA	Kabsa	41	Nahrung	Reisgericht
LEITERSPIEL	Leiterspiel	41	Brettspiel	Brettspiel
CLUEDO	Cluedo	41	Brettspiel	Brettspiel für zwei bis sechs Teilnehmer
FOOTBALL	Football	41	Sportart	Ballsportart
DODGEBALL	Dodgeball	41	Sportart	Ballspiel ähnlich Völkerball
PITBULL	Pitbull	41	Hunderasse	amerikanische Kampfhunderasse
BASSETHOUND	basset hound	41	Hunderasse	von der FCI anerkannte britische Hunderasse
CAIRNTERRIER	Cairn Terrier	41	Hunderasse	Hunderasse
WATCHOS	watchOS	41	Betriebssystem	Betriebssystem für Apple Watches
ANDROIDNOUGAT	Android Nougat	41	Betriebssystem	Android-Version
HARMONYOS	HarmonyOS	41	Betriebssystem	Betriebssystem
ORALHISTORY	Oral History	41	Fachgebiet	Sprechenlassen von Zeitzeugen (statt strukturierter Interviews)
IRANISTIK	Iranistik	41	Fachgebiet	
WORTBILDUNG	Wortbildung	41	Fachgebiet	sprachliche Verfahren, mit denen neue komplexe Wörter auf der Basis schon vorhandener sprachlicher Mittel erzeugt werden
PERIODISIERUNG	Periodisierung	41	Fachgebiet	Einteilung der Geschichte in Zeitalter oder Zeitabschnitte mit gemeinsamen Merkmalen
WALDECK	Waldeck	41	Land	Adelsgeschlecht und deutsches Land
JANMASHTAMI	Janmashtami	41	Fest	
FRUITSBASKET	Fruits Basket	41	Manga	japanische Manga-Serie
GINTAMA	Gin Tama	41	Manga	Mangaserie
SONICX	Sonic X	41	Anime-Serie	Anime-Fernsehserie aus dem Jahr 2003 (2003–2004)
PREDATORCITIES	Predator Cities	41	Romanreihe	Serie von vier Büchern von Philip Reeve (2001-2006)
EFOOTBALL	eFootball	41	Spielreihe	Computerspielserie
BATTLEFIELD	Battlefield	41	Spielreihe	Computerspiel-Serie
HITMAN	Hitman	41	Spielreihe	Computerspielserie
JOHNNIEWALKER	Johnnie Walker	41	Produkt	schottische Whiskymarke
WINDSACK	Windsack	41	Werkzeug	meteorologisches Messgerät
WYSCHYWANKA	Wyschywanka	41	Werkzeug|Kleidung	Hemd mit traditionellem Stickmuster
ALBE	Albe	41	Werkzeug|Kleidung	Gewand für den christlichen Gottesdienst
WIRESHARK	Wireshark	41	Werkzeug	Software zur Netzwerk-Analyse
SUWOROWORDEN	Suworoworden	41	Werkzeug|Kleidung	
BARONET	Baronet	41	Werkzeug|Kleidung	Adelstitel im Vereinigten Königreich
KURIER	Kurier	41	Online-Enzyklopädie	internes Nachrichtenblatt der Wikipedia-Gemeinschaft
SHEIN	Shein	41	Suchmaschine|Große Plattform	Online-Händler für Mode und Sportartikel mit Sitz in Singapur
ELEKTRARECORDS	Elektra Records	41	Plattenlabel	
REPUBLICRECORDS	Republic Records	41	Plattenlabel	Musiklabel der Universal Music Group
AEROMEXICO	Aeroméxico	41	Fluggesellschaft	Flagcarrier Mexikos
AIRMAURITIUS	Air Mauritius	41	Fluggesellschaft	Nationale Fluggesellschaft von Mauritius
OMANAIR	Oman Air	41	Fluggesellschaft	Nationale Fluggesellschaft des Oman
PUERTOCARREO	Puerto Carreño	41	Ort	Hauptstadt des kolumbianischen Departamento del Vichada
ONEUI	One UI	40	Software	von Samsung entwickelte Benutzeroberfläche
CRUNCHYROLL	Crunchyroll	40	App|Videostreaming	US-amerikanische Anime-Streaming-Plattform
PITCHFORKMEDIA	Pitchfork Media	40	Website	englischsprachige Musikwebsite
TVCOM	TV.com	40	Website	Website
GOOGLECLASSROOM	Google Classroom	40	Website	Internetplattform
MICROSOFTUPDATE	Microsoft Update	40	Onlinedienst	Online-Dienst mit angegliederter Webapplikation
CLOUDFLARE	Cloudflare	40	Onlinedienst	US-amerikanisches Internetunternehmen
CHESSCOM	Chess.com	40	Soziales Netzwerk	Online-Schachspielseite
EIFFEL	Eiffel	40	Programmiersprache	Programmiersprache
FORTH	Forth	40	Programmiersprache	Programmiersprache
ERLANG	Erlang	40	Programmiersprache	Programmiersprache
DART	Dart	40	Programmiersprache	Programmiersprache
KIKORIKI	Kikoriki	40	Animationsserie	russische Fernsehserie (2004–2023)
DARKSOULS	Dark Souls	40	Computerspiel	Computerspiel aus dem Jahr 2011
OUTLAST	Outlast	40	Computerspiel	First-Person-Survival Horror-Computerspiel
CIVILIZATIONVI	Civilization VI	40	Computerspiel	Computerspiel aus dem Jahr 2016
DRPEPPER	Dr Pepper	40	Marke	kohlensäurehaltiges Erfrischungsgetränk
ABSOLUTVODKA	Absolut Vodka	40	Marke	Schwedische Wodka- und Spirituosenmarke
GOOGLEPIXEL	Google Pixel	40	Marke	Handyserie von Google
WAYMO	Waymo	40	Autohersteller	Google-Tochtergesellschaft für selbstfahrende Autos (Robotaxis)
MERCEDESAMG	Mercedes-AMG	40	Autohersteller	deutscher Automobilhersteller
TOYOTAHILUX	Toyota Hilux	40	Automodell	Serie von Automobilmodellen
VWTOUAREG	VW Touareg	40	Automodell	Automodell
DOCTORDOOM	Doctor Doom	40	Fiktiver Mensch|Animierte Figur|Comicfigur	Superschurke aus dem Marvel-Universum
PHOEBEBUFFAY	Phoebe Buffay	40	Fiktiver Mensch|Fernsehfigur	fiktive Figur aus der Fernsehserie Friends
KYLOREN	Kylo Ren	40	Fiktiver Mensch|Comicfigur	Figur aus Star Wars
ROBIN	Robin	40	Animierte Figur|Fernsehfigur|Comicfigur	fiktive Figur
TARDIS	TARDIS	40	Fernsehfigur	fiktive Zeitmaschine
KOTELETT	Kotelett	40	Gericht/Lebensmittel	Rippchen, Scheibe aus dem Rippenstück
BAOZI	baozi	40	Gericht/Lebensmittel|Nahrung	gedämpfte, gefüllte Teigtasche
WANTAN	Wan Tan	40	Nahrung	Teigtasche aus der chinesischen Küche
RAITA	Raita	40	Nahrung	indisches Gericht auf Joghurtbasis
SAVOIARDEPAT	Savoiarde PAT	40	Nahrung	Back- und Konditoreiware – traditionelles italienisches Erzeugnis (PAT)
MUEHLE	Mühle	40	Brettspiel	Ein strategisches Brettspiel mit je 9 schwarzen und weißen Steinen
FERNSCHACH	Fernschach	40	Brettspiel	Schachvariante indem die Züge dem Gegner postalisch oder elektronisch übermittelt werden
PFERDESPORT	Pferdesport	40	Sportart	Teilbereich des Sports, der alle Sportarten umfasst, die mit dem Pferd als Partner ausgeübt werden
PADEL	Padel	40	Sportart	Racketsport, der Tennis und Squash kombiniert
BICHONFRISE	Bichon Frisé	40	Hunderasse	Hunderasse
KOMONDOR	Komondor	40	Hunderasse	ungarische Hunderasse
PULI	Puli	40	Hunderasse	ungarische Hunderasse
SCOTTISHTERRIER	Scottish Terrier	40	Hunderasse	britische Hunderasse
FIREFOXOS	Firefox OS	40	Betriebssystem	Open-Source-Betriebssystem für Smartphones und Tablets
MIUI	MIUI	40	Betriebssystem	Betriebssystem
AUDIOLOGIE	Audiologie	40	Fachgebiet	Wissenschaft, die sich mit der Prävention und Diagnose von Störungen des Hörens und Gleichgewichts beschäftigt
SPHRAGISTIK	Sphragistik	40	Fachgebiet	Siegelkunde
DAWA	Da’wa	40	Fachgebiet	missionarische Aktivität im Islam
HISTORIZISMUS	Historizismus	40	Kunstrichtung	geschichtsphilosophische Strömung
PIXELART	Pixel-Art	40	Kunstrichtung	Stilrichtung in der Computerkunst
PONGAL	Pongal	40	Fest|Feiertag	tamilisches Erntedankfest
GROUNDHOGDAY	Groundhog Day	40	Feiertag	kulturelles Ereignis in den USA
AZUMANGADAIOH	Azumanga Daioh	40	Manga	Fernsehserie
CAPTAINTSUBASA	Captain Tsubasa	40	Manga	Manga-Franchise
FALLOUTREIHE	Fallout-Reihe	40	Spielreihe	Computerspielserie
QUARZUHR	Quarzuhr	40	Werkzeug	Analoge oder digitale Uhr mit Quarzoszillator
NIVELLIERGERAET	Nivelliergerät	40	Werkzeug	Messinstrument, mit dem Höhenunterschiede gemessen und Höhenhorizonte hergestellt werden
GATNSEE	Gatúnsee	40	Werkzeug	Stausee in Panama
DISPLAYPORT	DisplayPort	40	Werkzeug	Verbindungsstandard für Bild, Ton und Video
MERCURYRECORDS	Mercury Records	40	Plattenlabel	US-amerikanisches Musiklabel
TSERIES	T-Series	40	Plattenlabel	indisches Musiklabel
AIRARABIA	Air Arabia	40	Fluggesellschaft	Billigfluggesellschaft aus den Vereinigten Arabischen Emiraten
AIRTRANSAT	Air Transat	40	Fluggesellschaft	kanadische Fluggesellschaft
GULFAIR	Gulf Air	40	Fluggesellschaft	Flagcarrier Bahrains
SWISSAIR	Swissair	40	Fluggesellschaft	ehemalige Schweizer Fluggesellschaft
COPAAIRLINES	Copa Airlines	40	Fluggesellschaft	panamaische Fluggesellschaft
KUWAITAIRWAYS	Kuwait Airways	40	Fluggesellschaft	staatliche Fluggesellschaft Kuwaits
NAUGHTYDOG	Naughty Dog	40	Videospielentwickler	US-amerikanisches Entwicklungsstudio für Computerspiele
GOOGLESITES	Google Sites	39	Software|Website	Webseitenerstellungs-Tool
LINE	Line	39	App|Soziales Netzwerk|Messenger	Instant-Messaging-Dienst
HARPERSBAZAAR	Harper’s Bazaar	39	Website	Zeitschrift
DEADLINECOM	Deadline.com	39	Website	Website
THEATLANTIC	The Atlantic	39	Website	US-amerikanisches Kulturmagazin
GOOGLESTADIA	Google Stadia	39	Videostreaming	Cloud-Gaming-Dienst von Google
DEEZER	Deezer	39	Musikstreaming	Web-basierter Musikstreaming-Dienst
GROOVY	Groovy	39	Programmiersprache	Programmiersprache und Skriptsprache, die auf der Java Virtual Machine ausgeführt wird
SPARQL	SPARQL	39	Programmiersprache	graphenbasierte Abfragesprache für RDF
MATROSKA	Matroska	39	Dateiformat	Containerformat für Multimediadaten
CODELYOKO	Code Lyoko	39	Animationsserie	französische Animationsserie (2003–2007)
DANNYPHANTOM	Danny Phantom	39	Animationsserie	Zeichentrickserie (2004–2007)
ZUMBA	Zumba	39	Marke	Markenname für ein Fitnesskonzept
SNAPDRAGON	Snapdragon	39	Marke	Reihe von System-on-a-Chips von Qualcomm
FIATPUNTO	Fiat Punto	39	Automodell	Kleinwagen von Fiat
CHEVROLETCAMARO	Chevrolet Camaro	39	Automodell	Sportwagen
PORSCHECAYENNE	Porsche Cayenne	39	Automodell	Oberklasse-SUV der Porsche AG
HYUNDAIACCENT	Hyundai Accent	39	Automodell	Pkw-Modell von Hyundai
PORSCHEPANAMERA	Porsche Panamera	39	Automodell	viertüriger Sportwagen der Porsche AG (Seit: 2009)
PETERGRIFFIN	Peter Griffin	39	Animierte Figur	fiktive Figur aus der Serie Family Guy
BOBAFETT	Boba Fett	39	Animierte Figur	fiktiver Charakter aus dem Star-Wars-Universum
RIDDLER	Riddler	39	Animierte Figur	Fiktive Figur
ABRAHAMSIMPSON	Abraham Simpson	39	Animierte Figur	fiktiver Charakter aus Die Simpsons
SCHWEINCHENDICK	Schweinchen Dick	39	Animierte Figur	Zeichentrickfigur
BASEJUMPING	Base-Jumping	39	Sportart	Fallschirmspringen von festen Objekten
ANDROIDOREO	Android Oreo	39	Betriebssystem	Android-Version
LINEAGEOS	LineageOS	39	Betriebssystem	androides Betriebssystem für mobile Endgeräte
YUNGASSTRASSE	Yungas-Straße	39	Straße	Straße in Bolivien
PICCADILLY	Piccadilly	39	Straße	Straße in London
NAPSTER	Napster	38	Software|Musikstreaming	ehemalige Peer-to-Peer-Musiktauschbörse
SED	sed	38	Computerprogramm|Programmiersprache	Unix-Werkzeug
GBOARD	Gboard	38	App	Bildschirmtastatur
VANITYFAIR	Vanity Fair	38	Website	US-amerikanische Zeitschrift
SIMULA	Simula	38	Programmiersprache	ALGOL-basierte Programmiersprache, mit Simula 67 die 1. objektorientierte
GAMBAS	Gambas	38	Programmiersprache	integrierte Entwicklungsumgebung für den BASIC-Dialekt Gambas
ABAP	ABAP	38	Programmiersprache	eine proprietäre Programmiersprache der Softwarefirma SAP, für die Programmierung kommerzieller Anwendungen im SAP-Umfeld
JULIA	Julia	38	Programmiersprache	Programmiersprache
DJVU	DjVu	38	Dateiformat	Grafikformat
BETAMAX	Betamax	38	Dateiformat	Magnetbandsystem zur Aufzeichnung von Video- und Audiosignalen
VORBIS	Vorbis	38	Dateiformat	(patent-)freies Audioformat für verlustbehaftete komprimierte Audiodaten
CHOWDER	Chowder	38	Animationsserie	Fernsehserie (2007–2009)
HEROELEMENTARY	Hero Elementary	38	Animationsserie	US-amerikanische Zeichentrickserie (2020–2022)
LIPTON	Lipton	38	Marke	Tee-Marke
CBEEBIES	CBeebies	38	Marke	Kinderfernsehsender der BBC
INTELCELERON	Intel Celeron	38	Marke	Marke für Mikroprozessoren von Intel
MESSERSCHMITTAG	Messerschmitt AG	38	Autohersteller	Flugzeug- und Automobilhersteller
NSUMOTORENWERKE	NSU Motorenwerke	38	Autohersteller	deutscher Fahrrad-, Motorrad-, Automobil- und Motorroller-Hersteller
KODAFABIA	Škoda Fabia	38	Automodell	Kleinwagen
TOYOTACELICA	Toyota Celica	38	Automodell	Sportcoupe von Toyota
SEATIBIZA	SEAT Ibiza	38	Automodell	Kleinwagen des Automobilherstellers Seat
RENAULTMEGANE	Renault Mégane	38	Automodell	PKW-Modell
CAPTAINMARVEL	Captain Marvel	38	Animierte Figur	fiktive Figur in DC Comics
TWEETY	Tweety	38	Animierte Figur	Trickfilmheld
PADDINGTONBAER	Paddington Bär	38	Animierte Figur	Kinderbuchfigur von Michael Bond
AHSOKATANO	Ahsoka Tano	38	Animierte Figur	fiktive Figur aus Star Wars
MAGNETO	Magneto	38	Animierte Figur	Comic-Figur mit Kräften, die sich auf Magnetismus beziehen
DOCTOREGGMAN	Doctor Eggman	38	Animierte Figur	fiktive Figur aus der Sonic-Serie
LAKSA	Laksa	38	Gericht/Lebensmittel|Lebensmittel|Nahrung	südostasiatische Suppe
GRUETZE	Grütze	38	Lebensmittel	grob gemahlenes Getreide, Nährmittel
APERITIF	Aperitif	38	Getränk	meist alkoholisches Getränk
RISIKO	Risiko	38	Brettspiel	Brettspiel, Strategiespiel
KYD	Kyūdō	38	Sportart	Kunst des japanischen Bogenschießens
SLITAZ	SliTaz	38	Betriebssystem	Linux distribution
OPENSOLARIS	OpenSolaris	38	Betriebssystem	Betriebssystem
ANDROIDLOLLIPOP	Android Lollipop	38	Betriebssystem	Android-Version
ABCNEWS	ABC News	38	Online-Enzyklopädie	amerikanischer Fernsehsender
RAKUTEN	Rakuten	38	Online-Community	japanisches Internet-Unternehmen
SHAZAM	Shazam	37	App|Website	Dienst zur Erkennung und Suche von Liedern, Alben und Produzenten
ALIPAY	AliPay	37	App|Marke	chinesisches Onlinebezahlsystem
WAZE	Waze	37	App|Onlinedienst|Suchmaschine	Navigationsprogramm und Verkehrsinformationssystem für Smartphones
MARCA	Marca	37	Website	spanische Zeitung
HATTRICK	Hattrick	37	Website	Computerspiel
ACADEMIAEDU	Academia.edu	37	Website|Soziales Netzwerk	Social-Networking-Website für Akademiker
BRAVESEARCH	Brave Search	37	Website|Suchmaschine	Web-Suchmaschine, entwickelt von Brave Software, Inc.
MAPLE	Maple	37	Programmiersprache	Computerprogramm für Algebra und andere Gebiete der Mathematik
COMMONLISP	Common Lisp	37	Programmiersprache	Programmiersprache
DIEJETSONS	Die Jetsons	37	Animationsserie	US-amerikanische Animationsserie (1962–1987)
POLICEACADEMY	Police Academy	37	Animationsserie	US-amerikanische Zeichentrickserie (1988–1991)
DARIA	Daria	37	Animationsserie	US-amerikanische Zeichentrickserie
HAZBINHOTEL	Hazbin Hotel	37	Animationsserie	US-amerikanische animierte Musicalserie
INTELATOM	Intel Atom	37	Marke	Mikroprozessor von Intel
TELEFUNKEN	Telefunken	37	Marke	ehemaliges Unternehmen in Deutschland
TEXACO	Texaco	37	Marke	US-amerikanisches Mineralölunternehmen, Tankstellennetz
OPELCORSA	Opel Corsa	37	Automodell	Kleinwagenserie von Opel
FORDESCORT	Ford Escort	37	Automodell	Pkw-Modelle der Kompaktklasse bzw. der unteren Mittelklasse
POISONIVY	Poison Ivy	37	Animierte Figur	fiktive Figur
KATERKARLO	Kater Karlo	37	Animierte Figur	Comic- und Zeichentrickfigur
KYLEBROFLOVSKI	Kyle Broflovski	37	Animierte Figur	fiktive Figur von Zeichentrickserie South Park
GENERALGRIEVOUS	General Grievous	37	Animierte Figur	fiktiver Cyborg aus dem Star-Wars-Universum
DIMSUM	Dim Sum	37	Gericht/Lebensmittel	kleine Gerichte, die meist gedämpft oder frittiert sind
NAENGMYEON	Naengmyeon	37	Gericht/Lebensmittel	koreanisches Nudelgericht
PANINO	Panino	37	Gericht/Lebensmittel	
GRANITAPAT	Granita PAT	37	Nahrung	Back- und Konditoreiware – traditionelles italienisches Erzeugnis (PAT)
KOULOURI	Koulouri	37	Nahrung	Kringel aus Brotteig mit Sesam
TARATOR	Tarator	37	Nahrung	kalte Gurkensuppe in der Balkanküche
SENET	Senet	37	Brettspiel	ägyptisches Brettspiel
PICKLEBALL	Pickleball	37	Sportart	Ballsportart, die Elemente des Badminton, Tennis und Tischtennis verbindet
MEGAMAN	Mega Man	37	Franchise	Computerspielfranchise
CYANOGENMOD	CyanogenMod	37	Betriebssystem	Betriebssystem für Smartphones und Tablets, Android-Derivat
ZORINOS	Zorin OS	37	Betriebssystem	Ubuntu-basierte Linux-Distribution ausgerichtet auf Windows-Umsteiger
EDUBUNTU	Edubuntu	37	Betriebssystem	Betriebssystem
IPADOS	iPadOS	37	Betriebssystem	Betriebssystem für das Apple iPad
NOWAJAGASETA	Nowaja Gaseta	37	Online-Enzyklopädie	russische Zeitung
SPAR	Spar	37	Supermarktkette	weltweit größter freiwilliger Zusammenschluss von Händlern zu einer Handelskette
AUCHAN	Auchan	37	Supermarktkette	französische Warenhauskette
ZION	Zion	37	Ort	Standort des ersten und zweiten salomonischen Tempels
SMARTCONTRACT	Smart Contract	36	Computerprogramm	computergestützte Abbildung der Logik vertraglicher Regelungen
SLACK	Slack	36	App|Messenger	webbasierter Instant-Messaging-Dienst
WATTPAD	Wattpad	36	Website	Online-Plattform zum Schreiben, Teilen und Lesen
XBOXNETWORK	Xbox Network	36	Onlinedienst	Onlinenetzwerk von Microsoft
KAHOOT	Kahoot	36	Onlinedienst	spielorientierte Bildungswebsite
TURBOPASCAL	Turbo Pascal	36	Programmiersprache	Entwicklungsumgebung für Software
XPATH	XPath	36	Programmiersprache	Abfragesprache zum Adressieren von XML-Elementen
RIFFWAVE	RIFF WAVE	36	Dateiformat	Container-Dateiformat
VIDEOCD	Video-CD	36	Dateiformat	Videoformat für optische Datenträger
TEENTITANS	Teen Titans	36	Animationsserie	US-amerikanische Fernsehserie (2003–2006)
DIEENTERPRISE	Die Enterprise	36	Animationsserie	US-amerikanische Zeichentrick-Animationsserie im fiktiven Star-Trek-Universum (1973–1974)
INTELITANIUM	Intel Itanium	36	Marke	64-Bit-Mikroprozessor
DORITOS	Doritos	36	Marke	Tortilla-Chips-Marke
CAMPARI	Campari	36	Marke	Likör
SOLIDWORKS	SolidWorks	36	Marke	
INTELCORE	Intel Core	36	Marke	Marke für Mikroprozessoren von Intel
SIMCA	Simca	36	Autohersteller	ehemaliger Automobilhersteller
OLDSMOBILE	Oldsmobile	36	Autohersteller	ehemaliger US-amerikanischer Automobilhersteller
IKARUS	Ikarus	36	Autohersteller	ungarischer Hersteller von Omnibussen und Oberleitungsbussen
HINOJIDSHA	Hino Jidōsha	36	Autohersteller	ehemaliger Automobilhersteller
STUDEBAKER	Studebaker	36	Autohersteller	ehemaliger US-amerikanischer Automobilhersteller
SUBARUIMPREZA	Subaru Impreza	36	Automodell	Fahrzeugmodell welches oft im Rennsport verwendet wird
PORSCHEBOXSTER	Porsche Boxster	36	Automodell	Sportwagen von Porsche
OPELCALIBRA	Opel Calibra	36	Automodell	Sportcoupé des Autoherstellers Opel
NISSANQASHQAI	Nissan Qashqai	36	Automodell	japanisches Automodell
OPELINSIGNIA	Opel Insignia	36	Automodell	Fahrzeug der Mittelklasse der Marke Opel
LOISLANE	Lois Lane	36	Animierte Figur	fiktive Figur
AANG	Aang	36	Animierte Figur	fiktiver Mensch aus Avatar – Der Herr der Elemente
TROCKENFISCH	Trockenfisch	36	Gericht/Lebensmittel	zur Konservierung getrockneter Fisch
SMOERGS	smörgås	36	Gericht/Lebensmittel	Belegtes Butterbrot
IMAMBAYILDI	Imam Bayıldı	36	Nahrung	Gemüsegericht aus geschmorten gefüllten Auberginen
GHORMESABZI	Ghorme sabzi	36	Nahrung	persischer Bohneneintopf mit Kräutern
SPARGELBOHNE	Spargelbohne	36	Nahrung	Unterart der Art Vigna unguiculata
SCHWARTE	Schwarte	36	Nahrung	Haut vom Schwein
OELRINGKAMPF	Öl-Ringkampf	36	Sportart	Ringkampfvariante
NAHKAMPF	Nahkampf	36	Sportart	Kampfkunst
TETHER	Tether	36	Kryptowährung	Kryptowährung
WINDOWSSERVER	Windows Server	36	Betriebssystem	Betriebssytem für Server
SUSELINUX	SuSE Linux	36	Betriebssystem	Betriebssystem
ANDROIDTV	Android TV	36	Betriebssystem	Smart-TV-Plattform von Google
THEMALL	The Mall	36	Straße	Prachtstraße in London
BOOKINGCOM	Booking.com	36	Suchmaschine|Große Plattform	Hotel-Suchmaschine
GAMESPY	GameSpy	35	Software	früheres Computerspielservice und US-amerikanisches Spielemagazin
KINECT	Kinect	35	Software|Marke	Spielkonsolenzubehör
RETSCREEN	RETScreen	35	Software	Software
WIKIWAND	Wikiwand	35	Software|Website	alternative grafische Benutzeroberfläche für Wikipedia
YANDEXMAPS	Yandex.Maps	35	App|Website	Online-Geodatendienst
CLUBHOUSE	Clubhouse	35	App	Amerikanischer audiobasierter sozialer Netzwerkdienst
TENCENTQQ	Tencent QQ	35	App|Website|Soziales Netzwerk|Online-Community	Netzwerkprotokoll
WIKIHOW	wikiHow	35	Website	Website im Wiki-Prinzip für Tutorials
SOURCEFORGE	SourceForge	35	Website	Web-basierter Groupware- und Hosting-Dienst für quelloffene Softwareprojekte
TRIPADVISOR	Tripadvisor	35	Website	US-amerikanische Touristikwebsite
LICHESS	Lichess	35	Website|Online-Community	Schachserver
LIBRARYGENESIS	Library Genesis	35	Website	Schattenbibliothek urheberrechtlich geschützter wissenschaftlicher Aufsätze, die sonst nicht allgemein zugänglich wären, weil der freie Zugriff auf sie durch die Paywall eines Verlags ganz oder teilweise verhindert wird
ASKFM	Ask.fm	35	Soziales Netzwerk	soziale Website
SCILAB	Scilab	35	Programmiersprache	Kostenlose und Open-Source-Software für numerische Berechnungen
AMERICANDRAGON	American Dragon	35	Animationsserie	US-amerikanische Fernsehserie (2005–2007)
CAMPLAZLO	Camp Lazlo	35	Animationsserie	US-amerikanische Fernsehserie (2005–2008)
DUCKTALES	DuckTales	35	Animationsserie	Reboot der Disney-Serie DuckTales (2017–2021)
INTELXEON	Intel Xeon	35	Marke	Marke von x86-Mikroprozessoren
TETRAPAK	Tetra Pak	35	Marke	Unternehmen und Marke von Getränkekartons
TDK	TDK	35	Marke	Japanischer Hersteller von elektronischen Bauteilen und Komponenten
KENWOOD	Kenwood	35	Marke	Ehemaliges japanisches Unternehmen der Elektronik-Branche
SANDISK	SanDisk	35	Marke	US-amerikanischer Halbleiter- und Speichermedienhersteller
CHERYAUTOMOBILE	Chery Automobile	35	Autohersteller	chinesischer Automobilhersteller
PROTON	Proton	35	Autohersteller	malaysische Automobilmarke
MATRA	Matra	35	Autohersteller	ehemaliger Automobilhersteller
OPELVECTRA	Opel Vectra	35	Automodell	Fahrzeug der Mittelklasse von Opel
DACIADUSTER	Dacia Duster	35	Automodell	Sport Utility Vehicle
VWJETTA	VW Jetta	35	Automodell	Pkw-Modellreihe von Volkswagen
VWBUS	VW-Bus	35	Automodell	multifunktionaler Fahrzeugtyp als Kleinbus und Kleintransporter
RENAULTTWINGO	Renault Twingo	35	Automodell	Kleinstwagen von Renault
BANE	Bane	35	Animierte Figur	fiktive Figur
PINGUIN	Pinguin	35	Animierte Figur	fiktive Figur
SANDYCHEEKS	Sandy Cheeks	35	Animierte Figur	fiktive Figur aus der Zeichentrickserie SpongeBob Schwammkopf
SHABUSHABU	Shabu shabu	35	Nahrung	japanisches Gericht
CORNEDBEEF	Corned Beef	35	Nahrung	Rindfleisch
PACHISI	Pachisi	35	Brettspiel	Brettspiel
RASENBOWLEN	Rasenbowlen	35	Sportart	britische Variante des Boule-Spiels
WAKEBOARD	Wakeboard	35	Sportart	Wassersportart ähnlich dem Wasserski
MULTICS	Multics	35	Betriebssystem	Weiterentwicklung des MIT Compatible Time-Sharing System (CTSS), Vorläufer von Unix
TRISQUEL	Trisquel	35	Betriebssystem	Betriebssystem
MEEGO	MeeGo	35	Betriebssystem	unixoides Betriebssystem für mobile Endgeräte
PCLINUXOS	PCLinuxOS	35	Betriebssystem	Mandriva-basierte Linux-Distribution
AMIGAOS	AmigaOS	35	Betriebssystem	Betriebssystem für den Commodore Amiga
OPENVMS	OpenVMS	35	Betriebssystem	Betriebssystem des Unternehmens VMS Software Inc.
DRAGONFLYBSD	DragonFly BSD	35	Betriebssystem	Betriebssystem
HRINGVEGUR	Hringvegur	35	Straße	Straße in Island
JSAINSBURY	J Sainsbury	35	Supermarktkette	Muttergesellschaft der britischen Supermarktkette Sainsbury's Supermarkets
ESPERANTUJO	Esperantujo	35	Ort	
SUBLIMETEXT	Sublime Text	34	Software	Texteditor
GOOGLENOTIZEN	Google Notizen	34	Software	cloudbasierte Softwareanwendung für Notizen
TAOBAO	Taobao	34	App|Website	chinesische online-Einkaufsplattform für den Handel zwischen Privatpersonen
ALLO	Allo	34	App|Messenger	Instant-Messaging-App von Google
GOOGLEDUO	Google Duo	34	App	Video-Chat-App von Google
FACETIME	FaceTime	34	App|Onlinedienst	kostenloser Chat-Dienst des US-amerikanischen Unternehmens Apple
PANORAMIO	Panoramio	34	Website	Tauschseite für georeferenzierte Fotografien
DEEPL	DeepL	34	Website	KI-gestützter maschineller Übersetzungsdienst von DeepL SE
QBASIC	QBasic	34	Programmiersprache	Programmiersprache
OBJECTPASCAL	Object Pascal	34	Programmiersprache	Programmiersprache
ABC	ABC	34	Programmiersprache	Programmiersprache
MAKE	make	34	Programmiersprache	Build-Management-Tool
INSPECTORGADGET	Inspector Gadget	34	Animationsserie	Fernsehserie (1983–1985)
POCOYO	Pocoyo	34	Animationsserie	spanische Zeichentrickserie
THALYS	Thalys	34	Marke	internationaler Hochgeschwindigkeitszug
CATIA	CATIA	34	Marke	CAD-System der französischen Firma Dassault Systèmes
SKITTLES	Skittles	34	Marke	Markenname für zuckerumhüllte Kaudragees
DRMARTENS	Dr. Martens	34	Marke	Schuhserie
OPELKADETT	Opel Kadett	34	Automodell	Auto-Modellreihe
FIATUNO	Fiat Uno	34	Automodell	Kleinwagen von Fiat
BLADE	Blade	34	Animierte Figur	Comichelden und gleichnamiger Comicreihe des US-amerikanischen Verlages Marvel Comics
JANGOFETT	Jango Fett	34	Animierte Figur	fiktive Figur
LANDOCALRISSIAN	Lando Calrissian	34	Animierte Figur	fiktive Figur aus Star Wars
BEEFSTEAK	Beefsteak	34	Gericht/Lebensmittel	Fleischscheibe vom Rind
KETUPAT	Ketupat	34	Lebensmittel	knödelähnliche Reisspeise aus Südostasien
DISCGOLF	Discgolf	34	Sportart	Sportart
PENCAKSILAT	Pencak Silat	34	Sportart	indonesische Kampfkunst
LUFTSPORT	Luftsport	34	Sportart	Arten von sportlichen Aktivitäten mit oder in Luftfahrzeugen
KANUPOLO	Kanupolo	34	Sportart	Sportart
TANZSPORT	Tanzsport	34	Sportart	Tanzen als Sportart
TRIGUN	Trigun	34	Franchise	Manga- und Animefranchise
PALMOS	Palm OS	34	Betriebssystem	Betriebssystem
AIX	AIX	34	Betriebssystem	Unix-Betriebssystem von IBM
TIZEN	Tizen	34	Betriebssystem	Linux-basiertes mobiles Betriebssystem
STEAMOS	SteamOS	34	Betriebssystem	Linuxdistribution für Videospiele
NBCNEWS	NBC News	34	Online-Enzyklopädie	Nachrichtenabteilung des US-amerikanischen Fernsehsenders NBC
ZUNE	Zune	33	Software	MP3-Player von Microsoft
PROTONMAIL	Proton Mail	33	Software	Ende-zu-Ende-verschlüsselnder E-Mail-Dienst der Proton AG
MATERIALDESIGN	Material Design	33	Software	von Google entwickelte Designsprache, die auf dem Designstil "Flat Design" basiert
SOKOBAN	Sokoban	33	Computerprogramm	Computerspiel
BILIBILI	Bilibili	33	App|Website|Videostreaming|Videoportal|Online-Community	Video-Sharing-Website
ANDROIDAUTO	Android Auto	33	App|Betriebssystem	von Google LLC entwickeltes System, um Funktionen eines Android-Smartphones mit dem Infotainmentsystem in Kraftfahrzeugen zu nutzen
MUSICALLY	Musical.ly	33	App|Videoportal	ehemalige Social-Media-Plattform
GOOGLEGROUPS	Google Groups	33	Website	Service von Google
TVGUIDE	TV Guide	33	Website	amerikanische Zeitschrift
DIGG	Digg	33	Website	US-amerikanischer Nachrichten-Aggregator und Social-Bookmarking-Dienst
DELICIOUS	Delicious	33	Website	Anwendung für Social Bookmarking
INDIATODAY	India Today	33	Website	indisches Wochenmagazin
XNXX	XNXX	33	Website|Suchmaschine|Große Plattform	pornografisches Videoportal
ODYSEE	Odysee	33	Videostreaming|Videoportal	dezentralisierte Videoplattform
GOOGLEBUZZ	Google Buzz	33	Soziales Netzwerk	Eingestellter sozialer Netzwerkdienst, in Gmail integriert
REXX	REXX	33	Programmiersprache	Programmiersprache
VISICALC	VisiCalc	33	Programmiersprache	Tabellenkalkulationssoftware
PROCESSING	Processing	33	Programmiersprache	Programmiersprache
XQUERY	XQuery	33	Programmiersprache	Programmiersprache
DUBLINCORE	Dublin Core	33	Dateiformat	Konvention zur Beschreibung von Dokumenten und anderen Objekten im Internet
CSV	CSV	33	Dateiformat	Textdatei im Tabellenformat, in der die Daten in Zeilen und Spalten angeordnet sind und die Werte in den Spalten durch ein Zeichen getrennt werden
APK	APK	33	Dateiformat	Dateiformat, welches von Googles Betriebssystem Android benutzt wird
NINJAGO	Ninjago	33	Animationsserie	kanadisch-dänische Fernsehserie (2011–2022)
DARKWINGDUCK	Darkwing Duck	33	Animationsserie	US-amerikanische Animationsserie (1991–1992)
BOBSBURGERS	Bob’s Burgers	33	Animationsserie	US-amerikanische Zeichentrickserie
SONICBOOM	Sonic Boom	33	Animationsserie	französisch-amerikanische Animationsserie (2014–2017)
BRAUN	Braun	33	Marke	Elektrogerätemarke der US-amerikanischen Procter & Gamble Company
THINKPAD	ThinkPad	33	Marke	Baureihe von Laptops und Tablets der Firma Lenovo
HUSQVARNA	Husqvarna	33	Marke	Hersteller von Motorgeräten für Profianwender und Hobbygärtner, Forstgeräten und Schutzausrüstung
TUPPERWARE	Tupperware	33	Marke	US-amerikanisches Unternehmen und Marke für Küchen- und Haushaltsartikel sowie Kosmetik- und Körperpflegeprodukte
UNIMOG	Unimog	33	Marke	Marke für universelle allradgetriebene Nutzfahrzeuge der Markenfamilie Mercedes-Benz
GRUNDIGAG	Grundig AG	33	Marke	deutsches Unternehmen
SKYSPORTS	Sky Sports	33	Marke	Fernsehkanal
DSAUTOMOBILES	DS Automobiles	33	Autohersteller	französische Automobilmarke
CHEVROLETCRUZE	Chevrolet Cruze	33	Automodell	Pkw-Modell der Mittelklasse
OPELZAFIRA	Opel Zafira	33	Automodell	Kraftfahrzeug der Marke Opel
PONTIACFIREBIRD	Pontiac Firebird	33	Automodell	Pony Car des US-amerikanischen Automobilherstellers Pontiac
NEDFLANDERS	Ned Flanders	33	Animierte Figur	fiktiver Charakter aus Die Simpsons
FRY	Fry	33	Animierte Figur	Figur in der Zeichentrickserie Futurama
MOESZYSLAK	Moe Szyslak	33	Animierte Figur	Fiktiver Charakter aus Die Simpsons
ACARAJE	Acarajé	33	Gericht/Lebensmittel	Gericht der Küche Bahia's im brasilianischen Nordosten
SCHNECKE	Schnecke	33	Gericht/Lebensmittel	zum Verzehr zubereitete Schnecken
LEBENSMITTEL	Lebensmittel	33	Gericht/Lebensmittel	Nahrung für die menschliche Ernährung
STREIFENBRASSE	Streifenbrasse	33	Nahrung	Art der Gattung Spondyliosoma
HAFERFLOCKEN	Haferflocken	33	Nahrung	Getreideprodukt aus Saat-Hafer
ZUCKERROHRSAFT	Zuckerrohrsaft	33	Getränk	Saft aus Zuckerrohr
TEQUILASUNRISE	Tequila Sunrise	33	Getränk	Cocktail
BOULDERN	Bouldern	33	Sportart	Klettern in Absprunghöhe ohne Seilsicherung
BOULE	Boule	33	Sportart	Präzisionsspiel
PARAEISHOCKEY	Para-Eishockey	33	Sportart	dem Eishockey ähnliche Behindertensportart
EISKLETTERN	Eisklettern	33	Sportart	Disziplin im Klettersport
SPORTKLETTERN	Sportklettern	33	Sportart	Form des Freikletterns
WINDOWSRT	Windows RT	33	Betriebssystem	Microsoft Windows 6.2 für die ARM-Architektur
MAEMO	Maemo	33	Betriebssystem	unixoides Betriebssystem für mobile Endgeräte
BADA	Bada	33	Betriebssystem	Betriebssystem
ANDROIDPIE	Android Pie	33	Betriebssystem	Android-Version
XENIX	Xenix	33	Betriebssystem	Betriebssystem von Microsoft das auf Unix basiert
WEAROS	Wear OS	33	Betriebssystem	Betriebssystem von Google für Smartwatches
GOOGLEFUCHSIA	Google Fuchsia	33	Betriebssystem	von Google entwickeltes Betriebssystem
BURMASTRASSE	Burmastraße	33	Straße	Straße in China
WIKITRIBUNE	Wikitribune	33	Online-Enzyklopädie	kommerzielles Nachrichtenportal
MOUNTADAMS	Mount Adams	33	Ort	Schichtvulkan im Kaskadengebirge im Bundesstaat Washington der USA
ADOBEPAGEMAKER	Adobe PageMaker	32	Software	Software
AUTOIT	AutoIt	32	Software|Programmiersprache	Software zum Ausführen von Skripten
METASPLOIT	Metasploit	32	Software	Werkzeug zur Entwicklung und Ausführung von Exploits gegen verteilte Zielrechner
NORDVPN	NordVPN	32	Software	VPN-Anbieter
YOUKU	Youku	32	App|Website|Videostreaming|Videoportal	chinesisches Videoportal
ESQUIRE	Esquire	32	Website	US-amerikanisches Männermagazin
FREENODE	freenode	32	Website	IRC-Netzwerk
GOOGLEREADER	Google Reader	32	Website	Webbasierter RSS- und Atom-Feed-Reader
GRAMMARLY	Grammarly	32	Website	US-amerikanisches Softwareunternehmen
FIGMA	Figma	32	Website	Software zum Erstellen von UI-Prototypen
PEACOCK	Peacock	32	Videostreaming	Video-on-Demand-Dienstleister
BANDCAMP	Bandcamp	32	Musikstreaming	Online-Musikdienst, der unabhängigen Musikern/Bands Möglichkeiten eröffnet
METALANGUAGE	Meta Language	32	Programmiersprache	funktionale Programmiersprache
APACHEANT	Apache Ant	32	Programmiersprache	Werkzeug zum automatisierten Erzeugen von ausführbaren Computerprogrammen aus Quelltexten
ELIXIR	Elixir	32	Programmiersprache	Programmiersprache
WEBASSEMBLY	WebAssembly	32	Programmiersprache|Dateiformat	standardisiertes Bytecode-Format zur Einbindung in HTML-Umgebungen
VRML	VRML	32	Dateiformat	Beschreibungssprache für 3D-Szenen
JOHNNYTEST	Johnny Test	32	Animationsserie	Fernsehserie (2005–2014)
PLAYMOBIL	Playmobil	32	Marke	Spielzeugmarke des deutschen Herstellers geobra Brandstätter
DUNLOP	Dunlop	32	Marke	Marke
LANCME	Lancôme	32	Marke	Kosmetikmarke des französischen Konzerns L’Oréal
LEGOMINDSTORMS	Lego Mindstorms	32	Marke	Produktreihe von Lego für programmierbare Roboter
REDMI	Redmi	32	Marke	Smartphone
ABARTH	Abarth	32	Autohersteller	Italienisches Automobilunternehmen
BRABUS	Brabus	32	Autohersteller	deutsches Fahrzeugtuningunternehmen
XPENG	Xpeng	32	Autohersteller	Automobilhersteller aus China
OPELASCONA	Opel Ascona	32	Automodell	Automodell von Opel
CHEVROLETAVEO	Chevrolet Aveo	32	Automodell	Kleinwagen
FIATPANDA	Fiat Panda	32	Automodell	Auto-Modellreihe
RENAULTSCENIC	Renault Scénic	32	Automodell	Kompaktvan des französischen Automobilherstellers Renault
SCARECROW	Scarecrow	32	Animierte Figur	fiktive Figur
STEWIEGRIFFIN	Stewie Griffin	32	Animierte Figur	fiktive Figur aus der Zeichentrickserie Family Guy
QUICKSILVER	Quicksilver	32	Animierte Figur	Comicbuch-Charakter
MRKRABS	Mr. Krabs	32	Animierte Figur	fiktive Figur aus der Zeichentrickserie SpongeBob Schwammkopf
LUDO	Ludo	32	Brettspiel|Sportart	Brettspiel
FAUSTBALL	Faustball	32	Sportart	Rückschlagspiel für zwei Mannschaften, ähnlich dem Volleyball
FRAUENTRAGEN	Frauentragen	32	Sportart	ein Sport, bei dem Männer Frauen durch einen Hindernisparcour tragen
GJRY	Gōjū-Ryū	32	Sportart	Karate-Stil
DIEM	Diem	32	Kryptowährung	geplantes Privatgeld
GUNDAM	Gundam	32	Franchise	japanisches Science-Fiction-Franchise
UBUNTUSTUDIO	Ubuntu Studio	32	Betriebssystem	Linux-Distribution
WEBOS	webOS	32	Betriebssystem	Betriebssystem
SLAX	Slax	32	Betriebssystem	Linuxverteilung
KITKAT	KitKat	32	Betriebssystem	Android-Version
IGOOGLE	iGoogle	31	Software|Website	anpassbare Startseite oder persönliches Webportal von Google
WEBGL	WebGL	31	Software|Programmiersprache	JavaScript‑Schnittstelle zur Nutzung von OpenGL/3D‑Rendering in Webbrowsern.
ELIZA	ELIZA	31	Software	von Joseph Weizenbaum entwickeltes Computerprogramm
UCBROWSER	UC Browser	31	Software	Webbrowser aus Asien
FOURSQUARE	Foursquare	31	App|Soziales Netzwerk	
DISTROWATCH	DistroWatch	31	Website	Bewertungs-Website für Linux-Distributionen
KAUFLAND	Kaufland	31	Website	Supermarktkette und Online-Marktplatz
PASPORTASERVO	Pasporta Servo	31	Website	Netzwerk der Weltjugendorganisation der Esperantisten
YAHOOMAIL	Yahoo Mail	31	Website	E-Mail-Dienst
WEBCITE	WebCite	31	Website	On-Demand-Archivierungsdienst
SIMILARWEB	Similarweb	31	Website	englisches Internet-Dienstleistungsunternehmen
TIDAL	Tidal	31	Website|Videostreaming|Musikstreaming	Musikstreaming-Dienst
XIAOHONGSHU	Xiaohongshu	31	Soziales Netzwerk	vom chinesischen Unternehmen Xingin entwickelte Plattform für Kurzvideos
ASSEMBLER	Assembler	31	Programmiersprache	Computerprogramm, das eine Assemblersprache in Maschinensprache übersetzt
ATOM	Atom	31	Dateiformat	Dateiformat
WEBP	WebP	31	Dateiformat	Grafikformat für verlustbehaftet oder verlustfrei komprimierte statische oder animierte Bilder
CAPTAINPLANET	Captain Planet	31	Animationsserie	US-amerikanische Zeichentrickserie (1990–1996)
ARCHER	Archer	31	Animationsserie	US-amerikanische Zeichentrickserie
VEGGIETALES	VeggieTales	31	Animationsserie|Franchise	US-amerikanische christliche Zeichentrickserie (1993–2015)
CASTLEVANIA	Castlevania	31	Animationsserie	US-amerikanische Zeichentrickserie (2017–2021)
AMPHIBIA	Amphibia	31	Animationsserie	US-amerikanische Animationsserie (2019–2022)
HOTWHEELS	Hot Wheels	31	Marke	Spielzeugauto-Marke
HISPANOSUIZA	Hispano-Suiza	31	Marke	Unternehmen der Automobil- und Luftfahrtindustrie
GORILLAGLASS	Gorilla Glass	31	Marke	robustes Abdeckglas für Touchscreens
SUNTORY	Suntory	31	Marke	Unternehmen in Japan
MONSTERHIGH	Monster High	31	Marke|Franchise	Spielzeug
BMWM	BMW M	31	Autohersteller	Tochterunternehmen des Automobilherstellers BMW
DKW	DKW	31	Autohersteller	deutsche Automobil- und Motorradmarke, Werke in Chemnitz und Zschopau
HORCH	Horch	31	Autohersteller	deutscher Autohersteller
DODGECHALLENGER	Dodge Challenger	31	Automodell	Sportcoupé von Dodge
VWSCIROCCO	VW Scirocco	31	Automodell	Pkw-Modellreihe von Volkswagen
FIATCINQUECENTO	Fiat Cinquecento	31	Automodell	Kleinstwagen von Fiat
OPELMERIVA	Opel Meriva	31	Automodell	Automodell von Opel
RENAULTTRAFIC	Renault Trafic	31	Automodell	Kleinbus und Kleintransporter der französischen Marke Renault
RENAULTLAGUNA	Renault Laguna	31	Automodell	Mittelklasse zugeordnetes Fahrzeug des Automobilherstellers Renault
NISSANMICRA	Nissan Micra	31	Automodell	Kleinwagen
MISTERFANTASTIC	Mister Fantastic	31	Animierte Figur	
RUJAK	Rujak	31	Gericht/Lebensmittel|Lebensmittel	traditioneller javanischer Salat
SAMANAK	Samanak	31	Gericht/Lebensmittel	Neujahrsspeise in Zentralasien
TAHDIG	Tahdig	31	Gericht/Lebensmittel	
SMRREBRD	Smørrebrød	31	Nahrung	traditionelles dänisches Mittagessen
SPORTGETRAENK	Sportgetränk	31	Getränk	Art von Funktionsgetränk
ENDUROSPORT	Endurosport	31	Sportart	Motorsportart
ROLLHOCKEY	Rollhockey	31	Sportart	Sportart
BAGUAZHANG	Baguazhang	31	Sportart	chinesischer Stil der Kampfkunst
TEQBALL	Teqball	31	Sportart	ungarische Sportart, Fußball-Tischtennis-Kombi
DRSLUMP	Dr. Slump	31	Franchise	Mangaserie
QNX	QNX	31	Betriebssystem	unixoides Echtzeitbetriebssystem
NETWARE	NetWare	31	Betriebssystem	Betriebssystem
OPENWRT	OpenWrt	31	Betriebssystem	Linux-Distribution für WLAN-Router
UBUNTUTOUCH	Ubuntu Touch	31	Betriebssystem	unixoides Betriebssystem für mobile Endgeräte
TAILS	Tails	31	Betriebssystem	Linux-Distribution, welche die Privatsphäre und Anonymität des Nutzers schützen möchte
BACKTRACK	BackTrack	31	Betriebssystem	Linux-Distribution für Penetrationstests
BLACKBERRYOS	Blackberry OS	31	Betriebssystem	Betriebssystem für Mobilgeräte
TRUEOS	TrueOS	31	Betriebssystem	freies Betriebssystem samt optimierter Benutzeroberfläche auf der Basis des Unix-Derivats FreeBSD
TVOS	tvOS	31	Betriebssystem	Betriebssystem des Apple TV
GRAPHENEOS	GrapheneOS	31	Betriebssystem	Android-basiertes, quelloffenes, auf Datenschutz und Sicherheit ausgerichtetes mobiles Betriebssystem für ausgewählte Smartphones.
ATLANTIKSTRASSE	Atlantikstraße	31	Straße	Straße in Norwegen
YAHOOMESSENGER	Yahoo Messenger	30	Software|Messenger	Instant-Messaging-Dienst von Yahoo
APPLEBOOKS	Apple Books	30	App	E-Book-Verwaltungssoftware von Apple
EREPUBLIK	ERepublik	30	Website	Computerspiel
WIKISCANNER	WikiScanner	30	Website	
CHINADAILY	China Daily	30	Website	größte englischsprachige Tageszeitung in der Volksrepublik China
BUZZFEED	BuzzFeed	30	Website	US-amerikanische Medienplattform
BUSINESSINSIDER	Business Insider	30	Website|Online-Enzyklopädie	Nachrichtenwebsite
EBIRD	eBird	30	Website	
SLASHDOT	Slashdot	30	Website	Mischung aus einem web-basierten Nachrichtenticker und einem Blog
NETEASE	NetEase	30	Website	chinesisches Internettechnologieunternehmen
GITLAB	GitLab	30	Website|Online-Community	Webanwendung zur Git Versionsverwaltung
BELLINGCAT	Bellingcat	30	Website	investigatives Recherchenetzwerk
SLITHERIO	Slither.io	30	Website	Massively Multiplayer Online Game
PARLER	Parler	30	Soziales Netzwerk	Amerikanischer Alt-Tech-Social-Networking-Dienst
YOUTUBESHORTS	YouTube Shorts	30	Soziales Netzwerk|Videoportal	Kurzvideoclip-Sharing-Dienst von YouTube
FREEBASIC	FreeBASIC	30	Programmiersprache	Programmiersprache
HTACCESS	.htaccess	30	Dateiformat	Konfigurationsdatei für verzeichnisspezifische Einstellungen bei Webservern
LOGDATEI	Logdatei	30	Dateiformat	Aufzeichnung bestimmter Ausgaben von laufenden Computerprogrammen, i.d.R. zu Diagnosezwecken
BUBBLEGUPPIES	Bubble Guppies	30	Animationsserie	US-amerikanische Vorschulserie
CAILLOU	Caillou	30	Animationsserie	Zeichentrickserie für Kinder (1997–2010)
ROBOTCHICKEN	Robot Chicken	30	Animationsserie	US-amerikanische Fernsehserie der Produzenten Seth Green
DINOZUG	Dino-Zug	30	Animationsserie	Zeichentrickserie (2009–2020)
INVINCIBLE	Invincible	30	Animationsserie	Zeichentrickserie
BILLA	Billa	30	Marke	österreichisches Lebensmitteleinzelhandelsunternehmen
NESPRESSO	Nespresso	30	Marke	Kaffee(-kapseln) von Nestlé
NEOPLAN	Neoplan	30	Marke	Omnibusmarke der MAN Truck & Bus AG
DETOMASO	De Tomaso	30	Autohersteller	italienische Automarke
WANDERER	Wanderer	30	Autohersteller	ehemaliger Fahrrad- und Automobilhersteller
GMDAEWOO	GM Daewoo	30	Autohersteller	südkoreanischer Automobilhersteller
DALLARA	Dallara	30	Autohersteller	Rennwagenhersteller aus Varano de’ Melegari in Italien
NIO	Nio	30	Autohersteller	chinesischer Automobilhersteller
VWCADDY	VW Caddy	30	Automodell	Auto-Modellreihe
NISSANPATROL	Nissan Patrol	30	Automodell	Gelände-Fahrzeug
FORDGT	Ford GT	30	Automodell	Mittelmotor-Sportwagen des Automobilherstellers Ford
SABRETOOTH	Sabretooth	30	Animierte Figur	Comicbuch-Charakter
MRFREEZE	Mr. Freeze	30	Animierte Figur	fiktive Figur
HELLBOY	Hellboy	30	Animierte Figur	fiktive Figur
FLASHGORDON	Flash Gordon	30	Animierte Figur	Figur der Comic-Literatur und des amerikanischen Science-Fiction-Genres
YOGIBAER	Yogi Bär	30	Animierte Figur	fiktive Figur
DONBURI	Donburi	30	Gericht/Lebensmittel	japanisches Gericht
APFELESSIG	Apfelessig	30	Nahrung	Speiseessig aus Apfelwein
BANANENCHIPS	Bananenchips	30	Nahrung	frittierte oder getrocknete Bananenscheiben
JAJANGMYEON	Jajangmyeon	30	Nahrung	koreanisches Nudelgericht
RUMMIKUB	Rummikub	30	Brettspiel	Legespiel
STERNHALMA	Sternhalma	30	Brettspiel	Brettspiel, Variante des Halma
CANYONING	Canyoning	30	Sportart	Begehen einer Schlucht von oben nach unten
PESAEPALLO	Pesäpallo	30	Sportart	finnisches Baseball
AIRHOCKEY	Air-Hockey	30	Sportart	Geschicklichkeitsspiel
KAMELRENNEN	Kamelrennen	30	Sportart	
BUD	Budō	30	Sportart	japanische Kampfkünste
ROLLERDERBY	Roller Derby	30	Sportart	Vollkontaktsport auf Rollschuhen
TSUCHU	Tsu Chu	30	Sportart	asiatisches Ballspiel
SOLANA	Solana	30	Kryptowährung	öffentliches Blockchainprojekt, Kryptowährung
ROCKY	Rocky	30	Franchise	Filmreihe
DCUNIVERSE	DC Universe	30	Franchise	Franchise
MAGEIA	Mageia	30	Betriebssystem	Linux-Distribution
SABAYONLINUX	Sabayon Linux	30	Betriebssystem	auf der Distribution Gentoo basierte Linux-Distribution
EMUI	EMUI	30	Betriebssystem	Benutzeroberfläche von Huawei
UBUNTUMATE	Ubuntu MATE	30	Betriebssystem	Linux-Distribution basierend auf Ubuntu
TEMPLEOS	TempleOS	30	Betriebssystem	Betriebssystem
AVUS	AVUS	30	Straße	Bundesautobahnabschnitt und ehemalige Rennstrecke
NANJINGLU	Nanjing Lu	30	Straße	Straße in China
CNET	CNET	30	Online-Enzyklopädie	US-amerikanisches Unternehmen
EDEKA	EDEKA	30	Supermarktkette	Unternehmensverbund im deutschen Einzelhandel mit Sitz in Hamburg
JUNOBEACH	Juno Beach	30	Ort	Codename für einen der britischen Landeplätze bei der Invasion in der Normandie 1944
JAVAAPPLET	Java-Applet	29	Software	Software
BIBTEX	BibTeX	29	Software	Programm zur Erstellung von Literaturangaben in TeX- oder LaTeX-Dokumenten
ALPHAFOLD	AlphaFold	29	Software	Software, die eine Proteinstruktur basierend auf seiner Aminosäuresequenz vorhersagen kann
DIFF	diff	29	Computerprogramm	Dateivergleichs-Software
CUBASE	Cubase	29	Computerprogramm	Audiosoftware
SAMSUNGPAY	Samsung Pay	29	App	mobiler Zahlungsdienst von Samsung Electronics
AGODA	Agoda	29	App	
APPLEWALLET	Apple Wallet	29	App	Programm des Technologieunternehmens Apple
MEDIUM	Medium	29	App|Website|Soziales Netzwerk|Online-Community	Plattform für Online-Publikationen
BEREAL	BeReal	29	App|Soziales Netzwerk	französische Social Media App
TATOEBA	Tatoeba	29	Website	
GOOGLETRENDS	Google Trends	29	Website	Onlinedienst der Google LLC
LIVELEAK	LiveLeak	29	Website	Videoportal
WILLIAMHILL	William Hill	29	Website	britischer Buchmacher
STARZ	Starz	29	Onlinedienst	US-amerikanischer Kabelsender
LETTERBOXD	Letterboxd	29	Soziales Netzwerk	Filmbewertungswebsite mit Sitz in Neuseeland
GAB	Gab	29	Soziales Netzwerk|Online-Community	soziales Netzwerk
TRILLIAN	Trillian	29	Messenger	Instant Messenger von Cerulean Studios
KOPETE	Kopete	29	Messenger	freier Instant Messenger für verschiedene Protokolle
THEORA	Theora	29	Dateiformat	freier Videocodec und Videoformat
XMLSCHEMA	XML Schema	29	Dateiformat	Definition von Strukturen für XML-Dokumente
OPENTYPE	OpenType	29	Dateiformat	Schriftdateiformat
GORENJE	Gorenje	29	Marke	slowenischer Haushaltsgerätehersteller, Tochtergesellschaft von Hisense (* 1950)
BLOCKBUSTERINC	Blockbuster Inc.	29	Marke	Franchise-Videothekenkette
TOKYOMX	Tokyo MX	29	Marke	japanischer Fernsehsender
STEADICAM	Steadicam	29	Marke	Stilmittel der Filmproduktion
SPYKERCARS	Spyker Cars	29	Autohersteller	niederländischer Automobilhersteller
RIMACAUTOMOBILI	Rimac Automobili	29	Autohersteller	kroatischer Automobilhersteller
HANOMAG	Hanomag	29	Autohersteller	ehemaliger deutscher Fahrzeughersteller
GROUPELIGIER	Groupe Ligier	29	Autohersteller	französischer Automobilhersteller
PACKARD	Packard	29	Autohersteller	ehemaliger US-amerikanischer Automobilhersteller
FESENJN	Fesenjān	29	Gericht/Lebensmittel	
MANTOU	Mantou	29	Gericht/Lebensmittel	Spezialität der chinesischen Küche
IRIX	IRIX	29	Betriebssystem	Betriebssystem
GINGERBREAD	Gingerbread	29	Betriebssystem	Android-Version
ANDROIDCUPCAKE	Android Cupcake	29	Betriebssystem	Android-Version
MOCOCA	Mococa	29	Ort	Gemeinde im Bundesstaat São Paulo, Brasilien
SELINUX	SELinux	28	Software	Sicherheitserweiterung des Linux-Kernels, die Zugriffskontrollen auf Ressourcen ermöglicht
WORDFAST	Wordfast	28	Software	Software
SIMULINK	Simulink	28	Software	Programmiersprache
SANDBOX	Sandbox	28	Software	Sicherheitsmechanismus
TASKMANAGER	Taskmanager	28	Software	Software
VULKANAPI	Vulkan API	28	Software	3D-Programmierschnittstelle
MEDUZA	Meduza	28	App	zweisprachige Internetzeitung mit Sitz in Riga, Lettland (russisch; englisch)
EVERNOTE	Evernote	28	App	Software und Onlinediest zum Sammeln, Ordnen und Finden von Notizen und Dokumenten
CYDIA	Cydia	28	App	freies Computerprogramm für das Betriebssystem Apple iOS
PERISCOPE	Periscope	28	App	mobile Applikation für Videodirektübertragung in Echtzeit
GOOGLELENS	Google Lens	28	App	künstliche Intelligenz; Smartphone-Werkzeug zur Objekterkennung
CIRCLECHART	Circle Chart	28	Website	südkoreanische Musikcharts
IMGUR	Imgur	28	Website	Gewerbebetrieb
MENSHEALTH	Men’s Health	28	Website	Zeitschrift
FOREIGNAFFAIRS	Foreign Affairs	28	Website	wissenschaftliche Fachzeitschrift
VIRUSTOTAL	VirusTotal	28	Website	kostenloser Dienst zur Erkennung verdächtiger Dateien und URLs
BITBUCKET	Bitbucket	28	Website	webbasierter Hosting-Dienst für Software-Entwicklungsprojekte
QWANT	Qwant	28	Website	französische Suchmaschine
BITCHUTE	BitChute	28	Videoportal	auf BitTorrent-Technologie gestütztes Videoportal
VCARD	vCard	28	Dateiformat	Datenformat für Visitenkarten
ISOABBILD	ISO-Abbild	28	Dateiformat	
AMDATHLON	AMD Athlon	28	Marke	Mikroprozessoren
GORETEX	Gore-Tex	28	Marke	PTFE-Membran für atmungsaktive Funktionsbekleidung
CASTROL	Castrol	28	Marke	Marke der BP-Gruppe für Schmierstoffe
EPIPHONE	Epiphone	28	Marke	US-amerikanischer Instrumentenhersteller
IQOS	Iqos	28	Marke	Tabakerhitzer von Philip Morris International
KOBERIND	Kobe-Rind	28	Marke	Rinder aus der Region um Kōbe
POLESTAR	Polestar	28	Autohersteller	schwedisch-chinesischer Automobilhersteller
FIATGROUP	Fiat Group	28	Autohersteller	italienisches Industrieunternehmen
IRANKHODRO	Iran Khodro	28	Autohersteller	iranischer Automobilhersteller
PERODUA	Perodua	28	Autohersteller	malaysischer Autohersteller, Daihatsu-Lizenznehmer
OLIEBOL	Oliebol	28	Gericht/Lebensmittel	Gebäck
KAMABOKO	Kamaboko	28	Gericht/Lebensmittel	japanische Nahrungsmittel aus verarbeitetem Fischfleisch
APEROL	Aperol	28	Getränk	Italienischer Bitter-Apéritif aus Enzian, Rhabarber und Chinarinde
BIRKENSAFT	Birkensaft	28	Getränk	Saft, der beim durchbohren des Birkenstammes gewonnen wird
CHROMIUMOS	Chromium OS	28	Betriebssystem	Linux-Distribution
LINSPIRE	Linspire	28	Betriebssystem	Betriebssystem
MENUETOS	MenuetOS	28	Betriebssystem	Betriebssystem
KOLIBRIOS	KolibriOS	28	Betriebssystem	Betriebssystem
HPUX	HP-UX	28	Betriebssystem	Unix-Betriebssystem
SOLUS	Solus	28	Betriebssystem	Linux-Distribution mit Budgie
TECHCRUNCH	TechCrunch	28	Online-Enzyklopädie	News-Website
BURITICUPU	Buriticupu	28	Ort	Gemeinde im Bundesstaat Maranhão, Brasilien
GOOGLETOOLBAR	Google Toolbar	27	Software	Software
GOOGLESHOPPING	Google Shopping	27	Software|Website	Software
DIDI	DiDi	27	Software	chinesisches Dienstleistungsunternehmen
SNATCHBOT	SnatchBot	27	Software	Software
FIND	find	27	Computerprogramm	Software für Unix zum Auffinden von Dateien und Verzeichnissen innerhalb der Verzeichnisstruktur
LOGMEINHAMACHI	LogMeIn Hamachi	27	Computerprogramm	Virtual-Private-Network-Client (VPN-Client)
ADBLOCKPLUS	Adblock Plus	27	App	Werkzeug zur Unterdrückung von Werbung auf Webseiten
WOLT	Wolt	27	App	finnisches Logistikunternehmen mit Hauptsitz in Helsinki
MESSAGES	Messages	27	App	SMS- und Instant-Messaging-Anwendung
JDCOM	JD.com	27	Website	chinesisches Internetunternehmen
XCOM	X.com	27	Website	ehemaliges Unternehmen
ZLIBRARY	Z-Library	27	Website	Schattenbibliothek für wissenschaftliche Artikel, Bücher und Zeitschriften
CODECADEMY	Codecademy	27	Website	Interaktive Internet-Plattform die kostenlosen Programmierunterricht anbietet
ITCHIO	itch.io	27	Website	Website
KICK	Kick	27	Website|Videostreaming	Video-Live-Streaming-Dienst
SCRIBD	Scribd	27	Onlinedienst	Webportal und Internetbuchhandlung
SHAPEFILE	Shapefile	27	Dateiformat	Dateiformat für Geodaten
YAML	YAML	27	Dateiformat	vereinfachte Auszeichnungssprache zur Datenserialisierung
DEBIANPAKET	Debian-Paket	27	Dateiformat	Datei zur Softwareinstallation auf Debian-basierten Betriebssystemen, die zu installierende Programme in komprimierter Form enthält
TRUETYPE	TrueType	27	Dateiformat	Dateiformat für vektorbasierte Schriften
JARDATEI	JAR-Datei	27	Dateiformat	
OPUS	Opus	27	Dateiformat	Datenformat/Verfahren zur verlustbehafteten Audiodatenkompression mit spezieller Eignung für interaktive Echtzeitanwendungen über das Internet
ROOMBA	Roomba	27	Marke	Staubsaugerroboterfamilie
XPERIA	Xperia	27	Marke	Produktserie von Smartphones und Tablets
RCCOLA	RC Cola	27	Marke	Colamarke aus den USA
RAMTRUCKS	Ram Trucks	27	Autohersteller	Automobilmarke
ALPINA	Alpina	27	Autohersteller	Automobilhersteller mit Sitz in Buchloe in Bayern
ZASTAVA	Zastava	27	Autohersteller	serbischer Automobil- und Waffenhersteller
ARO	ARO	27	Autohersteller	ehemaliger Automobilhersteller aus Rumänien
CATERHAMCARS	Caterham Cars	27	Autohersteller	englischer Automobilhersteller
LEMANG	Lemang	27	Gericht/Lebensmittel	Reisgericht Indonesia
VEGGIEBURGER	Veggie-Burger	27	Gericht/Lebensmittel	fleischloses Schnellgericht
STRATEGO	Stratego	27	Brettspiel	Brettspiel
VIERGEWINNT	Vier gewinnt	27	Brettspiel	Strategiespiel
DASH	Dash	27	Kryptowährung	
IOTA	IOTA	27	Kryptowährung	digitales Bezahlsystem und Kryptowährung
SCIENTIFICLINUX	Scientific Linux	27	Betriebssystem	am Fermilab und CERN entwickelte RHEL-basierte Linux-Distribution (2024 eingestellt)
GNEWSENSE	gNewSense	27	Betriebssystem	Betriebssystem
XANDROS	Xandros	27	Betriebssystem	Betriebssystem
PCDOS	PC DOS	27	Betriebssystem	Betriebssystem für IBM-PC kompatible Computer
SYLLABLE	Syllable	27	Betriebssystem	Betriebssystem
SKYOS	SkyOS	27	Betriebssystem	Betriebssystem
NEXTSTEP	NeXTSTEP	27	Betriebssystem	objektorientiertes, unixähnliches Betriebssystem von NeXT, Nachfolger von NeXTSTEP, Vorfahr von Apple macOS
UBUNTUKYLIN	Ubuntu Kylin	27	Betriebssystem	Chinesische Linux-Distribution basierend auf Ubuntu
LINUXLITE	Linux Lite	27	Betriebssystem	auf Ubuntu basierendes Betriebssystem
PACHACAMAC	Pachacámac	27	Straße	archäologische Stätte in Peru
ALASKAHIGHWAY	Alaska Highway	27	Straße	Highway im kanadischen Yukon und der Provinz British Columbia
ORCHARDROAD	Orchard Road	27	Straße	Einkaufsstraße in Singapur
DEVOLKSKRANT	De Volkskrant	27	Online-Enzyklopädie	niederländische Tageszeitung
AFTENPOSTEN	Aftenposten	27	Online-Enzyklopädie	norwegische Zeitung
SUDOGWON	Sudogwon	27	Ort	Metropolregion der südkoreanischen Hauptstadt Seoul
BOOTCAMP	Boot Camp	26	Software	Proprietärer Assistent für Dual-Boot
OPENMP	OpenMP	26	Software	Software
QUARKXPRESS	QuarkXPress	26	Software	Software
VIRTUALPC	Virtual PC	26	Software	Emulator und Virtualisierer für x86-Systeme
CARPLAY	CarPlay	26	Software	Apple-Software zur Nutzung von iPhone-Funktionen in Kraftfahrzeugen
GOOGLEFIT	Google Fit	26	Software	Android-Gesundheitsplattform
RUTUBE	Rutube	26	App|Website|Videostreaming|Videoportal|Online-Community	russisches Videoportal
NORTONANTIVIRUS	Norton AntiVirus	26	App	Antivirenprogramm
POPCORNTIME	Popcorn Time	26	App	open-source Mediaplayer
CHATROULETTE	Chatroulette	26	Website	Website
EXAMPLECOM	example.com	26	Website	reservierte Domänennamen für Dokumentations- und Beispielzwecke
HARPERSMAGAZINE	Harper’s Magazine	26	Website	US-amerikanische Monatszeitschrift
SNOPES	Snopes	26	Website	amerikanische Faktencheck-Website (* 1994)
KAKAOTALK	KakaoTalk	26	Messenger	Instant-Messaging-Dienst
TAR	tar	26	Dateiformat	Computer-Dateiformat, das mehrere Dateien zu einem "tarball" zusammenfassen kann
GARNIER	Garnier	26	Marke	Kosmetikmarke von L’Oréal
KLEENEX	Kleenex	26	Marke	Hygiene-Artikel
PYREX	Pyrex	26	Marke	Markenname für hitzebeständiges Glas
AUTOBIANCHI	Autobianchi	26	Autohersteller	italienische Automobilmarke
BERTONE	Bertone	26	Autohersteller	italienisches Unternehmen für Karosserie- und Automobilherstellung und Automobildesign
PANHARD	Panhard	26	Autohersteller	Automobilhersteller
MORGANMOTOR	Morgan Motor	26	Autohersteller	britischer Automobilhersteller
DAIMLER	Daimler	26	Autohersteller	ehemaliger britischer Automobilhersteller
HONGQI	Hongqi	26	Autohersteller	chinesische Automobilmarke
ZEEKR	Zeekr	26	Autohersteller	Marke für Elektroautos des chinesischen Automobilherstellers Geely
PASTILLA	Pastilla	26	Gericht/Lebensmittel	marokkanisches Gericht
STINKENDERTOFU	Stinkender Tofu	26	Gericht/Lebensmittel	Chinesisches Lebensmittel
HASHBROWNS	Hash Browns	26	Gericht/Lebensmittel	röstiartiges Kartoffelgericht
ONDEONDE	Onde onde	26	Gericht/Lebensmittel	indonesisches und malaysisches Dessert
FLATWHITE	Flat White	26	Getränk	Heißgetränk aus Espresso und geschäumter Milch
SOLITAER	Solitär	26	Brettspiel	strategisches Brettspiel für eine Person
MASTERMIND	Mastermind	26	Brettspiel	Logik-Brettspiel für zwei Personen
ZCASH	Zcash	26	Kryptowährung	Kryptowährung
SAILFISHOS	Sailfish OS	26	Betriebssystem	Betriebssystem für Handy
SIMPLYMEPIS	SimplyMEPIS	26	Betriebssystem	Betriebssystem
AROS	AROS	26	Betriebssystem	freies Betriebssystem, kompatibel zu AmigaOS
PFSENSE	PfSense	26	Betriebssystem	Betriebssystem
VXWORKS	VxWorks	26	Betriebssystem	Betriebssystem für Echtzeitanwendungen
HONEYCOMB	Honeycomb	26	Betriebssystem	Android-Version
ALPINELINUX	Alpine Linux	26	Betriebssystem	Betriebssystem
PARROTOS	Parrot OS	26	Betriebssystem	Debian-basierte Linux-Distribution mit Fokus auf Datenschutz und Sicherheit, die von Penetrationstestern verwendet wird
KAIOS	KaiOS	26	Betriebssystem	mobiles Betriebssystem
THEAGE	The Age	26	Online-Enzyklopädie	liberale australische Tageszeitung
DAGBLADET	Dagbladet	26	Online-Enzyklopädie	
NETCAT	Netcat	25	Software	Software
TRADOSSTUDIO	Trados Studio	25	Software	Software
CALLIGRASUITE	Calligra Suite	25	Software	freies Office-Paket
MATHCAD	Mathcad	25	Software	Computeralgebrasystem
MUSIXMATCH	Musixmatch	25	Software	Songtexte-Sammlung
POWERBI	Power BI	25	Software	Software
KERAS	Keras	25	Software	Software-Bibliothek
GITHUBCOPILOT	Github Copilot	25	Software	
CAL	cal	25	Computerprogramm	Standardprogramm auf verschiedenen Betriebssystemen
STRAVA	Strava	25	App|Onlinedienst	Fitness-Tracking-App für iOS und Android
PEERTUBE	PeerTube	25	App|Videostreaming|Videoportal	dezentralisiertes Video-Hosting-Netzwerk, basierend auf freier Software
OWNCLOUD	ownCloud	25	App|Website	freier, selbst-hostbarer Cloudservice
NEXTCLOUD	Nextcloud	25	App	freie Software für Cloud-Computing
BIGOLIVE	Bigo Live	25	App	Live-Streaming-Plattform
GOOGLELABS	Google Labs	25	Website	Sammlung von Dienstleistungen von Google
BABELFISH	Babel Fish	25	Website	Webanwendung zur Übersetzung automatischer Texte
LAUNCHPAD	Launchpad	25	Website	Sammlung von freien Webanwendungen und Onlinedienst
SOHU	Sohu	25	Website	Chinesisches Unternehmen
JOYSTIQ	Joystiq	25	Website	Videospiele-Blog
DIGITALSPY	Digital Spy	25	Website	britische Website
SNAC	SNAC	25	Website	Online Datenbank für Archivgut zu Personen, Familien und Körperschaften
EDX	EdX	25	Website	Portal für Onlineweiterbildung
TOPHIT	Tophit	25	Website	Online-Musikportal
FUNIMATION	Funimation	25	Videostreaming	Filmproduktionsgesellschaft
PLAYSTATIONNOW	PlayStation Now	25	Videostreaming	Streamingservice für Computerspiele
BEBO	Bebo	25	Soziales Netzwerk	soziales Netzwerk
COFFEESCRIPT	CoffeeScript	25	Dateiformat	Programmiersprache
STEYRARMS	Steyr Arms	25	Marke	österreichischer Hersteller von Handfeuerwaffen
INCAKOLA	Inca Kola	25	Marke	peruanisches Erfrischungsgetränk
APPLEPOWERBOOK	Apple PowerBook	25	Marke	tragbares Macintosh-Notebook von Apple
BERLUTI	Berluti	25	Marke	Luxusmarke
DEWALT	DeWalt	25	Marke	amerikanische Marke für Elektrowerkzeug
DOBRO	Dobro	25	Marke	Gitarrenart
KOFOLA	Kofola	25	Marke	kohlensäurehaltiger Softdrink
ASROCK	ASRock	25	Marke	taiwanesischer Mainboardhersteller
WHISKAS	Whiskas	25	Marke	Marke für Katzenfutter
AMDFUSION	AMD Fusion	25	Marke	Code- und Markenname eines Prozessorkonzepts, das CPU und GPU sowie Video- und andere Hardwarebeschleuniger auf einem Die vereinigt
APPLEAIRPORT	Apple AirPort	25	Marke	von Apple eingetragene Markenname für auf der Funknetzwerktechnologie basierende Produkte
LAMBRETTA	Lambretta	25	Marke	Italienische Motorrollermarke
MAXELL	Maxell	25	Marke	japanische Unternehmensgruppe
SLIME	Slime	25	Marke	Knetschleim, auf Boraxbasis gesundheitsschädlich
PEGATRON	PEGATRON	25	Marke	taiwanisches Elektronikunternehmen
TRIUMPH	Triumph	25	Autohersteller	britischer Hersteller von Fahrrädern, Motorrädern und Automobilen
RIVIAN	Rivian	25	Autohersteller	US-amerikanischer Automobil-Hersteller an dem Volkswagen beteiligt ist
NASHMOTORS	Nash Motors	25	Autohersteller	ehemaliger Automobilhersteller
VANHOOL	Van Hool	25	Autohersteller	belgischer Bushersteller
PEGASO	Pegaso	25	Autohersteller	ehemaliger spanischer Automobilhersteller
GENESISMOTOR	Genesis Motor	25	Autohersteller	Division von Hyundai
AUFLAUF	Auflauf	25	Gericht/Lebensmittel	im Backofen gegarte Speise
VLA	Vla	25	Gericht/Lebensmittel	süßes, dickflüssiges Milchdessert auf Milchbasis
BUTTERBROT	Butterbrot	25	Gericht/Lebensmittel	mit Butter bestrichene Brotscheibe
GAENSESPIEL	Gänsespiel	25	Brettspiel	traditionelles Brettspiel
PARDUS	Pardus	25	Betriebssystem	Linux-Distribution
ORACLELINUX	Oracle Linux	25	Betriebssystem	Betriebssystem
ZENWALKLINUX	Zenwalk Linux	25	Betriebssystem	Betriebssystem
GHOSTBSD	GhostBSD	25	Betriebssystem	Auf TrueOS bzw. FreeBSD basierendes freies Betriebssystem mit MATE als Desktop-Umgebung
FIREOS	Fire OS	25	Betriebssystem	Betriebssystem als auch Software-Plattform
ANDROIDECLAIR	Android Eclair	25	Betriebssystem	Android-Version
VOID	Void	25	Betriebssystem	Betriebssystem
MXLINUX	MX Linux	25	Betriebssystem	Betriebssystem
DALTONHIGHWAY	Dalton Highway	25	Straße	Highway im US-Bundesstaat Alaska
TRANSAMAZNICA	Transamazônica	25	Straße	Straßenbauprojekt zwischen Brasilien und Peru
VOX	Vox	25	Online-Enzyklopädie	englischsprachiges Nachrichtenportal
NOFAP	NoFap	25	Online-Community	Manosphere-Community von Menschen, die aufhören wollen zu masturbieren und/oder Pornos zu schauen.
TRIENT	Trient	25	Ort	Gemeinde im Kanton Wallis, Schweiz
GOOGLEWALLET	Google Wallet	24	App	digitale Geldbörse von Google
LIBRARYTHING	LibraryThing	24	Website	mehrsprachige Webanwendung
BINGMAPS	Bing Maps	24	Website	Online-Kartendienst
PHOTOBUCKETCOM	Photobucket.com	24	Website	
NETVIBES	Netvibes	24	Website	
BAIKECOM	Baike.com	24	Website	Internet-Enzyklopädie und Soziales Netzwerk in China
GIZMODO	Gizmodo	24	Website	Website über technische Themen
YAHOONEWS	Yahoo News	24	Website	
UDEMY	Udemy	24	Website	US-amerikanisches Unternehmen
SUBSTACK	Substack	24	Website	amerikanischer Onlinedienst zur Verbreitung kostenpflichtiger Inhalte wie Blogs und Newsletter
XING	XING	24	Soziales Netzwerk	Job-Plattform
YELP	Yelp	24	Soziales Netzwerk	Bewertungsplattform
IMESSAGE	iMessage	24	Messenger	Instant-Messaging-Dienst von Apple
AMSN	aMSN	24	Messenger	
EMPATHY	Empathy	24	Messenger	freier Instant-Messaging-Client
APPLELOSSLESS	Apple Lossless	24	Dateiformat	Open-Source-Audioformat
DIGITALVIDEO	Digital Video	24	Dateiformat	Oberbegriff für ein 1994 eingeführtes Videobandformat
COMDATEI	COM-Datei	24	Dateiformat	ausführbare Datei in zu MS-DOS kompatiblen Betriebssystemen
ELF	ELF	24	Dateiformat	
DIPLOMACY	Diplomacy	24	Brettspiel	Brettspiel
TRIVIALPURSUIT	Trivial Pursuit	24	Brettspiel	Wissens- und Brettspiel
PAMIRHIGHWAY	Pamir Highway	24	Straße	Straße in Zentralasien
UBISOFTCONNECT	Ubisoft Connect	24	Online-Community	Online-Distributionsplattform für Computerspiele
SAINTONGE	Saintonge	24	Ort	
SEEBESTATTUNG	Seebestattung	24	Ort	Bestattung des Leichnams oder der Asche eines Verstorbenen auf See
DAVINCIRESOLVE	DaVinci Resolve	23	App	Videoschnitt- und Farbkorrekturprogramm
PINDUODUO	Pinduoduo	23	App|Website	Chinesisches E-Commerce-Unternehmen
CAPCUT	CapCut	23	App	chinesische App zur Bearbeitung von Kurzvideos und Grafiken
BONSAIKITTEN	Bonsai Kitten	23	Website	Website
POTTERMORE	Pottermore	23	Website	Plattform für Harry Potter Fans
UDACITY	Udacity	23	Website	private Online-Akademie
FEEDBURNER	FeedBurner	23	Website	Anbieter zur Verwaltung von Web-Feeds
NETLOG	Netlog	23	Website|Soziales Netzwerk	ehemaliges soziales Netzwerk
TMALL	Tmall	23	Website	chinesischsprachige Website für den Business-to-Consumer-Handel
TUTA	Tuta	23	Website	E-Mail-Software und E-Mail-Dienst mit Freemium-Geschäftsmodell
ORYX	Oryx	23	Website	niederländische OSINT-Militäranalyseseite von Stijn Mitzer & Joost Oliemans
MOBILEME	MobileMe	23	Onlinedienst	kostenpflichtiger Online-Dienst von Apple
MUBI	MUBI	23	Videostreaming	Videostreamingdienst
DAZN	DAZN	23	Videostreaming	Streamingdienst für Sportübertragungen
AMAZONLUNA	Amazon Luna	23	Videostreaming	Cloud-Gaming-Service
YAMMER	Yammer	23	Soziales Netzwerk	
GOOGLECHAT	Google Chat	23	Messenger	Kommunikationsdienst für Teams
APPIMAGE	AppImage	23	Dateiformat	in sich geschlossenes und komprimiertes Format für ausführbare Dateien für die Linux-Plattform
BBCODE	BBCode	23	Dateiformat	vereinfachte Auszeichnungssprache
GEOJSON	GeoJSON	23	Dateiformat	offenes Format für geografische Daten
PUERTORICO	Puerto Rico	23	Brettspiel	Brettspiel
SHIBAINU	Shiba Inu	23	Kryptowährung	Kryptowährung
VIAREGIA	Via Regia	23	Straße	Reichsstraße im Heiligen Römischen Reich
PORTOBELLOROAD	Portobello Road	23	Straße	Straße in London im Vereinigten Königreich
HANDELSBLATT	Handelsblatt	23	Online-Enzyklopädie	deutsche Nachrichtenseite, Tageszeitung und E-Paper mit Wirtschafts-Schwerpunkt
UKRINFORM	Ukrinform	23	Online-Enzyklopädie	Unternehmen mit Sitz in Kyjiw, Ukraine
ZALANDO	Zalando	23	Große Plattform	deutscher Online-Versandhändler für Bekleidung und Schuhe
GODODDIN	Gododdin	23	Ort	historischer Staat
MONDSUEDPOL	Mondsüdpol	23	Ort	
HELIOPOLIS	Heliopolis	23	Ort	Stadtteil in Kairo, der Hauptstadt Ägyptens
MAIL	Mail	22	App	E-Mail-Programm von Apple
FIREFOXKLAR	Firefox Klar	22	App	Webbrowser für mobile Endgeräte
GOOGLETV	Google TV	22	App|Onlinedienst	digitaler Dienst für den Vertrieb von Filmen und Fernsehsendungen
OBSIDIAN	Obsidian	22	App	persönliche Wissensdatenbank und Software zur Erstellung von Notizen
DISQUS	Disqus	22	Website	zentralisierte Diskussionsplattform, Online-Dienst
EDMODO	Edmodo	22	Website	soziales Netzwerk für Schulen
GOOGLENOTIZBUCH	Google Notizbuch	22	Website	Software
GALAXYZOO	Galaxy Zoo	22	Website	Wissenschaftswebsite
STUMBLEUPON	StumbleUpon	22	Website	Webdienst zum Merken und Teilen von Links zu anderen Webinhalten
EUROPASS	Europass	22	Website	EU-Initiative zur Förderung der Transparenz von Qualifikationen und Mobilität in Europa
GEOCITIES	GeoCities	22	Website	
JAMENDO	Jamendo	22	Website	Internet-Plattform für GEMA-freie Musik
SALONCOM	Salon.com	22	Website	amerikanische Website
RADIOTIMES	RadioTimes	22	Website	britisches, wöchentliches Magazin über Radio und Fernsehen
INDIEWIRE	IndieWire	22	Website	Website
OCCRP	OCCRP	22	Website	Konsortium für Investigativjournalismus mit Sitz in Maryland, USA
IDENTICA	identi.ca	22	Website|Soziales Netzwerk|Online-Community	Mikro-Blogging-Dienst und ein soziales Netzwerk
PROJECTEULER	Project Euler	22	Website	englischsprachige Bildungswebsite
YNET	Ynet	22	Website	
CHANGEORG	Change.org	22	Website	weltweit agierende, offene Plattform für Online-Aktivismus
LEMMY	Lemmy	22	Website|Online-Community	Link-Aggregator-Software
WIIWARE	WiiWare	22	Onlinedienst	Onlinestore der Wii
AMAZONMUSIC	Amazon Music	22	Musikstreaming	Musikstreaming-Dienst von Amazon
FRIENDSTER	Friendster	22	Soziales Netzwerk	Social-Network
PLAYSTATIONHOME	PlayStation Home	22	Soziales Netzwerk	Computerspiel
EKIGA	Ekiga	22	Messenger	freie Software für Audio- und Video-Telefonie
PICTUREEXCHANGE	Picture exchange	22	Dateiformat	Ein Dateiformat für Rastergrafiken
SHELLSKRIPT	Shellskript	22	Dateiformat	Programmiersprache
DOCBOOK	DocBook	22	Dateiformat	Dokumentenformat
DVDVIDEO	DVD-Video	22	Dateiformat	auf DVD gespeicherter Film im DVD-Video-Format
ALQUERQUE	Alquerque	22	Brettspiel	ein Brettspiel
PANDEMIE	Pandemie	22	Brettspiel	kooperatives Brettspiel
OWARE	Oware	22	Brettspiel	westafrikanisches Strategiespiel
WESTAUTOBAHN	West Autobahn	22	Straße	Autobahn A1 in Österreich (West Autobahn)
NAKASEND	Nakasendō	22	Straße	Straße in Japan
SHOPEE	Shopee	21	App	Online E-Commerce-Plattform in Singapur
XDADEVELOPERS	XDA Developers	21	Website	XDA Developers ist eine Entwicklercommunityplattform
CELL	Cell	21	Website	Wissenschaftliche Fachzeitschrift
BUSUUCOM	Busuu.com	21	Website	soziales Netzwerk zum Sprachenlernen
PROJEKTRUNEBERG	Projekt Runeberg	21	Website	Initiative
THEREGISTER	The Register	21	Website	britische Nachrichen-Webseite
GALLICA	Gallica	21	Website	Digitale Bibliothek der Französischen Nationalbibliothek
UNIAN	UNIAN	21	Website	private ukrainische Nachrichtenagentur
BANGLAPEDIA	Banglapedia	21	Website	nationale Enzyklopädie von Bangladesch
ZOMATO	Zomato	21	Website	Gewerbebetrieb
OPENCRITIC	OpenCritic	21	Website	Computerspielwebsite
PCGAMESN	PCGamesN	21	Website	Britisches Online-Computerspielemagazin
SOCIALBLADE	Social Blade	21	Website	Website
SATELLAVIEW	Satellaview	21	Onlinedienst	Super Famicom-Zusatzgerät, um Spiele, Demos und Informationen über einen Satelliten zu empfangen
MYANIMELIST	MyAnimeList	21	Soziales Netzwerk	englischsprachige Anime- und Manga-Webseite
MOLTBOOK	Moltbook	21	Soziales Netzwerk	Forum für KI-Agenten
CYWORLD	Cyworld	21	Soziales Netzwerk|Online-Community	soziales Netzwerk
GADUGADU	Gadu-Gadu	21	Messenger	polnischer Instant-Messaging-Dienst von GG Network
ICHAT	iChat	21	Messenger	
MEEBO	Meebo	21	Messenger	Instant-Messaging-Anwendung
CINERAMA	Cinerama	21	Dateiformat	extremes Breitbildformat
MATHH	math.h	21	Dateiformat	Header-Datei der Programmiersprache C
TRUEAUDIO	True Audio	21	Dateiformat	Codecs einer russischen Programmiergruppe
JPEGXR	JPEG XR	21	Dateiformat	Grafikformat
TWISTER	Twister	21	Brettspiel	Gesellschaftsspiel
TRON	Tron	21	Kryptowährung	dezentrale, Blockchain-basierte Kryptowährung
MULHOLLANDDRIVE	Mulholland Drive	21	Straße	Straße in den Vereinigten Staaten
CANALSTREET	Canal Street	21	Straße	Hauptstraße im Süden von New York Citys Stadtteil Manhattan
VIAMALA	Viamala	21	Straße	Schlucht des Rhein und Weg im Kanton Graubünden
LENTARU	Lenta.ru	21	Online-Enzyklopädie	Onlinezeitung in russischer Sprache, Moskau, Russland
HERALDSUN	Herald Sun	21	Online-Enzyklopädie	Tageszeitung in Australien
DORIS	Doris	21	Ort	antike Landschaft in Mittelgriechenland
ORGANICMAPS	Organic Maps	20	App	kostenlose und quelloffene Kartennavigations-App, die ohne Internetverbindung funktioniert
MAX	Max	20	App|Online-Community	russische Messenger- und E-Commerce-App
TENCENTVIDEO	Tencent Video	20	App|Videostreaming	chinesischer Videostreamingdienst
BOSTONHERALD	Boston Herald	20	Website	amerikanische Zeitung
RENREN	Renren	20	Website|Soziales Netzwerk	Gewerbebetrieb
NATALIE	Natalie	20	Website	Japanisches Nachrichtenportal
STARTRIBUNE	Star Tribune	20	Website	Tageszeitung aus Minneapolis, Minnesota
KINKCOM	Kink.com	20	Website	pornografische Produktionsfirma
BOARDGAMEGEEK	BoardGameGeek	20	Website|Online-Community	englischsprachige Online-Datenbank, die Spiele, Spieleautoren und Spieleverlage katalogisiert
STACKEXCHANGE	Stack Exchange	20	Website	Netzwerk von Frage- und Antwort-Webseiten
ADOBEBEHANCE	Adobe Behance	20	Website|Soziales Netzwerk	Online-Plattform für Präsentation und Entdeckung kreativer Arbeiten
INDIEGOGO	Indiegogo	20	Website	Crowdfunding-Website
REDIFF	Rediff	20	Website	indisches Unternehmen mit Firmensitz in Mumbai
PROPUBLICA	ProPublica	20	Website	amerikanische Non-Profit-Organisation
KYLIECOSMETICS	Kylie Cosmetics	20	Website	US-amerikanisches Kosmetikunternehmen
YOUTUBETV	YouTube TV	20	Website|Videostreaming	Service
FUTURELEARN	FutureLearn	20	Website	Massive offene Online-Kursplattform gegründet im Jahr 2012
CHATURBATE	Chaturbate	20	Website	erotisch-pornographische Website für Webcams
RUMBLE	Rumble	20	Videostreaming	Videoplattform
TRUSTCAFE	Trustcafé	20	Soziales Netzwerk	Soziales Netzwerk
PSI	Psi	20	Messenger	Instant Messaging-Client
ADIUM	Adium	20	Messenger	
INIDATEI	INI-Datei	20	Dateiformat	Konfigurationsdatei in MS-DOS und Windows
NFO	NFO	20	Dateiformat	Dateiformat
OPENEXR	OpenEXR	20	Dateiformat	Dateiformat für Bilder mit hohem dynamischen Umfang
METAFONT	Metafont	20	Dateiformat	Schriftart-Beschreibungssprache
BRENNERAUTOBAHN	Brenner Autobahn	20	Straße	Autobahn A 13 in Österreich (Brenner Autobahn)
SUEDAUTOBAHN	Süd Autobahn	20	Straße	Autobahn A2 in Österreich (Süd Autobahn)
MARGINALTIETE	Marginal Tietê	20	Straße	Stadtautobahn im brasilianischen São Paulo
AUTOPUT	Autoput	20	Straße	Autobahn M1 der ehemaligen Bundesrepublik Jugoslawien von Slowenien nach Mazedonien
NEXTA	Nexta	20	Online-Enzyklopädie	belarusischer Telegram-Kanal
LYNKESTIS	Lynkestis	20	Ort	Bezeichnung von Obermakedonien in der Antike
OSMAND	OsmAnd	19	App	App zur mobilen On- und Offline-Navigation
KWAI	Kwai	19	App|Soziales Netzwerk|Videoportal|Online-Community	Kurzvideoplattform
PROTONVPN	Proton VPN	19	App	VPN-Dienst der Proton AG
COMAPS	CoMaps	19	App	freie und quelloffene Karten- und Navigations App, Community Fork von Organic Maps
PICNIK	Picnik	19	Onlinedienst	Online-Dienst zur Bildbearbeitung
MIXER	Mixer	19	Videostreaming	Live-Streaming-Plattform von Microsoft
VLIVE	V Live	19	Videostreaming	App- und Website für Livestreams südkoreanischer Popstars
KIKMESSENGER	Kik Messenger	19	Messenger	Instant-Messaging-Programm für Mobilgeräte
OCONNELLSTREET	O’Connell Street	19	Straße	Straße in Dublin, Irland
ERZBISTUMGOERZ	Erzbistum Görz	19	Ort	römisch-katholisches Erzbistum in Italien (Friaul), 1751 von Papst Benedikt XIV. errichtet
BATTERSEAPARK	Battersea Park	19	Ort	Park im Vereinigten Königreich
RECHNER	Rechner	18	App	Software von Apple
SWAY	Sway	18	App	Präsentationsprogramm
PREPLY	Preply	18	App	Sprachlern-App
APPLEFOTOS	Apple Fotos	18	App	Programm zur Bildverwaltung und -bearbeitung für macOS und iOS
SLIDESHARE	SlideShare	18	Onlinedienst|Online-Community	Filehosting Anbieter
ISSUU	Issuu	18	Onlinedienst	Onlinedienst zum elektronischen Publizieren
MEWE	MeWe	18	Soziales Netzwerk	amerikanischer Dienst für soziale Netzwerke und Medien
STEEMIT	Steemit	18	Soziales Netzwerk	Social-Media Plattform und Kryptowährung
TAUERNAUTOBAHN	Tauern Autobahn	18	Straße	Autobahn A10 in Österreich (Tauern Autobahn)
INNTALAUTOBAHN	Inntal Autobahn	18	Straße	Autobahn A12 in Österreich (Inntal Autobahn)
HACKERNEWS	Hacker News	18	Online-Community	Social-News-Website
ZENODO	Zenodo	18	Online-Community	Dokumentenserver für Forschungsdaten und Open-Access-Publikationen
PIXELFED	Pixelfed	18	Online-Community	verteiltes Soziales Netzwerk
BOOKTOK	BookTok	18	Online-Community	Büchercommunity auf TikTok
THREEMA	Threema	17	App|Messenger	Schweizer Instant-Messenger
WISHCOM	Wish.com	17	App	E-Commerce-Unternehmen
YOUTUBEVANCED	YouTube Vanced	17	App	modifizierte YouTube-Version für Android
NING	Ning	17	Soziales Netzwerk	
GENICOM	Geni.com	17	Soziales Netzwerk	kommerzielle Plattform für Genealogie
PETRO	Petro	17	Kryptowährung	staatliche Kryptowährung Venezuelas
POLKADOT	Polkadot	17	Kryptowährung	Software und Kryptowährung
NANO	Nano	17	Kryptowährung	Kryptowährung
MIRDASIDEN	Mirdasiden	17	Land	Dynastie
KINGSROAD	King’s Road	17	Straße	Straße im Vereinigten Königreich
MILLBANK	Millbank	17	Straße	Straße im Vereinigten Königreich
GRAFTONSTREET	Grafton Street	17	Straße	Straße in Dublin, Irland
PYHRNAUTOBAHN	Pyhrn Autobahn	17	Straße	Autobahn A9 in Österreich (Pyhrn Autobahn)
FALLSROAD	Falls Road	17	Straße	Straße im Vereinigten Königreich
SALADINSTRASSE	Saladinstraße	17	Straße	Hauptverkehrsstraße des Gazastreifens
NAFO	NAFO	17	Online-Community	Internet-Meme
ABYAYALA	Abya Yala	17	Ort	Alternativer Name Amerikas von seinen Ureinwohnern
IFTTT	IFTTT	16	App	Webservice (If This Then That)
ORBOT	Orbot	16	App	Orbot ist eine kostenlose Proxy-App, die es anderen Apps ermöglicht, das Internet sicherer zu nutzen. Orbot verwendet Tor, um Internetverkehr zu verschlüsseln und versteckt ihn dann, indem er durch eine Reihe von Computern auf der Welt geschickt wird
GOOGLEPATENTS	Google Patents	16	Onlinedienst	digitale Bibliothek und Suchmaschine für Patente von Google
JUSTINTV	Justin.tv	16	Videostreaming	ehemalige Live-Streaming-Plattform
FACEBOOKWATCH	Facebook Watch	16	Videostreaming|Videoportal	Video-on-Demand-Dienst
QOBUZ	Qobuz	16	Musikstreaming	Musikstreaming-Unternehmen
MIXI	Mixi	16	Soziales Netzwerk	
XFIRE	Xfire	16	Messenger	Kommunikationssoftware
FILECOIN	Filecoin	16	Kryptowährung	quelloffenes, öffentliches Kryptowährungs- und digitales Zahlungssystem
BITCONNECT	BitConnect	16	Kryptowährung	Kryptobetrug
USDCOIN	USD Coin	16	Kryptowährung	Kryptowährung
FRIENDICA	Friendica	16	Online-Community	freie Software für dezentrale soziale Netzwerke
ZHIHU	Zhihu	16	Online-Community	chinesische Website
GIPHY	Giphy	16	Online-Community	Amerikanische GIF-Suchmaschine und -datenbank
TRINITYCOLLEGE	Trinity College	16	Ort	College in Hartford im US-Bundesstaat Connecticut
NEWPIPE	NewPipe	15	App	freier Medienspieler und YouTube-Client
CRYPTOCOM	crypto.com	15	App	Handelsplattform für Kryptowährungen
GETTR	Gettr	15	App|Soziales Netzwerk	Mikrobloggingdienst
PIXELCAMERA	Pixel Camera	15	App	Kamera-App für Android
HEALTH	Health	15	App	Gesundheitsapp von Apple
GOOGLEJAMBOARD	Google Jamboard	15	App	interaktives Whiteboard
VENMO	Venmo	15	Onlinedienst	Mobile-Payment-Service
MODDB	ModDB	15	Soziales Netzwerk	Website für Computerspielmodifikationen
BUMBLE	Bumble	15	Soziales Netzwerk	soziales Netzwerk und Dating-Plattform
WIRE	Wire	15	Messenger	Instant-Messenger
DUBSMASH	Dubsmash	15	Videoportal	Software
SUEDOSTAUTOBAHN	Südost Autobahn	15	Straße	Autobahn A3 in Österreich (Südost Autobahn)
OSTAUTOBAHN	Ost Autobahn	15	Straße	Autobahn A4 in Österreich (Ost Autobahn)
GARDENROUTE	Garden Route	15	Straße	(deutsch „Gartenstrecke“) ist eine 369 km lange Panoramastraße innerhalb der südafrikanischen National Route 2 (N2) zwischen Port Elizabeth und Mossel Bay
ADMIRALTY	Admiralty	15	Ort	östlicher Teil des Central-and-Western-Distrikts von Hongkong
HORNSTRANDIR	Hornstrandir	15	Ort	Halbinsel in Island
APARAT	Aparat	14	Videostreaming|Videoportal	
VIAPLAY	Viaplay	14	Videostreaming	nordische Streamingplattform des Unternehmens Nordic Entertainment Group
PLUTOTV	Pluto TV	14	Videostreaming	Streamingportal des Medienunternehmens Paramount Global
TAGGED	Tagged	14	Soziales Netzwerk	Website
EKISOEZLUEK	Ekşi Sözlük	14	Soziales Netzwerk	Soziales Netzwerk
SIXDEGREESCOM	SixDegrees.com	14	Soziales Netzwerk	
QUTECOM	QuteCom	14	Messenger	
CRYPTOCAT	Cryptocat	14	Messenger	Freie Software für verschlüsselten Chat
MSNMESSENGER	MSN Messenger	14	Messenger	
LOTUSSAMETIME	Lotus Sametime	14	Messenger	Computer Programm
BONGACAMS	BongaCams	14	Videoportal	Webseite für erotische Webcams
NORDOSTAUTOBAHN	Nordost Autobahn	14	Straße	Autobahn A6 in Österreich (Nordost Autobahn)
LINCOLNHIGHWAY	Lincoln Highway	14	Straße	Highway in den Vereinigten Staaten
VIAAMERINA	Via Amerina	14	Straße	Ersatzstrasse für die Via Flaminia nach dem Einfall der Langobarden 568 n.Chr.
HYVES	Hyves	13	Soziales Netzwerk	
MEETUP	Meetup	13	Soziales Netzwerk	
MIITOMO	Miitomo	13	Soziales Netzwerk	App von Nintendo
GWIBBER	Gwibber	13	Messenger	
APPLEMESSAGES	Apple Messages	13	Messenger	Instant-Messaging und SMS/MMS-Software von Apple
BRIAR	Briar	13	Messenger	freier Peer-to-Peer Instant Messenger
BURMAROAD	Burma Road	13	Straße	Behelfsstraße nach Jerusalem während des Israelischen Unabhängigkeitskriegs
IRATIWALD	Irati-Wald	13	Ort	Wald in Spanien und Frankreich
LANCEFORMATION	Lance-Formation	13	Ort	
CIOCIARIA	Ciociaria	13	Ort	Landschaft bei Rom
TEMPELHOFERFELD	Tempelhofer Feld	13	Ort	öffentlicher Park und Freizeitfläche in Berlin
PLEX	Plex	12	Videostreaming	Client-Server-Medienabspielsystem
QUIBI	Quibi	12	Videostreaming	US-amerikanischer Video-On-Demand Anbieter exklusiv für Mobilgeräte
MIXCLOUD	Mixcloud	12	Musikstreaming	
OKCUPID	OkCupid	12	Soziales Netzwerk	eine der ältesten Kontaktbörsen im Internet
PLEROMA	Pleroma	12	Soziales Netzwerk	
INSTANTBIRD	Instantbird	12	Messenger	plattformunabhängige Instant Messenger Anwendung
THOKUAUTOBAHN	Tōhoku-Autobahn	12	Straße	Autobahn in Japan
WELSERAUTOBAHN	Welser Autobahn	12	Straße	Autobahn A25 in Österreich (Welser Autobahn)
THEEMBARCADERO	The Embarcadero	12	Straße	Küstenstraße in der San Francisco Bay
VIAIMPERII	Via Imperii	12	Straße	Straße in Deutschland
KJALVEGUR	Kjalvegur	12	Straße	Straße in Island
TRANSALPINA	Transalpina	12	Straße	Straße in Rumänien
MAHENDRARAJMARG	Mahendra Rajmarg	12	Straße	Fernstraße in Nepal
VIACARPATIA	Via Carpatia	12	Straße	Straße in Polen
GLENELG	Glenelg	12	Ort	Bodenformation auf dem Planeten Mars
PASSOFEDAIA	Passo Fedaia	12	Ort	Gebirgspass in Italien
BALIQCHI	Baliqchi	12	Ort	
BIZAA	Bizaʿa	12	Ort	syrische Ortschaft
STRAWBERRYFIELD	Strawberry Field	12	Ort	Waisenhaus
DSEN	Dsen	11	Soziales Netzwerk	News-Aggregator von VK, ex Yandex
HIKE	Hike	11	Messenger	Instant Messenger
RINGROAD	Ring Road	11	Straße	ringförmiges Netz von Fernstraßen in Afghanistan
VOIESACREE	Voie Sacrée	11	Straße	Straße in Frankreich
ERMINESTREET	Ermine Street	11	Straße	Altstraße in England
VIABALBIA	Via Balbia	11	Straße	Straße in Libyen
HOLBORNVIADUCT	Holborn Viaduct	11	Straße	Straße im Vereinigten Königreich
QIBLIH	Qiblih	11	Ort	
ACFUN	AcFun	10	Videostreaming|Videoportal	
CURIOSITYSTREAM	Curiosity Stream	10	Videostreaming	US-amerikanischer Video-on-Demand-Anbieter
SHUDDER	Shudder	10	Videostreaming	
SORIBADA	Soribada	10	Musikstreaming	Gewerbebetrieb
SKYROCK	Skyrock	10	Soziales Netzwerk	
WISERORG	Wiser.org	10	Soziales Netzwerk	
APPNET	App.net	10	Soziales Netzwerk	webbasiertes soziales Netzwerk
DOUYIN	Douyin	10	Soziales Netzwerk|Videoportal	
LICQ	Licq	10	Messenger	Multiprotokoll Instant-Messenger für unixoide Systeme
LINZERAUTOBAHN	Linzer Autobahn	10	Straße	geplante Autobahn A26 in Österreich
TULSEHILL	Tulse Hill	10	Straße	Stadtteil des Londoner Bezirks Lambeth
DENALIHIGHWAY	Denali Highway	10	Straße	Highway im US-Bundesstaat Alaska
PRINCESHIGHWAY	Princes Highway	10	Straße	Highway in Australien
HUMEHIGHWAY	Hume Highway	10	Straße	Straße in Australien
RALLARVEGEN	Rallarvegen	10	Straße	Straße in Norwegen
BABINOWSTRASSE	Babinow-Straße	10	Straße	Straße in Russland
ARANIKOHIGHWAY	Araniko Highway	10	Straße	Fernstraße in Nepal
GOTHISCANDZA	Gothiscandza	10	Ort	
ALLANHILLS	Allan Hills	10	Ort	Teil des Transantarktischen Gebirges
HAMNINGBERG	Hamningberg	10	Ort	Verlassenes Dorf in Nord Norwegen, Norwegen, Norwegen, Welt, Galaxie
ANZACPARADE	ANZAC Parade	9	Straße	Straße in Australien
HOKKAIDAUTOBAHN	Hokkaidō-Autobahn	9	Straße	Autobahn in Japan
FEDERALHIGHWAY	Federal Highway	9	Straße	Autobahn im australischen Bundesstaat New South Wales und im Australian Capital Territory
SEWARDHIGHWAY	Seward Highway	9	Straße	Highway im US-Bundesstaat Alaska
LASSETERHIGHWAY	Lasseter Highway	9	Straße	Straße im Northern Territory, Australien
EYREHIGHWAY	Eyre Highway	9	Straße	Highway in Australien
BROOMESTREET	Broome Street	9	Straße	Straße in den Vereinigten Staaten
NATIONALROAD	National Road	9	Straße	Historischer Highway in den Vereinigten Staaten
MARYLEBONEROAD	Marylebone Road	9	Straße	Straße im Vereinigten Königreich
TAYLORHIGHWAY	Taylor Highway	9	Straße	Highway im US-Bundesstaat Alaska
LUDGATEHILL	Ludgate Hill	9	Straße	Straße und Steigung in London
DERESTREET	Dere Street	9	Straße	Straße im Vereinigten Königreich
PERIPATOS	Peripatos	9	Straße	Weg unterhalb der Akropolis von Athen
REYKJANESBRAUT	Reykjanesbraut	9	Straße	Straße in Island
NOVOHRAD	Novohrad	9	Ort	
ENTIATMOUNTAINS	Entiat Mountains	9	Ort	
CRACKLE	Crackle	8	Videostreaming	Streaming-Media-Plattform
DLIVE	DLive	8	Videostreaming	Live-Streaming-Videoportal
OLIMPIJKA	Olimpijka	8	Straße	ehemaliges Straßenbauprojekt in Polen, jetzt Teil der Autobahn A2
OODNADATTATRACK	Oodnadatta Track	8	Straße	unbefestigte Straße in South Australia
HAINESHIGHWAY	Haines Highway	8	Straße	Highway im US-Bundesstaat Alaska und dem kanadischen Yukon Territorium
BRUCEHIGHWAY	Bruce Highway	8	Straße	Straße in Australien
MOHAWKTRAIL	Mohawk Trail	8	Straße	US-Indigener Handelspfad
SNVEGEN	Snøvegen	8	Straße	Straße in Norwegen
ELLIOTTHIGHWAY	Elliott Highway	8	Straße	Highway im US-Bundesstaat Alaska
STEESEHIGHWAY	Steese Highway	8	Straße	Highway im US-Bundesstaat Alaska
OXLEYHIGHWAY	Oxley Highway	8	Straße	Highway in Australien
TRANSOCEANICA	Transoceánica	8	Straße	Fernstraße in Südamerika
TANAMIROAD	Tanami Road	8	Straße	Straße im Northern Territory und Western Australia
DUDDELLSTREET	Duddell Street	8	Straße	Straße in der Volksrepublik China
LADBROKEGROVE	Ladbroke Grove	8	Straße	Straße im Vereinigten Königreich
MECHIRAJMARG	Mechi Rajmarg	8	Straße	Fernstraße in Nepal
PANORAMAROUTE	Panorama Route	8	Straße	Region in Südafrika
AGRABAD	Agrabad	8	Ort	
KVENVIK	Kvenvik	8	Ort	Dorf in Norwegen
TEUREWERA	Te Urewera	8	Ort	bewaldete Berglandschaft im Nordosten der Nordinsel von Neuseeland
LAPPMARK	Lappmark	8	Ort	
KYSYLDSCHAR	Kysyldschar	8	Ort	
KUEMUESCHASIS	Kümüsch-Asis	8	Ort	Dorf in Kirgisistan
SASSONAUTOBAHN	Sasson-Autobahn	7	Straße	Straße in Japan
HUDSONSTREET	Hudson Street	7	Straße	Straße in den Vereinigten Staaten
NORTHERNHIGHWAY	Northern Highway	7	Straße	Straße in Belize
VESTFJARARVEGUR	Vestfjarðarvegur	7	Straße	Straße in Island
DJPVEGUR	Djúpvegur	7	Straße	Straße in Island
SNFELLSNESVEGUR	Snæfellsnesvegur	7	Straße	Straße in Island
CABOTTRAIL	Cabot Trail	7	Straße	Highway in der kanadischen Provinz Nova Scotia
KOENIGSWEG	Königsweg	7	Straße	historische Strecke durch Prag
PONALESTRASSE	Ponalestraße	7	Straße	Straße am Gardasee
VICTORIAHIGHWAY	Victoria Highway	7	Straße	Straße im Northern Territory and Western Australia
HONAMEXPRESSWAY	Honam Expressway	7	Straße	Schnellstraße in Südkorea
SOEDRALAENKEN	Södra Länken	7	Straße	Autobahn in Schweden
STURTHIGHWAY	Sturt Highway	7	Straße	Highway in Australien
TANZAMHIGHWAY	Tanzam Highway	7	Straße	Fernstraße in Afrika
ROUTETRANSTAGA	Route Transtaïga	7	Straße	Highway in der kanadischen Provinz Québec
THECUT	The Cut	7	Straße	Straße im Vereinigten Königreich
KARNALIRAJMARG	Karnali Rajmarg	7	Straße	Fernstraße in Nepal
PRITHVIRAJMARG	Prithvi Rajmarg	7	Straße	Fernstraße in Nepal
KOSHIRAJMARG	Koshi Rajmarg	7	Straße	Fernstraße in Nepal
NAVALIA	Navalia	7	Ort	
WUELFLINGEN	Wülflingen	7	Ort	Stadtkreis von Winterthur im Kanton Zürich, Schweiz
KOKELV	Kokelv	7	Ort	Siedlung in Norwegen
VIETBAC	Viet Bac	7	Ort	
CHRISTIANSAND	Christiansand	7	Ort	
MEDICKAZAHRADA	Medická záhrada	7	Ort	Park in der Slowakei
ADLERSTRASSE	Adlerstraße	6	Straße	Straße in Norwegen
AXENSTRASSE	Axenstrasse	6	Straße	Strasse in der Schweiz
BIRDSVILLETRACK	Birdsville Track	6	Straße	Straße in Australien
BARRIERHIGHWAY	Barrier Highway	6	Straße	Straße in Australien
PATHE	PATHE	6	Straße	Autobahn in Griechenland
KINGSHIGHWAY	Kings Highway	6	Straße	Fernverkehrsstraße im australischen Bundesstaat New South Wales und im Australian Capital Territory
BARTONHIGHWAY	Barton Highway	6	Straße	Fernverkehrsstraße im australischen Bundesstaat New South Wales und im Australian Capital Territory
STERLINGHIGHWAY	Sterling Highway	6	Straße	Highway im US-Bundesstaat Alaska
BRUNNERSTRASSE	Brunner Straße	6	Straße	13,6 km lange Hauptstraße B in Wien, Landesstraße B in Niederösterreich und ehemalige Bundesstraße
BLUTWEG	Blutweg	6	Straße	Straße in Norwegen
OESKJULEI	Öskjuleið	6	Straße	Straße in Island
INGRAHAMTRAIL	Ingraham Trail	6	Straße	Highway in den kanadischen Northwest Territories
NEWELLHIGHWAY	Newell Highway	6	Straße	Highway in Australien
WESTERNHIGHWAY	Western Highway	6	Straße	Straße in Victoria, Australien
MIGLIODORO	Miglio d’oro	6	Straße	Straßenabschnitt in Kampanien, Italien
WIENERSTRASSE	Wiener Straße	6	Straße	Straße zwischen Wien und Salzburg
TKYKSOKUDRO	Tōkyō Kōsokudōro	6	Straße	ehemalige Autobahn in Japan
SILBERWEG	Silberweg	6	Straße	Straße in Schweden
LARAPINTADRIVE	Larapinta Drive	6	Straße	Touristenstraße im australischen Northern Territory
DALAVEGUR	Dalavegur	6	Straße	Straße in Island
GRINDAVKURVEGUR	Grindavíkurvegur	6	Straße	Straße in Island
NORFJARARVEGUR	Norðfjarðarvegur	6	Straße	Straße in Island
SUURFJARAVEGUR	Suðurfjarðavegur	6	Straße	Straße in Island
SPRENGISANDSLEI	Sprengisandsleið	6	Straße	Straße in Island
VIECAVE	Vie Cave	6	Straße	teils tief gegrabene Straßen in der heutigen Gegend zwischen Sovana, Sorano und Pitigliano
CINTACOSTERA	Cinta Costera	6	Straße	Landgewinnungsprojekt in Panama City, Panama
JKAD	JKAD	6	Straße	Straße in Russland
MAHAKALIRAJMARG	Mahakali Rajmarg	6	Straße	Fernstraße in Nepal
MUZVEZVE	Muzvezve	6	Ort	Stadt in Simbabwe
NAETSCHEN	Nätschen	6	Ort	Berg in der Schweiz
VAE	Vä	6	Ort	Ort in der Gemeinde Kristianstad, Schweden
CORNUS	Cornus	6	Ort	archäologische Stätte in Italien
AUTOPISTADUARTE	Autopista Duarte	5	Straße	Straße in der Dominikanischen Republik
GOETALANDSVAEG	Göta landsväg	5	Straße	Straße in Schweden
RUSTERSTRASSE	Ruster Straße	5	Straße	Landesstraße B 52 in Österreich
ZWETTLERSTRASSE	Zwettler Straße	5	Straße	Landesstraße B 36 in Niederösterreich, Österreich
ANGERNERSTRASSE	Angerner Straße	5	Straße	Straße in Österreich
BARKLYHIGHWAY	Barkly Highway	5	Straße	Fernverkehrsstraße im Norden Australiens
BASINSTREET	Basin Street	5	Straße	Straße in New Orleans, Louisiana, Vereinigte Staaten von Amerika
TULLNERSTRASSE	Tullner Straße	5	Straße	B19, Straße in Niederösterreich
BUNYAHIGHWAY	Bunya Highway	5	Straße	Straße in Australien
BURNETTHIGHWAY	Burnett Highway	5	Straße	Straße in Queensland, Australien
CANNINGHIGHWAY	Canning Highway	5	Straße	Straße in Western Australia
ALPINEWAY	Alpine Way	5	Straße	Hauptverkehrsstraße im australischen Bundesstaat South Australia
INLANDSVAEGEN	Inlandsvägen	5	Straße	
EDGERTONHIGHWAY	Edgerton Highway	5	Straße	Highway im US-Bundesstaat Alaska
BRUENNERSTRASSE	Brünner Straße	5	Straße	Straße in Österreich
PACKERSTRASSE	Packer Straße	5	Straße	Straße in Österreich
GREGORYHIGHWAY	Gregory Highway	5	Straße	Straße in Queensland, Australien
GRESTNERSTRASSE	Grestner Straße	5	Straße	Straße in Österreich
ERDOELSTRASSE	Erdöl Straße	5	Straße	Straße in Österreich
RETZERSTRASSE	Retzer Straße	5	Straße	Straße in Österreich
QUEENHITHE	Queenhithe	5	Straße	Stadtteil von London
MOONIEHIGHWAY	Moonie Highway	5	Straße	Straße in Queensland, Australien
ATLINROAD	Atlin Road	5	Straße	Highway im kanadischen Yukon
BRANDHIGHWAY	Brand Highway	5	Straße	Fernstraße im australischen Bundesstaat Western Australia
NORAUSTURVEGUR	Norðausturvegur	5	Straße	Straße in Island
WARREGOHIGHWAY	Warrego Highway	5	Straße	Highway in Australien
MANKERSTRASSE	Manker Straße	5	Straße	Straße in Österreich
MITCHELLHIGHWAY	Mitchell Highway	5	Straße	Highway in Australien
EYRARBAKKAVEGUR	Eyrarbakkavegur	5	Straße	Straße in Island
DOIBERSTRASSE	Doiber Straße	5	Straße	Straße im Burgenland
DAGUILARHIGHWAY	D’Aguilar Highway	5	Straße	Straße in Australien
HORNERSTRASSE	Horner Straße	5	Straße	Straße in Österreich
THAYATALSTRASSE	Thayatal Straße	5	Straße	Straße in Österreich
LAAERSTRASSE	Laaer Straße	5	Straße	Straße in Österreich
KREMSERSTRASSE	Kremser Straße	5	Straße	Straße in Österreich
STAATZERSTRASSE	Staatzer Straße	5	Straße	Landesstraße in Niederösterreich
CALDERHIGHWAY	Calder Highway	5	Straße	Straße in Australien
VICTORIAROAD	Victoria Road	5	Straße	Straße in Australien
LAABERSTRASSE	Laaber Straße	5	Straße	Straße in Österreich
WESTLINK	WestLink	5	Straße	Straße in Australien
BELTPARKWAY	Belt Parkway	5	Straße	Parkway im US-Bundesstaat New York
ALBANYHIGHWAY	Albany Highway	5	Straße	Highway in Western Australia
WATERFALLWAY	Waterfall Way	5	Straße	Straße in Australien
WECHSELSTRASSE	Wechsel Straße	5	Straße	Straße in Österreich
YKKVABJARVEGUR	Þykkvabæjarvegur	5	Straße	Straße in Island
LANDVEGUR	Landvegur	5	Straße	Straße in Island
NESBRAUT	Nesbraut	5	Straße	Straße in Island
SKALHOLTSVEGUR	Skálholtsvegur	5	Straße	Straße in Island
JRSARDALSVEGUR	Þjórsárdalsvegur	5	Straße	Straße in Island
INGVALLAVEGUR	Þingvallavegur	5	Straße	Straße in Island
KSILVEGUR	Kísilvegur	5	Straße	Straße in Island
CESTASVOBODY	Cesta svobody	5	Straße	Straße in der Slowakei
FISHAMBLESTREET	Fishamble Street	5	Straße	Straße in Irland
TRANSPANTANEIRA	Transpantaneira	5	Straße	Straße in Brasilien
MACDONNELLROAD	MacDonnell Road	5	Straße	Straße in Hongkong
PICOBOULEVARD	Pico Boulevard	5	Straße	Straße in Los Angeles
THANONSURANARAI	Thanon Suranarai	5	Straße	Schnellstraße in Thailand
KAROLINA	Karolina	5	Straße	Straße in Kroatien
RATNARAJMARG	Ratna Rajmarg	5	Straße	Fernstraße in Nepal
RAPTIRAJMARG	Rapti Rajmarg	5	Straße	Fernstraße in Nepal
ANADYRHIGHWAY	Anadyr Highway	5	Straße	Straße in Russland
KALDADALSVEGUR	Kaldadalsvegur	5	Straße	Straße in Island
CASTELTEDALDO	Castel Tedaldo	5	Ort	ehemaliges Verteidigungswerk in Ferrara, Italien
PAMILACAN	Pamilacan	5	Ort	philippinische Insel
OETZTALSTRASSE	Ötztalstraße	4	Straße	Landesstraße B 186 in Tirol, Österreich
OEXI	Öxi	4	Straße	Pass in Island
TNESVEGUR	Útnesvegur	4	Straße	Straße in Island
BALONNEHIGHWAY	Balonne Highway	4	Straße	Straße in Australien
BARWONHIGHWAY	Barwon Highway	4	Straße	Straße in Australien
GRENZLANDRING	Grenzlandring	4	Straße	Straßenrennstrecke in Nordrhein-Westfalen
KRSUVKURVEGUR	Krýsuvíkurvegur	4	Straße	Straße in Island
MONASHFREEWAY	Monash Freeway	4	Straße	Freeway in Australien
BUSSELLHIGHWAY	Bussell Highway	4	Straße	Highway in Australien
MCCARTHYROAD	McCarthy Road	4	Straße	Straße in im US-Bundesstaat Alaska
FERNPASSSTRASSE	Fernpassstraße	4	Straße	Landesstraße in Tirol
BRUXNERHIGHWAY	Bruxner Highway	4	Straße	Straße in Australien
OLYMPICHIGHWAY	Olympic Highway	4	Straße	Hauptverbindungsstraße in Australien
GMUENDERSTRASSE	Gmünder Straße	4	Straße	Straße in Österreich
GOLDENHIGHWAY	Golden Highway	4	Straße	Straße in Australien
TOODYAYROAD	Toodyay Road	4	Straße	Straße in Australien
SOUTHROAD	South Road	4	Straße	Straße in South Australia
SOUTHERNFREEWAY	Southern Freeway	4	Straße	Straße in Australien
GFOEHLERSTRASSE	Gföhler Straße	4	Straße	Straße in Österreich
GLENELGHIGHWAY	Glenelg Highway	4	Straße	Straße in den australischen Bundesstaaten Victoria und South Australia
DUKESHIGHWAY	Dukes Highway	4	Straße	Straße in Australien
MALLEEHIGHWAY	Mallee Highway	4	Straße	Straße in Australien
EASTLINK	EastLink	4	Straße	Autobahn in Australien
YBBSTALSTRASSE	Ybbstal Straße	4	Straße	Straße in Österreich
KAKADUHIGHWAY	Kakadu Highway	4	Straße	Straße im australischen Northern Territory
CITYLINK	CityLink	4	Straße	Mautsystem in Australien
COBBHIGHWAY	Cobb Highway	4	Straße	Staatsstraße im australischen Bundesstaat New South Wales
DAWSONROAD	Dawson Road	4	Straße	Straße in Kanada
DRAUTALSTRASSE	Drautal Straße	4	Straße	Straße in Österreich
MAGISTRALE	Magistrale	4	Straße	Hauptverkehrslinie einer Region, einer Stadt, eines Landes oder eines mehrere Staaten umfassenden Gebiets
MANGARTSTRASSE	Mangartstraße	4	Straße	Straße in Slowenien
MARKETSTREET	Market Street	4	Straße	Straße in Hongkong
MIDLANDSROAD	Midlands Road	4	Straße	Straße in Australien
MONAROHIGHWAY	Monaro Highway	4	Straße	Straße in Australien
AUTOBAHNRINGD	Autobahnring Łódź	4	Straße	Straße in Polen
DONAUSTRASSE	Donau Straße	4	Straße	Straße in Österreich
MIDLANDHIGHWAY	Midland Highway	4	Straße	Straße in Australien
KAMPTALSTRASSE	Kamptal Straße	4	Straße	Straße in Österreich
QHAPAQAN	Qhapaq Ñan	4	Straße	wichtigste Nord-Süd-Verbindung des Inka-Reiches
RADLPASSSTRASSE	Radlpass Straße	4	Straße	Straße in Österreich
STEYRERSTRASSE	Steyrer Straße	4	Straße	Straße in Österreich
GWYDIRHIGHWAY	Gwydir Highway	4	Straße	Straße in Australien
AUSTURLEI	Austurleið	4	Straße	Straße in Island
GUENSERSTRASSE	Günser Straße	4	Straße	Straße in Österreich
HAAGERSTRASSE	Haager Straße	4	Straße	Straße in Österreich
BUNTINEHIGHWAY	Buntine Highway	4	Straße	Straße in Australien
BUCHANANHIGHWAY	Buchanan Highway	4	Straße	Straße in Australien
TONKINHIGHWAY	Tonkin Highway	4	Straße	Highway in Westaustralien
LEITHASTRASSE	Leitha Straße	4	Straße	Straße in Österreich
RIVERINAHIGHWAY	Riverina Highway	4	Straße	Straße in Australien
SAVANNAHWAY	Savannah Way	4	Straße	Straße in Australien
STRZELECKITRACK	Strzelecki Track	4	Straße	unbefestigte Straße in South Australia
WIMMERAHIGHWAY	Wimmera Highway	4	Straße	Straße in Australien
WESTERNFREEWAY	Western Freeway	4	Straße	Straße in Australien
HVALFJARARVEGUR	Hvalfjarðarvegur	4	Straße	Straße 47 in Island
BLDUDALSVEGUR	Bíldudalsvegur	4	Straße	Straße in Island
SILVERTRAIL	Silver Trail	4	Straße	Highway im kanadischen Yukon
TAGISHROAD	Tagish Road	4	Straße	Highway im kanadischen Yukon
MOERUDALSLEI	Möðrudalsleið	4	Straße	Straße in Island
CAIROROAD	Cairo Road	4	Straße	Straße in Sambia
FARRINGDONROAD	Farringdon Road	4	Straße	Straße in London
VENICEBOULEVARD	Venice Boulevard	4	Straße	Straße in den Vereinigten Staaten
TONGILRO	Tongil-ro	4	Straße	Straße in Südkorea
FLEISCHMARKT	Fleischmarkt	4	Straße	Straße im 1. Wiener Gemeindebezirk
SETIRAJMARG	Seti Rajmarg	4	Straße	Fernstraße in Nepal
KALKAUAAVENUE	Kalākaua Avenue	4	Straße	Straße in Honolulu im US-Bundesstaat Hawaii
EASTPOINT	East Point	4	Ort	Ehemaliges Kap in Hongkong
FLORENC	Florenc	4	Ort	Stadtteil von Prag
LINNERLINDE	Linner Linde	4	Ort	Markante Sommerlinde bei Linn in Bözberg im Kanton Aargau, Schweiz
SERNFTAL	Sernftal	4	Ort	Tal in der Schweiz
CARTERBAR	Carter Bar	4	Ort	Passhöhe auf 418 m ASL in den Cheviot Hills an der Grenze zwischen Schottland und England
EISERNESVIERECK	Eisernes Viereck	4	Ort	brasilianisches Eisenerzabbaugebiet in Minas Gerais
HONT	Hont	4	Ort	
AUSTFIRIR	Austfirðir	4	Ort	Ostküste Island
CENTRAL	Central	4	Ort	Ort in der Stadt Zürich, Schweiz
GJOEGUR	Gjögur	4	Ort	ehemaliges Fischerdorf
SELINOG	Selinog	4	Ort	
DORATROAD	Dorat Road	3	Straße	Highway 23 im Northern Territory, Australien
OUTBACKHIGHWAY	Outback Highway	3	Straße	Highway in Queensland, Northern Territory und Western Australia, Australien
RECHBERGSTRASSE	Rechberg Straße	3	Straße	Straße in Österreich
BARRYWAY	Barry Way	3	Straße	Verbindungsstraße im australischen Bundesstaat New South Wales
KULMERSTEIG	Kulmer Steig	3	Straße	historische Wege zwischen Böhmen und Sachsen
GERLOSSTRASSE	Gerlosstraße	3	Straße	Landesstraße in Salzburg und Tirol
SOUTHERNOUTLET	Southern Outlet	3	Straße	Straße in Tasmanien
ANZACHIGHWAY	Anzac Highway	3	Straße	Straße in Australien
APPINROAD	Appin Road	3	Straße	Straße in New South Wales, Australien
BURWOODHIGHWAY	Burwood Highway	3	Straße	Straße in Australien
CALDERFREEWAY	Calder Freeway	3	Straße	Straße in Australien
WANNEROOROAD	Wanneroo Road	3	Straße	Straße in Australien
NEPEANHIGHWAY	Nepean Highway	3	Straße	Fernverkehrsstraße im australischen Bundesstaat Victoria
PYRENEESHIGHWAY	Pyrenees Highway	3	Straße	Straße in Australien
NABESNAROAD	Nabesna Road	3	Straße	Straße im US-Bundesstaat Alaska
OMEOHIGHWAY	Omeo Highway	3	Straße	Straße in Australien
HOEHENSTRASSE	Höhenstraße	3	Straße	Straße in Wien
GOREHIGHWAY	Gore Highway	3	Straße	Straße in Australien
SAGENWEG	Sagenweg	3	Straße	Straße in Schweden
IRRIGATIONWAY	Irrigation Way	3	Straße	Straße in Australien
TIROLERSTRASSE	Tiroler Straße	3	Straße	Landesstraße in Tirol
GAILTALSTRASSE	Gailtal Straße	3	Straße	Straße in Österreich
GARYHIGHWAY	Gary Highway	3	Straße	Outbackpiste in Westaustralien
KIDMANWAY	Kidman Way	3	Straße	Straße in Australien
HAMILTONHIGHWAY	Hamilton Highway	3	Straße	Straße in Australien
DUNCANROAD	Duncan Road	3	Straße	Straße in Australien
LAKEHIGHWAY	Lake Highway	3	Straße	Straße in Tasmanien
BORUNGHIGHWAY	Borung Highway	3	Straße	Straße in Australien
ROEHIGHWAY	Roe Highway	3	Straße	Stadtautobahn in Westaustralien
DAVEYSTREET	Davey Street	3	Straße	Straße in Hobart auf Tasmanien
DAWSONHIGHWAY	Dawson Highway	3	Straße	Fernverkehrsstraße in Queensland, Australien
MUIRSHIGHWAY	Muirs Highway	3	Straße	Straße in Australien
MESSESCHNELLWEG	Messeschnellweg	3	Straße	Bundesstraßenabschnitt
LOFERERSTRASSE	Loferer Straße	3	Straße	Straße in Österreich
MOUNTAINHIGHWAY	Mountain Highway	3	Straße	Straße in Australien
STORROWDRIVE	Storrow Drive	3	Straße	Bauwerk in den Vereinigten Staaten
ROUTEJOFFRE	Route Joffre	3	Straße	Straße in Frankreich
SCENICDRIVE	Scenic Drive	3	Straße	landschaftliche schöne Strecke
ISISHIGHWAY	Isis Highway	3	Straße	Straße in Australien
THUNDERBOLTSWAY	Thunderbolts Way	3	Straße	Straße in Australien
SEEBERGSTRASSE	Seeberg Straße	3	Straße	Straße in Österreich
STIRLINGHIGHWAY	Stirling Highway	3	Straße	Straße in Westaustralien
HILLSMOTORWAY	Hills Motorway	3	Straße	Straße in Australien
BROCKMANHIGHWAY	Brockman Highway	3	Straße	Highway in Australien
BROOKTONHIGHWAY	Brookton Highway	3	Straße	Straße in Australien
FRANKLINAVENUE	Franklin Avenue	3	Straße	Straße in den Vereinigten Staaten
KENNEDYHIGHWAY	Kennedy Highway	3	Straße	Straße in Australien
LEACHHIGHWAY	Leach Highway	3	Straße	Highway in Westaustralien
WESTERNMOTORWAY	Western Motorway	3	Straße	Straße in Australien
WINDSORROAD	Windsor Road	3	Straße	Straße in Australien
SANDOVERHIGHWAY	Sandover Highway	3	Straße	unbefestigte Straße australischen Northern Territory
KOSCIUSZKOROAD	Kosciuszko Road	3	Straße	Straße in Australien
LEOBENERSTRASSE	Leobener Straße	3	Straße	Straße in Österreich
PITTWATERROAD	Pittwater Road	3	Straße	Straße in Australien
PLENTYHIGHWAY	Plenty Highway	3	Straße	Straße im australischen Northern Territory
PORTRUSHROAD	Portrush Road	3	Straße	Straße in Australien
REIDHIGHWAY	Reid Highway	3	Straße	Straße in Australien
ROHRAUERSTRASSE	Rohrauer Straße	3	Straße	Straße in Österreich
VASSEHIGHWAY	Vasse Highway	3	Straße	Highway in Australien
VORALPENSTRASSE	Voralpen Straße	3	Straße	Straße in Österreich
RENGSLAVEGUR	Þrengslavegur	3	Straße	Straße in Island
UXAHRYGGJAVEGUR	Uxahryggjavegur	3	Straße	Straße in Island
SAUARKRKSBRAUT	Sauðárkróksbraut	3	Straße	
LANDMANNALEI	Landmannaleið	3	Straße	Straße in Island
CALEDONIANROAD	Caledonian Road	3	Straße	Straße im Vereinigten Königreich
COURTAVENUE	Court Avenue	3	Straße	Straße in Ohio, Vereinigte Staaten
KREISSTRASSE	Kreisstraße	3	Straße	Straßenkategorie in Polen
WAYJAGIELLOSKIE	Wały Jagiellońskie	3	Straße	Straße im Stadtteil Śródmieście in Danzig
SUDETENSTRASSE	Sudetenstraße	3	Straße	Wikimedia-Begriffsklärungsseite
SIGLUFJARARSKAR	Siglufjarðarskarð	3	Straße	Straße in Island
GIESSENERRING	Gießener Ring	3	Straße	Straße in Deutschland
ADOLPHSBRUECKE	Adolphsbrücke	3	Straße	ist eine Brücke und Straße in Hamburg
PORTLANDROAD	Portland Road	3	Straße	Straße im Vereinigten Königreich
HOLBEINSTRASSE	Holbeinstraße	3	Straße	Straße in München
STEILEWAND	Steile Wand	3	Straße	informeller Name einer Straße im sächsischen Meerane
HIELESKOEPFLE	Hielesköpfle	3	Ort	Kammpunkt ohne Schartenhöhe in den Allgäuer Alpen in Bayern
METT	Mett	3	Ort	Quartier der Stadt Biel/Bienne im Kanton Bern, Schweiz
MODRANKA	Modranka	3	Ort	
MARWEDE	Marwede	3	Ort	Ort im Landkreis Celle
ENGEHALBINSEL	Engehalbinsel	3	Ort	Halbinselartiges Gebiet und archäologische Stätte in einer Flussschleife der Aare im Norden der Stadt Bern
NOOKSACKCIRQUE	Nooksack Cirque	3	Ort	
BATAD	Batad	3	Ort	Dorf der Philippinen
BREIADALSHEII	Breiðadalsheiði	3	Ort	
VERLORENKOST	Verlorenkost	3	Ort	Begriffsklärung für mehrere Artikel, betreffend Verlorenkost in Luxemburg
WOODBURYCOMMON	Woodbury Common	3	Ort	
PORTOGOLE	Porto Gole	3	Ort	Ortschaft in Guinea-Bissau
BUCKETTSWAY	Bucketts Way	2	Straße	Straße in Australien
DAMPIERHIGHWAY	Dampier Highway	2	Straße	Highway in Western Australia, Australien
BIRDSEYEHIGHWAY	Birdseye Highway	2	Straße	Straße in Australien
ZEEHANHIGHWAY	Zeehan Highway	2	Straße	Highway A10/B27 in Tasmanien, Australien
DERBYHIGHWAY	Derby Highway	2	Straße	Highway in Western Australia, Australien
BARRENJOEYROAD	Barrenjoey Road	2	Straße	Straße in Australien
BATMANHIGHWAY	Batman Highway	2	Straße	Straße in Tasmanien
BUNDESSTRASSES	Bundesstraße S	2	Straße	Bundesstraße in Deutschland
BUNDESSTRASSEE	Bundesstraße E	2	Straße	Bundesstraße in Deutschland
BUNDESSTRASSEZ	Bundesstraße Z	2	Straße	Bundesstraße in Deutschland
BUNDESSTRASSER	Bundesstraße R	2	Straße	Bundesstraße in Deutschland
BOEDELESTRASSE	Bödelestraße	2	Straße	Landesstraße in Vorarlberg, Österreich
FORST	Forst	2	Straße	Ortsteil von Feilitzsch
FRANKENSTRASSE	Frankenstraße	2	Straße	Bezeichnung der Altstraße von Bautzen nach Zwickau
CHANNELHIGHWAY	Channel Highway	2	Straße	Straße in Australien
VICTORYHIGHWAY	Victory Highway	2	Straße	Highway in den Vereinigten Staaten
BUCHAUERSTRASSE	Buchauer Straße	2	Straße	Straße in Österreich
GABERLSTRASSE	Gaberl Straße	2	Straße	Straße in Österreich
GOLDFIELDSWAY	Goldfields Way	2	Straße	Straße in Australien
GREINERSTRASSE	Greiner Straße	2	Straße	Straße in Österreich
RENNWEG	Rennweg	2	Straße	Weg im Königsforst
NOTOMROAD	Notom Road	2	Straße	Straße in den Vereinigten Staaten
GATEWAYMOTORWAY	Gateway Motorway	2	Straße	Straße in Australien
SCHLEINITZWEG	Schleinitzweg	2	Straße	Straße in Brandenburg
MOELLTALSTRASSE	Mölltal Straße	2	Straße	Straße in Österreich
OBDACHERSTRASSE	Obdacher Straße	2	Straße	Straße in Österreich
OCONNELLROAD	O’Connell Road	2	Straße	Straße in Australien
FOSSICKERSWAY	Fossickers Way	2	Straße	Straße in Australien
PUTTYROAD	Putty Road	2	Straße	Straße in Australien
ATTERSEESTRASSE	Attersee Straße	2	Straße	Straße in Österreich
BORETRACK	Bore Track	2	Straße	Straße in Australien
ESCORTWAY	Escort Way	2	Straße	Straße in Australien
GESAEUSESTRASSE	Gesäuse Straße	2	Straße	Straße in Österreich
LUEBSCHETRADE	Lübsche Trade	2	Straße	Straße in Deutschland
MCIVORHIGHWAY	McIvor Highway	2	Straße	Straße in Australien
MELTONHIGHWAY	Melton Highway	2	Straße	Straße in Australien
MONDSEESTRASSE	Mondsee Straße	2	Straße	Landesstraße in Salzburg und Oberösterreich
MURAUERSTRASSE	Murauer Straße	2	Straße	Straße in Österreich
MURTALSTRASSE	Murtal Straße	2	Straße	Straße in Österreich
DOMAINHIGHWAY	Domain Highway	2	Straße	Straße in Australien
DOMBERG	Domberg	2	Straße	Berg in Freising
DONOHUEHIGHWAY	Donohue Highway	2	Straße	Straße in Queensland, Australien
HOPKINSHIGHWAY	Hopkins Highway	2	Straße	Straße in Australien
HUONHIGHWAY	Huon Highway	2	Straße	Straße in Australien
HYLANDHIGHWAY	Hyland Highway	2	Straße	Straße in Australien
LIARDHIGHWAY	Liard Highway	2	Straße	Highway in den kanadischen Northwest Territories und der kanadischen Provinz British Columbia
POLENSTRASSE	Polenstrasse	2	Straße	Verbindungsstraße im Aargau
KALUMBURUROAD	Kalumburu Road	2	Straße	Outback Piste in der Kimberley Region in Western Australia
STEYRTALSTRASSE	Steyrtal Straße	2	Straße	Straße in Österreich
HENTYHIGHWAY	Henty Highway	2	Straße	Straße in Australien
TALAWANATRACK	Talawana Track	2	Straße	Outbackpiste in Westaustralien
MULLIGANHIGHWAY	Mulligan Highway	2	Straße	Straße in Queensland, Australien
KREMSTALSTRASSE	Kremstal Straße	2	Straße	Landesstraße in Österreich
LECHTALSTRASSE	Lechtalstraße	2	Straße	Landesstraße in Tirol und Vorarlberg
PICTONROAD	Picton Road	2	Straße	Straße in Australien
PLAYFORDHIGHWAY	Playford Highway	2	Straße	Straße in Australien
RHEINSTRASSE	Rheinstraße	2	Straße	Straße im österreichischen Bundesland Vorarlberg
RIDDOCHHIGHWAY	Riddoch Highway	2	Straße	Straße in Australien
ROSENTALSTRASSE	Rosental-Straße	2	Straße	Straße in Österreich
SUMMERLANDWAY	Summerland Way	2	Straße	Straße in Australien
VIANERVA	Via Nerva	2	Straße	
SYTHENERHELLWEG	Sythener Hellweg	2	Straße	Straße zwischen Dülmen und Haltern am See in Deutschland
SUEDTANGENTE	Südtangente	2	Straße	Zubringer- und Umgehungsstraße in Karlsruhe
TODHIGHWAY	Tod Highway	2	Straße	Straße in Australien
TOULOUSERALLEE	Toulouser Allee	2	Straße	Straße in Düsseldorf, Deutschland
WAPETROAD	Wapet Road	2	Straße	Outbackpiste in Westaustralien
WEIZERSTRASSE	Weizer Straße	2	Straße	Straße in Österreich
NASSFELDSTRASSE	Nassfeld Straße	2	Straße	Straße in Österreich
ZAKOPIANKA	Zakopianka	2	Straße	Straße in Polen
OBERERMARKT	Oberer Markt	2	Straße	Stadtteil von Neunkirchen, Saarland
SENNERHELLWEG	Senner Hellweg	2	Straße	Abschnitt historischen Handelswegs
MAGDEBURGERRING	Magdeburger Ring	2	Straße	autobahnähnliche Straße in Sachsen-Anhalt
EFFNERSTRASSE	Effnerstraße	2	Straße	Straße in München
KOLONNENWEG	Kolonnenweg	2	Straße	Teil der ehemaligen innerdeutschen Grenzanlagen
BROCKENSTRASSE	Brockenstraße	2	Straße	Straße auf den Brocken
GAUSTRASSE	Gaustraße	2	Straße	Straße in Rheinhessen
NIBBEVEGEN	Nibbevegen	2	Straße	norwegische mautpflichtige Privatstraße in  Stranda, Møre og Romsdal
FREISINGERGASSE	Freisingergasse	2	Straße	Gasse im 1. Wiener Gemeindebezirk Innere Stadt
NORDBAHNSTRASSE	Nordbahnstraße	2	Straße	Straße im im 2. Wiener Gemeindebezirk Leopoldstadt
GAUERMANNGASSE	Gauermanngasse	2	Straße	Gasse im 1. Wiener Gemeindebezirk, der Inneren Stadt
BUTTERSTRASSE	Butterstraße	2	Straße	frühere Handelsstraße in Sachsen
MOOSSTRASSE	Moosstraße	2	Straße	Straße in Salzburg, Österreich
AUGUSTENSTRASSE	Augustenstraße	2	Straße	Innerortsstraße in München
LUDWIGSTRASSE	Ludwigstraße	2	Straße	Straße in Neustadt, Hof (Saale), Bayern, Deutschland
ALBTALSTRASSE	Albtalstrasse	2	Straße	Straße im Landkreis Waldshut
QUETSCHEN	Quetschen	2	Straße	Straße und Einöde in Hof, Bayern
HEROLDSGRUEN	Heroldsgrün	2	Straße	Straße in Heroldsgrün, Köditz, Hofer Land, Bayern, Deutschland
HOHBUEHL	Hohbühl	2	Straße	Straße in Köditz, Hofer Land, Bayern, Deutschlan
LAMITZMUEHLE	Lamitzmühle	2	Straße	Straße in Joditz, Köditz, Hofer Land, Bayern, Deutschland
SCHEIBENGRUEN	Scheibengrün	2	Straße	Straße in Köditz, Hofer Land, Bayern, Deutschland
STOECKATEN	Stöckaten	2	Straße	Straße in Köditz, Hofer Land, Bayern, Deutschland
BAUMERSREUTH	Baumersreuth	2	Straße	Straße in Schwarzenbach an der Saale, Landkreis Hof, Oberfranken, Bayern, Deutschland
AXARVEGUR	Axarvegur	2	Straße	nicht asphaltierte Nebenstraße im Osten von Island
BIRKE	Birke	2	Straße	Straße in Schwarzenbach an der Saale, Landkreis Hof, Oberfranken, Bayern, Deutschland
ALSENBERG	Alsenberg	2	Straße	Straße in Hof-Alsenberg, Bayern, Deutschland
KROETENHOF	Krötenhof	2	Straße	Straße in Hof-Krötenbruck, Bayern, Adressenbestandteil und Name eines ehemaligen Rittergutes
EPPLASMUEHLE	Epplasmühle	2	Straße	Straße in Hof-Epplas, Bayern, Deutschland
ERLHOF	Erlhof	2	Straße	Straße und Einzelgehöft in Hof (Saale), Oberfranken, Bayern, Deutschland
ERLALOHE	Erlalohe	2	Straße	Straße in Hof-Wartturmviertel, Bayern, Deutschland
STEIN	Stein	2	Straße	Straße in Hof, Bayern
STEINBERGGASSE	Steinberggasse	2	Straße	Gasse in Winterthur
HINTEREGGETEN	Hintereggeten	2	Straße	Straße in Gattendorf, Oberfranken, Bayern, Deutschland
OBERHOELL	Oberhöll	2	Straße	Straße in Gattendorf, Oberfranken, Bayern, Deutschland
NEUENREUTH	Neuenreuth	2	Straße	Straße in Gattendorf, Oberfranken, Bayern, Deutschland
QUELLITZMUEHLE	Quellitzmühle	2	Straße	Straße in Gattendorf, Oberfranken, Bayern, Deutschland
UNTERHOELL	Unterhöll	2	Straße	Straße in Gattendorf, Oberfranken, Bayern, Deutschland
VORDEREGGETEN	Vordereggeten	2	Straße	Straße in Gattendorf, Oberfranken, Bayern, Deutschland
WALDFRIEDEN	Waldfrieden	2	Straße	Straße in Gattendorf, Oberfranken, Bayern, Deutschland
QUELLITZHOF	Quellitzhof	2	Straße	Straße in Gattendorf, Oberfranken, Bayern, Deutschland
FOERTSCHENBACH	Förtschenbach	2	Straße	Straße in Regnitzlosau, Landkreis Hof, Oberfranken, Bayern, Deutschland
HAAG	Haag	2	Straße	Straße in Regnitzlosau, Landkreis Hof, Oberfranken, Bayern, Deutschland
ZIEGELHAUS	Ziegelhaus	2	Straße	Straße in Regnitzlosau, Landkreis Hof, Oberfranken, Bayern, Deutschland
BORSIGALLEE	Borsigallee	2	Straße	Straße in Frankfurt am Main
LAHMREUTH	Lahmreuth	2	Straße	Straße in Döhlau, Landkreis Hof, Oberfranken, Bayern, Deutschland
NEUDOEHLAU	Neudöhlau	2	Straße	Straße in Döhlau, Landkreis Hof, Oberfranken, Bayern, Deutschland
STUMPFHOF	Stumpfhof	2	Straße	Straße in Döhlau, Landkreis Hof, Oberfranken, Bayern, Deutschland
HERRENLOHE	Herrenlohe	2	Straße	Straße in Oberkotzau, Landkreis Hof, Oberfranken, Bayern, Deutschland
BIRKENHOF	Birkenhof	2	Straße	Straße in Konradsreuth, Landkreis Hof, Oberfranken, Bayern, Deutschland
BRAND	Brand	2	Straße	Straße in Konradsreuth, Landkreis Hof, Oberfranken, Bayern, Deutschland
ECKARDSREUTH	Eckardsreuth	2	Straße	Straße in Konradsreuth, Landkreis Hof, Oberfranken, Bayern, Deutschland
FRAUENHOF	Frauenhof	2	Straße	Straße in Konradsreuth, Landkreis Hof, Oberfranken, Bayern, Deutschland
GOTTSCHALK	Gottschalk	2	Straße	Straße in Konradsreuth, Landkreis Hof, Oberfranken, Bayern, Deutschland
GEIGEN	Geigen	2	Straße	Straße in Hof, Bayern
DOEBERLITZ	Döberlitz	2	Straße	Straße in Gattendorf, Oberfranken, Bayern, Deutschland
GUMPERTSREUTH	Gumpertsreuth	2	Straße	Straße in Gattendorf, Oberfranken, Bayern, Deutschland
UNTERHAMMER	Unterhammer	2	Straße	Straße in Regnitzlosau, Landkreis Hof, Oberfranken, Bayern, Deutschland
ZIEGELHUETTE	Ziegelhütte	2	Straße	Straße in Regnitzlosau, Landkreis Hof, Oberfranken, Bayern, Deutschland
LERCHENBERG	Lerchenberg	2	Straße	Straße in Oberkotzau, Landkreis Hof, Oberfranken, Bayern, Deutschland
TANNENLOHE	Tannenlohe	2	Straße	Straße in Schwarzenbach an der Saale, Landkreis Hof, Oberfranken, Bayern, Deutschland
KLAUSENHOF	Klausenhof	2	Straße	Straße in Konradsreuth, Landkreis Hof, Oberfranken, Bayern, Deutschland
PFARRHOF	Pfarrhof	2	Straße	Straße in Konradsreuth, Landkreis Hof, Oberfranken, Bayern, Deutschland
PRETSCHENREUTH	Pretschenreuth	2	Straße	Straße in Konradsreuth, Landkreis Hof, Oberfranken, Bayern, Deutschland
RINGLASMUEHLE	Ringlasmühle	2	Straße	Straße in Konradsreuth, Landkreis Hof, Oberfranken, Bayern, Deutschland
SCHALLERSHOF	Schallershof	2	Straße	Straße in Konradsreuth, Landkreis Hof, Oberfranken, Bayern, Deutschland
SCHOEDELSHOEHE	Schödelshöhe	2	Straße	Straße in Konradsreuth, Landkreis Hof, Oberfranken, Bayern, Deutschland
SCHWARZENFURTH	Schwarzenfurth	2	Straße	Straße in Konradsreuth, Landkreis Hof, Oberfranken, Bayern, Deutschland
STIFTSGRUEN	Stiftsgrün	2	Straße	Straße in Konradsreuth, Landkreis Hof, Oberfranken, Bayern, Deutschland
WALBURGISREUTH	Walburgisreuth	2	Straße	Straße in Konradsreuth, Landkreis Hof, Oberfranken, Bayern, Deutschland
ROEHRIGEINZEL	Röhrigeinzel	2	Straße	Straße in Röhrigeinzel, Stammbach, Landkreis Hof, Oberfranken, Bayern, Deutschland
SCHUETZENHAUS	Schützenhaus	2	Straße	Straße in Stammbach, Landkreis Hof, Oberfranken, Bayern, Deutschland
STEINFURTH	Steinfurth	2	Straße	Straße in Stammbach, Landkreis Hof, Oberfranken, Bayern, Deutschland
WILDENHOF	Wildenhof	2	Straße	Straße in Stammbach, Landkreis Hof, Oberfranken, Bayern, Deutschland
BAERENHAUS	Bärenhaus	2	Straße	Straße in Naila, Landkreis Hof, Oberfranken, Bayern, Deutschland
BAERENHAEUSER	Bärenhäuser	2	Straße	Straße in Naila, Landkreis Hof, Oberfranken, Bayern, Deutschland
DOEBRASTOECKEN	Döbrastöcken	2	Straße	Straße in Naila, Landkreis Hof, Oberfranken, Bayern, Deutschland
KALKOFEN	Kalkofen	2	Straße	Straße in Naila, Landkreis Hof, Oberfranken, Bayern, Deutschland
HOHENZORN	Hohenzorn	2	Straße	Straße in Schwarzenbach am Wald, Landkreis Hof, Bayern, Deutschland
SCHAFHOF	Schafhof	2	Straße	Straße in Bad Steben, Landkreis Hof, Bayern, Deutschland
SCHLEEKNOCK	Schleeknock	2	Straße	Straße in Bad Steben, Landkreis Hof, Bayern, Deutschland
SCHOENEAUSSICHT	Schöne Aussicht	2	Straße	Straße in Bad Steben, Landkreis Hof, Bayern, Deutschland
MUEHLLEITHEN	Mühlleithen	2	Straße	Straße in Geroldsgrün, Landkreis Hof, Bayern, Deutschland
DORSCHENMUEHLE	Dorschenmühle	2	Straße	Straße in Lichtenberg, Landkreis Hof, Bayern, Deutschland
SELBITZMUEHLE	Selbitzmühle	2	Straße	Straße und Adressbestandteil in Lichtenberg, Landkreis Hof, Bayern, Deutschland
FURTTALSTRASSE	Furttalstrasse	2	Straße	Strasse in der Schweiz
LAUSENHOF	Lausenhof	2	Straße	Straße und Landschaftsschutzgebiet in Hof (Saale), Oberfranken, Bayern, Deutschland
TRPINJSKACESTA	Trpinjska cesta	2	Straße	Straße in Borovo Naselje, einem Vorort der Stadt Vukovar in Kroatien
OLYMPIASTRASSE	Olympiastraße	2	Straße	Verbindungsstraße zwischen München und Garmisch-Partenkirchen
HENRIETTENLUST	Henriettenlust	2	Straße	Straße in Regnitzlosau, Landkreis Hof, Oberfranken, Bayern, Deutschland
HINTERPREX	Hinterprex	2	Straße	Straße in Regnitzlosau, Landkreis Hof, Oberfranken, Bayern, Deutschland
NEUSTADTSUED	Neustadt Süd	2	Ort	Quartier der Stadt Biel/Bienne im Kanton Bern, Schweiz
FUNKERBERG	Funkerberg	2	Ort	"Wiege des deutschen Rundfunks" bei Königs Wusterhausen
KLEINESCHANZE	Kleine Schanze	2	Ort	historische Wallanlage und Park in der Stadt Bern, Schweiz
MARZILIBAD	Marzilibad	2	Ort	Freibad an der Aare in der Stadt Bern, Schweiz
NRWNORDPUNKT	NRW-Nordpunkt	2	Ort	nördlichster Punkt des Landes Nordrhein-Westfalen
BIELERALTSTADT	Bieler Altstadt	2	Ort	Quartier der Stadt Biel/Bienne im Kanton Bern, Schweiz
CHAMPAGNE	Champagne	2	Ort	Quartier der Stadt Biel/Bienne im Kanton Bern, Schweiz
BARWNAGRA	Barwna Góra	2	Ort	Berggipfel in Polen
NEUSTADTNORD	Neustadt Nord	2	Ort	Quartier der Stadt Biel/Bienne im Kanton Bern, Schweiz
GAMENGRUND	Gamengrund	2	Ort	Glaziale Rinne, die die Grundmoränenfläche des Barnim zerschneidet, südlich von Eberswalde bis Hirschfelde
KELDUHVERFI	Kelduhverfi	2	Ort	Gebiet im Nordosten Islands
LACHEN	Lachen	2	Ort	Quartier der Stadt St. Gallen, Schweiz
PANNERDENSEKOP	Pannerdense Kop	2	Ort	Stelle, an der sich der Rhein in die Waal und den Pannerdens-Kanal teilt
NIEDERGOERNE	Niedergörne	2	Ort	devastierter Ort bei Arneburg
INNENSTADT	Innenstadt	2	Ort	Quartiergruppe der Stadt St. Gallen, Schweiz
HOLUSTEI	Holustei	2	Ort	Flurname im Turtmanntal.
LINHAVERDE	Linha Verde	1	Straße	Autobahn in Bahia
NUEXHAUSEN	Nüxhausen	1	Straße	Straße im Burscheider Stadtteil Hilgen
FRANKFURTERWEG	Frankfurter Weg	1	Straße	historische Fernstraße zwischen Frankfurt und Bremen
BADENSTRASSE	Badenstraße	1	Straße	Straße in Stralsund
GOOMBALAROAD	Goombala Road	1	Straße	Straße in Australien
OWIIIA	OWIIIa	1	Straße	autobahnähnliche Verbindungsstraße in Dortmund
OBSTMARSCHENWEG	Obstmarschenweg	1	Straße	Wanderweg
GRAZERSTRASSE	Grazer Straße	1	Straße	Straße in Österreich
HAUSRUCKSTRASSE	Hausruck Straße	1	Straße	Straße in Österreich
SULMTALSTRASSE	Sulmtal Straße	1	Straße	Straße in Österreich
EAGLEHIGHWAY	Eagle Highway	1	Straße	Outbackpiste in Westaustralien
FASCHINASTRASSE	Faschina Straße	1	Straße	österreichische Straße
EISENSTRASSE	Eisen Straße	1	Straße	Straße in Österreich
NORDTANGENTE	Nordtangente	1	Straße	Straße in Deutschland
FREILANDSTRASSE	Freilandstraße	1	Straße	Straße außerhalb von Ortsgebieten in Österreich
TRANSITWEG	Transitweg	1	Straße	Altstraße in Schleswig-Holstein
JENKINSTRACK	Jenkins Track	1	Straße	Outbackpiste in Westaustralien
SAUWALDSTRASSE	Sauwald Straße	1	Straße	Straße in Österreich
EXTERTALSTRASSE	Extertalstraße	1	Straße	Straße in Niedersachsen und Nordrhein-Westfalen
GURKTALSTRASSE	Gurktal Straße	1	Straße	Straße in Österreich
HEATHERHIGHWAY	Heather Highway	1	Straße	Outbackpiste in Westaustralien
WEYERERSTRASSE	Weyerer Straße	1	Straße	Straße in Österreich
LANGEMEIL	Lange Meil	1	Straße	Straßenabschnitt bei Limburg an der Lahn, Hessen
LINDENWEG	Lindenweg	1	Straße	historische, vermutlich vorrömische Altstraße, die von der Mündung der Nidda in den Main bei Höchst zum Taunus-Übergang am Saalburg-Sattel führte
RIEDERSTRASSE	Rieder Straße	1	Straße	Straße in Österreich
SUBENERSTRASSE	Subener Straße	1	Straße	Straße in Österreich
HAFENQUERSPANGE	Hafenquerspange	1	Straße	Geplante Autobahnstrecke in Hamburg
LOOP	Loop	1	Straße	Freizeitrundkurs für Radfahrer, Jogger, Skater und Fußgänger in den Hamburger Stadtteilen Wilhelmsburg und Veddel
BOEHMERSTRASSE	Böhmerstraße	1	Straße	Straße in Wittlich, Deutschland
HOCHSTRASSE	Hochstraße	1	Straße	Straße in Kamen im Verlauf der B 233
KANALSTRASSE	Kanalstraße	1	Straße	vierspurige aber nicht kreuzungsfrei ausgebaute Außerortsstraße in Salzgitter
DAMMFELDSTRASSE	Dammfeldstraße	1	Straße	Straße in Aligse in der Region Hannover
WILHELMINENHOEH	Wilhelminenhöh	1	Straße	Straße in Kappeln an der Schlei im Bundesland Schleswig-Holstein
KLEINESTRASSE	Kleine Straße	1	Straße	frühere Handelsstraße in Sachsen
FREDERICKSTREET	Frederick Street	1	Straße	Straße in Port of Spain (Trinidad und Tobago)
MARTINSUFER	Martinsufer	1	Straße	Straße in Trier, Rheinland-Pfalz
MJAFJARARVEGUR	Mjóafjarðarvegur	1	Straße	Straße im Osten von Island
WEINSTRASSE	Weinstraße	1	Straße	Handelsstraße von der Mosel zur Nahe
KOLLAFJARARHEII	Kollafjarðarheiði	1	Straße	Hochlandstraße in Island
PAPIERGRABEN	Papiergraben	1	Straße	Anliegerstraße bzw. ein Feld- und Waldweg im Stadtteil Oberweimar-Ehringsdorf von Weimar
HINTERTRAGHEIM	Hintertragheim	1	Straße	Straße in Königsberg (Preußen)
LIEBFRAUENRING	Liebfrauenring	1	Straße	Wohnstraße in Worms, Rheinland-Pfalz
KAISERSTRASSE	Kaiserstraße	1	Straße	historische Höhenstraße im nördlichen Schurwald
TAIWANSTRASSE	Taiwanstraße	1	Straße	Straße in Peking, Volksrepublik China
IFFLANDSTRASSE	Ifflandstraße	1	Straße	Straße in München
BUCHECKMUEHLE	Bucheckmühle	1	Straße	Straße in Stammbach, Landkreis Hof, Oberfranken, Bayern, Deutschland
NARELLANROAD	Narellan Road	1	Straße	Straße in Australien
STEINLACHTAL	Steinlachtal	1	Ort	Gebiet im Landkreis Tübingen in Baden-Württemberg, benannt nach dem Fluss Steinlach
HARRASSAGE	Harrassage	1	Ort	Sage im Zschopaugebiet
HITZEPOL	Hitzepol	1	Ort	Gebiet mit den höchsten (gemessenen) Temperaturen eines Planeten
LINKSRHEINISCH	Linksrheinisch	1	Ort	deutsches Gebiet westlich des Rheins
MADRETSCHNORD	Madretsch Nord	1	Ort	Quartier der Stadt Biel/Bienne im Kanton Bern, Schweiz
MADRETSCHSUED	Madretsch Süd	1	Ort	Quartier der Stadt Biel/Bienne im Kanton Bern, Schweiz
ANNAKREUZ	Annakreuz	1	Ort	Ort an einem Höhenweg in Niederösterreich
PENGLAITAN	Penglaitan	1	Ort	Lokalität im Kreis Laibin im Autonomen Gebiet Guangxi in Südchina
BOESERORT	Böser Ort	1	Ort	Biegung der unteren Mittelelbe
EASTBELFAST	East Belfast	1	Ort	Stadtteil von Belfast, Nordirland, Vereinigtes Königreich
STUECKGUT	Stückgut	1	Ort	Wüstung in Bayern
APOTE	Apote	1	Ort	
WACHTPOSTEN	Wachtposten	1	Ort	Kontrollstelle und Sicherung mit einer Überwachung
WUESTEFELD	Wüstefeld	1	Ort	als Wohnplatz bezeichneter Weiler in der Gemarkung von Atzelrode, einem Stadtteil von Rotenburg an der Fulda im nordhessischen Landkreis Hersfeld-Rotenburg
AMODJAR	Amodjar	1	Ort	Ort in Mauretanien
